ORDERNUMBER,QUANTITYORDERED,PRICEEACH,ORDERLINENUMBER,SALES,ORDERDATE,STATUS,QTR_ID,MONTH_ID,YEAR_ID,PRODUCTLINE,MSRP,PRODUCTCODE,CATEGORY,SUBCATEGORY,CUSTOMERNAME,PHONE,ADDRESSLINE1,ADDRESSLINE2,CITY,STATE,POSTALCODE,COUNTRY,TERRITORY,CONTACTLASTNAME,CONTACTFIRSTNAME,DEALSIZE,PAYMENTFULLNAME,FLAG,WORTH,YEAR_BIRTH,name,age,city
10181.0,21.0,100.0,5.0,3286.08,11/12/2003,Shipped,Qui_4,11.0,2003.0,Classic Cars,142.0,S18_1984,Furniture,Bookshelf,Herkku Gifts,+47 2267 3215,"Drammen 121, PR 744 Sentrum",Unknown,Bergen,,N 5804,Norway,EMEA,Oeztan,Veysel,Medium,Oeztan Veysel,EXPENSIVE,GOOD,1977.0,,,
10178.0,34.0,96.86,8.0,3293.24,11/8/2003,Shipped,Qui_4,11.0,2003.0,Ships,90.0,S700_2047,Technology,Tablet,Alpha Cognac,61.77.6555,1 rue Alsace-Lorraine,Unknown,Toulouse,,31000,France,EMEA,Roulet,Annette,Medium,Roulet Annette,EXPENSIVE,GOOD,1986.0,,,
10177.0,50.0,100.0,7.0,6083.0,11/7/2003,Shipped,Qui_4,11.0,2003.0,Ships,122.0,S24_2011,Office Supplies,Pen,CAF Imports,+34 913 728 555,"Merchants House, 27-30 Merchant's Quay",Unknown,Madrid,,28023,Spain,EMEA,Fernandez,Jesus,Medium,Fernandez Jesus,EXPENSIVE,EXCELLENT,1960.0,,,
10259.0,27.0,100.0,8.0,3657.69,6/15/2004,Shipped,Qui_2,6.0,2004.0,Classic Cars,169.0,S18_3232,Furniture,Table,Handji Gifts& Co,+65 224 1555,Village Close - 106 Linden Road Sandown,2nd Floor,Singapore,,69045,Singapore,APAC,Victorino,Wendy,Medium,Victorino Wendy,EXPENSIVE,GOOD,1987.0,,,
10139.0,41.0,100.0,8.0,7956.46,7/16/2003,Shipped,Qui_3,7.0,2003.0,Vintage Cars,168.0,S18_2795,Furniture,Bookshelf,Souveniers And Things Co.,+61 2 9495 8555,"Monitor Money Building, 815 Pacific Hwy",Level 6,Chatswood,NSW,2067,Australia,APAC,Huxley,Adrian,Large,Huxley Adrian,EXPENSIVE,GOOD,1960.0,,,
10235.0,40.0,81.14,4.0,3245.6,4/2/2004,Shipped,Qui_2,4.0,2004.0,Planes,72.0,S24_4278,Office Supplies,Eraser,"Royal Canadian Collectables, Ltd.",(604) 555-4555,23 Tsawassen Blvd.,Unknown,Tsawassen,BC,T2F 8M4,Canada,,Lincoln,Elizabeth,Medium,Lincoln Elizabeth,EXPENSIVE,GOOD,2000.0,,,
10228.0,31.0,100.0,4.0,3181.53,3/10/2004,Shipped,Qui_1,3.0,2004.0,Vintage Cars,104.0,S18_3136,Furniture,Table,Cambridge Collectables Co.,6175555555,4658 Baden Av.,Unknown,Cambridge,MA,51247,USA,,Tseng,Kyung,Medium,Tseng Kyung,EXPENSIVE,GOOD,1979.0,,,
10310.0,42.0,67.14,16.0,2819.88,10/16/2004,Shipped,Qui_4,10.0,2004.0,Motorcycles,62.0,S18_3782,Furniture,Bookshelf,"Toms Spezialitten, Ltd",0221-5554327,Mehrheimerstr. 369,Unknown,Koln,,50739,Germany,EMEA,Pfalzheim,Henriette,Small,Pfalzheim Henriette,EXPENSIVE,GOOD,1983.0,,,
10111.0,28.0,64.33,2.0,1801.24,3/25/2003,Shipped,Qui_1,3.0,2003.0,Vintage Cars,62.0,S18_2957,Furniture,Desk,Mini Wheels Co.,6505555787,5557 North Pendale Street,Unknown,San Francisco,CA,,USA,,Murphy,Julie,Small,Murphy Julie,CHEAP,GOOD,1972.0,,,
10316.0,47.0,76.93,11.0,3615.71,11/1/2004,Shipped,Qui_4,11.0,2004.0,Vintage Cars,65.0,S24_3420,Office Supplies,Lamp,giftsbymail.co.uk,(198) 555-8888,Garden House Crowther Way,Unknown,Cowes,Isle of Wight,PO31 7PJ,UK,EMEA,Bennett,Helen,Medium,Bennett Helen,EXPENSIVE,GOOD,1992.0,,,
10412.0,31.0,100.0,1.0,4253.2,5/3/2005,Shipped,Qui_2,5.0,2005.0,Classic Cars,118.0,S24_4048,Office Supplies,Pencil,Euro Shopping Channel,(91) 555 94 44,"C/ Moralzarzal, 86",Unknown,Madrid,,28034,Spain,EMEA,Freyre,Diego,Medium,Freyre Diego,EXPENSIVE,GOOD,1973.0,,,
10180.0,41.0,100.0,11.0,8892.9,11/11/2003,Shipped,Qui_4,11.0,2003.0,Motorcycles,193.0,S10_4698,Furniture,Bookshelf,Daedalus Designs Imports,20.16.1555,"184, chausse de Tournai",Unknown,Lille,,59000,France,EMEA,Rance,Martine,Large,Rance Martine,EXPENSIVE,GOOD,1993.0,,,
10108.0,30.0,63.07,5.0,1892.1,3/3/2003,Shipped,Qui_1,3.0,2003.0,Classic Cars,61.0,S24_3371,Office Supplies,Eraser,Cruz & Sons Co.,+63 2 555 3587,15 McCallum Street - NatWest Center #13-03,Unknown,Makati City,,1227 MM,Philippines,Japan,Cruz,Arnold,Small,Cruz Arnold,CHEAP,GOOD,1996.0,,,
10273.0,22.0,100.0,11.0,2784.76,7/21/2004,Shipped,Qui_3,7.0,2004.0,Ships,122.0,S24_2011,Office Supplies,Pen,Petit Auto,(02) 5554 67,Rue Joseph-Bens 532,Unknown,Bruxelles,,B-1180,Belgium,EMEA,Dewey,Catherine,Small,Dewey Catherine,EXPENSIVE,GOOD,1990.0,,,
10374.0,42.0,69.27,2.0,2909.34,2/2/2005,Shipped,Qui_1,2.0,2005.0,Planes,84.0,S18_2581,Furniture,Bookshelf,"Australian Gift Network, Co",61-7-3844-6555,31 Duncan St. West End,Unknown,South Brisbane,Queensland,4101,Australia,APAC,Calaghan,Tony,Small,Calaghan Tony,EXPENSIVE,GOOD,1972.0,,,
10210.0,23.0,100.0,2.0,3009.09,1/12/2004,Shipped,Qui_1,1.0,2004.0,Motorcycles,118.0,S10_2016,Furniture,Chair,Osaka Souveniers Co.,+81 06 6342 5555,"Dojima Avanza 4F, 1-6-20 Dojima, Kita-ku",Unknown,Osaka,Osaka,530-0003,Japan,Japan,Kentary,Mory,Medium,Kentary Mory,EXPENSIVE,GOOD,1969.0,,,
10165.0,38.0,66.78,5.0,2537.64,10/22/2003,Shipped,Qui_4,10.0,2003.0,Trains,58.0,S50_1514,Accessories,Headphone,"Dragon Souveniers, Ltd.",+65 221 7555,"Bronz Sok., Bronz Apt. 3/6 Tesvikiye",Unknown,Singapore,,79903,Singapore,Japan,Natividad,Eric,Small,Natividad Eric,EXPENSIVE,GOOD,1999.0,,,
10167.0,24.0,100.0,13.0,2812.8,10/23/2003,Cancelled,Qui_4,10.0,2003.0,Ships,100.0,S700_3505,Technology,Laptop,Scandinavian Gift Ideas,0695-34 6555,?kergatan 24,Unknown,Boras,,S-844 67,Sweden,EMEA,Larsson,Maria,Small,Larsson Maria,EXPENSIVE,GOOD,1976.0,,,
10227.0,24.0,48.38,5.0,1161.12,3/2/2004,Shipped,Qui_1,3.0,2004.0,Vintage Cars,44.0,S24_2022,Office Supplies,Lamp,"Saveley & Henriot, Co.",78.32.5555,"2, rue du Commerce",Unknown,Lyon,,69004,France,EMEA,Saveley,Mary,Small,Saveley Mary,CHEAP,GOOD,2000.0,,,
10296.0,21.0,71.25,8.0,1496.25,9/15/2004,Shipped,Qui_3,9.0,2004.0,Planes,68.0,S24_2841,Office Supplies,Pencil,"Bavarian Collectables Imports, Co.",+49 89 61 08 9555,Hansastr. 15,Unknown,Munich,,80686,Germany,EMEA,Donnermeyer,Michael,Small,Donnermeyer Michael,EXPENSIVE,GOOD,1965.0,,,
10355.0,38.0,39.83,10.0,1513.54,12/7/2004,Shipped,Qui_4,12.0,2004.0,Motorcycles,40.0,S32_2206,Office Supplies,Pen,Euro Shopping Channel,(91) 555 94 44,"C/ Moralzarzal, 86",Unknown,Madrid,,28034,Spain,EMEA,Freyre,Diego,Small,Freyre Diego,CHEAP,GOOD,1994.0,,,
10288.0,50.0,52.32,13.0,2616.0,9/1/2004,Shipped,Qui_3,9.0,2004.0,Classic Cars,50.0,S24_1628,Office Supplies,Lamp,Handji Gifts& Co,+65 224 1555,Village Close - 106 Linden Road Sandown,2nd Floor,Singapore,,69045,Singapore,APAC,Victorino,Wendy,Small,Victorino Wendy,CHEAP,EXCELLENT,1984.0,,,
10292.0,50.0,46.53,10.0,2326.5,9/8/2004,Shipped,Qui_3,9.0,2004.0,Trucks and Buses,54.0,S32_2509,Office Supplies,Pen,Land of Toys Inc.,2125557818,897 Long Airport Avenue,Unknown,NYC,NY,10022,USA,,Yu,Kwai,Small,Yu Kwai,CHEAP,EXCELLENT,1971.0,,,
10416.0,32.0,87.6,1.0,2803.2,5/10/2005,Shipped,Qui_2,5.0,2005.0,Motorcycles,76.0,S24_2000,Office Supplies,Pen,L'ordine Souveniers,0522-556555,Strada Provinciale 124,Unknown,Reggio Emilia,,42100,Italy,EMEA,Moroni,Maurizio,Small,Moroni Maurizio,EXPENSIVE,GOOD,1993.0,,,
10403.0,27.0,79.65,4.0,2150.55,4/8/2005,Shipped,Qui_2,4.0,2005.0,Motorcycles,69.0,S24_2360,Office Supplies,Eraser,"UK Collectables, Ltd.",(171) 555-2282,Berkeley Gardens 12  Brewery,Unknown,Liverpool,,WX1 6LT,UK,EMEA,Devon,Elizabeth,Small,Devon Elizabeth,EXPENSIVE,GOOD,1982.0,,,
10386.0,50.0,87.15,16.0,4357.5,3/1/2005,Resolved,Qui_1,3.0,2005.0,Planes,49.0,S72_1253,Accessories,Keyboard,Euro Shopping Channel,(91) 555 94 44,"C/ Moralzarzal, 86",Unknown,Madrid,,28034,Spain,EMEA,Freyre,Diego,Medium,Freyre Diego,EXPENSIVE,EXCELLENT,1988.0,,,
10248.0,30.0,100.0,5.0,3053.7,5/7/2004,Cancelled,Qui_2,5.0,2004.0,Vintage Cars,88.0,S24_3151,Office Supplies,Pencil,Land of Toys Inc.,2125557818,897 Long Airport Avenue,Unknown,NYC,NY,10022,USA,,Yu,Kwai,Medium,Yu Kwai,EXPENSIVE,GOOD,1993.0,,,
10137.0,31.0,100.0,4.0,5124.3,7/10/2003,Shipped,Qui_3,7.0,2003.0,Classic Cars,141.0,S18_3685,Furniture,Bookshelf,Reims Collectables,26.47.1555,59 rue de l'Abbaye,Unknown,Reims,,51100,France,EMEA,Henriot,Paul,Medium,Henriot Paul,EXPENSIVE,GOOD,1994.0,,,
10175.0,42.0,85.98,11.0,3611.16,11/6/2003,Shipped,Qui_4,11.0,2003.0,Classic Cars,101.0,S700_2824,Technology,Desktop,"Stylish Desk Decors, Co.",(171) 555-0297,35 King George,Unknown,London,,WX3 6FW,UK,EMEA,Brown,Ann,Medium,Brown Ann,EXPENSIVE,GOOD,1966.0,,,
10235.0,33.0,60.05,12.0,1981.65,4/2/2004,Shipped,Qui_2,4.0,2004.0,Planes,68.0,S24_3949,Office Supplies,Pencil,"Royal Canadian Collectables, Ltd.",(604) 555-4555,23 Tsawassen Blvd.,Unknown,Tsawassen,BC,T2F 8M4,Canada,,Lincoln,Elizabeth,Small,Lincoln Elizabeth,CHEAP,GOOD,1964.0,,,
10351.0,34.0,59.37,3.0,2018.58,12/3/2004,Shipped,Qui_4,12.0,2004.0,Planes,68.0,S24_3949,Office Supplies,Pencil,"Stylish Desk Decors, Co.",(171) 555-0297,35 King George,Unknown,London,,WX3 6FW,UK,EMEA,Brown,Ann,Small,Brown Ann,CHEAP,GOOD,1968.0,,,
10305.0,28.0,100.0,12.0,3155.04,10/13/2004,Shipped,Qui_4,10.0,2004.0,Trucks and Buses,96.0,S32_1268,Office Supplies,Eraser,Marta's Replicas Co.,6175558555,39323 Spinnaker Dr.,Unknown,Cambridge,MA,51247,USA,,Hernandez,Marta,Medium,Hernandez Marta,EXPENSIVE,GOOD,1971.0,,,
10195.0,27.0,100.0,5.0,5128.11,11/25/2003,Shipped,Qui_4,11.0,2003.0,Classic Cars,163.0,S18_2238,Furniture,Table,Mini Classics,9145554562,3758 North Pendale Street,Unknown,White Plains,NY,24067,USA,,Frick,Steve,Medium,Frick Steve,EXPENSIVE,GOOD,1994.0,,,
10324.0,38.0,100.0,6.0,6832.02,11/5/2004,Shipped,Qui_4,11.0,2004.0,Vintage Cars,50.0,S18_4668,Furniture,Cabinet,Vitachrome Inc.,2125551500,2678 Kingston Rd.,Suite 101,NYC,NY,10022,USA,,Frick,Michael,Medium,Frick Michael,EXPENSIVE,GOOD,1992.0,,,
10358.0,49.0,55.34,5.0,2711.66,12/10/2004,Shipped,Qui_4,12.0,2004.0,Classic Cars,151.0,S12_3148,Furniture,Desk,Euro Shopping Channel,(91) 555 94 44,"C/ Moralzarzal, 86",Unknown,Madrid,,28034,Spain,EMEA,Freyre,Diego,Small,Freyre Diego,CHEAP,GOOD,1997.0,,,
10287.0,36.0,39.65,6.0,1427.4,8/30/2004,Shipped,Qui_3,8.0,2004.0,Classic Cars,37.0,S24_2972,Office Supplies,Eraser,"Vida Sport, Ltd",0897-034555,Grenzacherweg 237,Unknown,Gensve,,1203,Switzerland,EMEA,Holz,Michael,Small,Holz Michael,CHEAP,GOOD,1988.0,,,
10159.0,41.0,100.0,2.0,8296.35,10/10/2003,Shipped,Qui_4,10.0,2003.0,Classic Cars,194.0,S12_1099,Furniture,Bookshelf,Corporate Gift Ideas Co.,6505551386,7734 Strong St.,Unknown,San Francisco,CA,,USA,,Brown,Julie,Large,Brown Julie,EXPENSIVE,GOOD,1988.0,,,
10369.0,42.0,100.0,1.0,4581.36,1/20/2005,Shipped,Qui_1,1.0,2005.0,Vintage Cars,101.0,S18_2949,Furniture,Desk,Collectables For Less Inc.,6175558555,7825 Douglas Av.,Unknown,Brickhaven,MA,58339,USA,,Nelson,Allen,Medium,Nelson Allen,EXPENSIVE,GOOD,1989.0,,,
10266.0,29.0,100.0,7.0,4812.55,7/6/2004,Shipped,Qui_3,7.0,2004.0,Classic Cars,169.0,S18_3232,Furniture,Table,L'ordine Souveniers,0522-556555,Strada Provinciale 124,Unknown,Reggio Emilia,,42100,Italy,EMEA,Moroni,Maurizio,Medium,Moroni Maurizio,EXPENSIVE,GOOD,1994.0,,,
10346.0,26.0,95.88,6.0,2492.88,11/29/2004,Shipped,Qui_4,11.0,2004.0,Classic Cars,107.0,S24_3432,Office Supplies,Lamp,Signal Gift Stores,7025551838,8489 Strong St.,Unknown,Las Vegas,NV,83030,USA,,King,Sue,Small,King Sue,EXPENSIVE,GOOD,1985.0,,,
10224.0,38.0,58.44,1.0,2220.72,2/21/2004,Shipped,Qui_1,2.0,2004.0,Motorcycles,62.0,S18_3782,Furniture,Bookshelf,Daedalus Designs Imports,20.16.1555,"184, chausse de Tournai",Unknown,Lille,,59000,France,EMEA,Rance,Martine,Small,Rance Martine,CHEAP,GOOD,1996.0,,,
10186.0,26.0,100.0,9.0,3854.24,11/14/2003,Shipped,Qui_4,11.0,2003.0,Classic Cars,136.0,S10_4757,Furniture,Desk,"Double Decker Gift Stores, Ltd",(171) 555-7555,120 Hanover Sq.,Unknown,London,,WA1 1DP,UK,EMEA,Hardy,Thomas,Medium,Hardy Thomas,EXPENSIVE,GOOD,1963.0,,,
10217.0,21.0,100.0,3.0,2244.9,2/4/2004,Shipped,Qui_1,2.0,2004.0,Trucks and Buses,96.0,S32_1268,Office Supplies,Eraser,Handji Gifts& Co,+65 224 1555,Village Close - 106 Linden Road Sandown,2nd Floor,Singapore,,69045,Singapore,APAC,Victorino,Wendy,Small,Victorino Wendy,EXPENSIVE,GOOD,1988.0,,,
10194.0,39.0,54.94,7.0,2142.66,11/25/2003,Shipped,Qui_4,11.0,2003.0,Trucks and Buses,64.0,S32_3522,Office Supplies,Lamp,"Saveley & Henriot, Co.",78.32.5555,"2, rue du Commerce",Unknown,Lyon,,69004,France,EMEA,Saveley,Mary,Small,Saveley Mary,CHEAP,GOOD,1977.0,,,
10182.0,44.0,69.84,12.0,3072.96,11/12/2003,Shipped,Qui_4,11.0,2003.0,Classic Cars,71.0,S18_4933,Furniture,Table,Mini Gifts Distributors Ltd.,4155551450,5677 Strong St.,Unknown,San Rafael,CA,97562,USA,,Nelson,Valarie,Medium,Nelson Valarie,EXPENSIVE,GOOD,1988.0,,,
10291.0,37.0,50.59,14.0,1871.83,9/8/2004,Shipped,Qui_3,9.0,2004.0,Vintage Cars,62.0,S18_2957,Furniture,Desk,Scandinavian Gift Ideas,0695-34 6555,?kergatan 24,Unknown,Boras,,S-844 67,Sweden,EMEA,Larsson,Maria,Small,Larsson Maria,CHEAP,GOOD,1964.0,,,
10212.0,41.0,82.31,3.0,3374.71,1/16/2004,Shipped,Qui_1,1.0,2004.0,Classic Cars,73.0,S24_1046,Office Supplies,Pencil,Euro Shopping Channel,(91) 555 94 44,"C/ Moralzarzal, 86",Unknown,Madrid,,28034,Spain,EMEA,Freyre,Diego,Medium,Freyre Diego,EXPENSIVE,GOOD,1967.0,,,
10338.0,45.0,100.0,2.0,5526.45,11/22/2004,Shipped,Qui_4,11.0,2004.0,Vintage Cars,105.0,S18_3856,Furniture,Desk,Royale Belge,(071) 23 67 2555,"Boulevard Tirou, 255",Unknown,Charleroi,,B-6000,Belgium,EMEA,Cartrain,Pascale,Medium,Cartrain Pascale,EXPENSIVE,GOOD,1983.0,,,
10353.0,27.0,100.0,1.0,3515.67,12/4/2004,Shipped,Qui_4,12.0,2004.0,Planes,84.0,S18_2581,Furniture,Bookshelf,Gift Ideas Corp.,2035554407,2440 Pompton St.,Unknown,Glendale,CT,97561,USA,,Lewis,Dan,Medium,Lewis Dan,EXPENSIVE,GOOD,1978.0,,,
10296.0,21.0,45.19,10.0,948.99,9/15/2004,Shipped,Qui_3,9.0,2004.0,Planes,49.0,S72_1253,Accessories,Keyboard,"Bavarian Collectables Imports, Co.",+49 89 61 08 9555,Hansastr. 15,Unknown,Munich,,80686,Germany,EMEA,Donnermeyer,Michael,Small,Donnermeyer Michael,CHEAP,GOOD,1999.0,,,
10232.0,48.0,95.8,8.0,4598.4,3/20/2004,Shipped,Qui_1,3.0,2004.0,Trains,100.0,S18_3259,Furniture,Desk,giftsbymail.co.uk,(198) 555-8888,Garden House Crowther Way,Unknown,Cowes,Isle of Wight,PO31 7PJ,UK,EMEA,Bennett,Helen,Medium,Bennett Helen,EXPENSIVE,GOOD,1998.0,,,
10321.0,21.0,89.95,4.0,1888.95,11/4/2004,Shipped,Qui_4,11.0,2004.0,Classic Cars,107.0,S24_3432,Office Supplies,Lamp,FunGiftIdeas.com,5085552555,1785 First Street,Unknown,New Bedford,MA,50553,USA,,Benitez,Violeta,Small,Benitez Violeta,EXPENSIVE,GOOD,1984.0,,,
10204.0,48.0,91.02,11.0,4368.96,12/2/2003,Shipped,Qui_4,12.0,2003.0,Classic Cars,107.0,S24_3432,Office Supplies,Lamp,Muscle Machine Inc,2125557413,4092 Furth Circle,Suite 400,NYC,NY,10022,USA,,Young,Jeff,Medium,Young Jeff,EXPENSIVE,GOOD,1992.0,,,
10420.0,36.0,63.57,4.0,2288.52,5/29/2005,In Process,Qui_2,5.0,2005.0,Vintage Cars,60.0,S18_2248,Furniture,Desk,Souveniers And Things Co.,+61 2 9495 8555,"Monitor Money Building, 815 Pacific Hwy",Level 6,Chatswood,NSW,2067,Australia,APAC,Huxley,Adrian,Small,Huxley Adrian,CHEAP,GOOD,1969.0,,,
10334.0,42.0,100.0,5.0,5528.04,11/19/2004,On Hold,Qui_4,11.0,2004.0,Trucks and Buses,127.0,S24_2300,Office Supplies,Pen,"Volvo Model Replicas, Co",0921-12 3555,Berguvsv„gen  8,Unknown,Lule,,S-958 22,Sweden,EMEA,Berglund,Christina,Medium,Berglund Christina,EXPENSIVE,GOOD,1988.0,,,
10386.0,30.0,95.48,3.0,2864.4,3/1/2005,Resolved,Qui_1,3.0,2005.0,Ships,99.0,S700_3962,Technology,Smart watch,Euro Shopping Channel,(91) 555 94 44,"C/ Moralzarzal, 86",Unknown,Madrid,,28034,Spain,EMEA,Freyre,Diego,Small,Freyre Diego,EXPENSIVE,GOOD,1973.0,,,
10221.0,39.0,89.53,2.0,3491.67,2/18/2004,Shipped,Qui_1,2.0,2004.0,Vintage Cars,87.0,S18_4522,Furniture,Table,Petit Auto,(02) 5554 67,Rue Joseph-Bens 532,Unknown,Bruxelles,,B-1180,Belgium,EMEA,Dewey,Catherine,Medium,Dewey Catherine,EXPENSIVE,GOOD,2000.0,,,
10215.0,49.0,100.0,5.0,5285.14,1/29/2004,Shipped,Qui_1,1.0,2004.0,Vintage Cars,104.0,S18_3136,Furniture,Table,West Coast Collectables Co.,3105553722,3675 Furth Circle,Unknown,Burbank,CA,94019,USA,,Thompson,Steve,Medium,Thompson Steve,EXPENSIVE,GOOD,1998.0,,,
10336.0,33.0,57.22,10.0,1888.26,11/20/2004,Shipped,Qui_4,11.0,2004.0,Classic Cars,207.0,S12_1108,Furniture,Chair,"La Corne D'abondance, Co.",(1) 42.34.2555,"265, boulevard Charonne",Unknown,Paris,,75012,France,EMEA,Bertrand,Marie,Small,Bertrand Marie,CHEAP,GOOD,1988.0,,,
10197.0,41.0,100.0,13.0,4534.6,11/26/2003,Shipped,Qui_4,11.0,2003.0,Ships,122.0,S24_2011,Office Supplies,Pen,Enaco Distributors,(93) 203 4555,"Rambla de Catalu¤a, 23",Unknown,Barcelona,,8022,Spain,EMEA,Saavedra,Eduardo,Medium,Saavedra Eduardo,EXPENSIVE,GOOD,1966.0,,,
10305.0,38.0,100.0,5.0,4773.18,10/13/2004,Shipped,Qui_4,10.0,2004.0,Trucks and Buses,118.0,S12_4473,Furniture,Cabinet,Marta's Replicas Co.,6175558555,39323 Spinnaker Dr.,Unknown,Cambridge,MA,51247,USA,,Hernandez,Marta,Medium,Hernandez Marta,EXPENSIVE,GOOD,1969.0,,,
10245.0,44.0,69.16,5.0,3043.04,5/4/2004,Shipped,Qui_2,5.0,2004.0,Trucks and Buses,64.0,S32_3522,Office Supplies,Lamp,Super Scale Inc.,2035559545,567 North Pendale Street,Unknown,New Haven,CT,97823,USA,,Murphy,Leslie,Medium,Murphy Leslie,EXPENSIVE,GOOD,1979.0,,,
10278.0,29.0,100.0,5.0,3754.05,8/6/2004,Shipped,Qui_3,8.0,2004.0,Classic Cars,142.0,S18_1984,Furniture,Bookshelf,Signal Gift Stores,7025551838,8489 Strong St.,Unknown,Las Vegas,NV,83030,USA,,King,Sue,Medium,King Sue,EXPENSIVE,GOOD,1968.0,,,
10126.0,42.0,54.99,17.0,2309.58,5/28/2003,Shipped,Qui_2,5.0,2003.0,Vintage Cars,53.0,S18_1367,Furniture,Cabinet,"Corrida Auto Replicas, Ltd",(91) 555 22 82,"C/ Araquil, 67",Unknown,Madrid,,28023,Spain,EMEA,Sommer,Mart¡n,Small,Sommer Mart¡n,CHEAP,GOOD,1967.0,,,
10285.0,45.0,100.0,13.0,5392.8,8/27/2004,Shipped,Qui_3,8.0,2004.0,Planes,118.0,S700_2834,Technology,Desktop,Marta's Replicas Co.,6175558555,39323 Spinnaker Dr.,Unknown,Cambridge,MA,51247,USA,,Hernandez,Marta,Medium,Hernandez Marta,EXPENSIVE,GOOD,2000.0,,,
10246.0,46.0,100.0,5.0,5069.66,5/5/2004,Shipped,Qui_2,5.0,2004.0,Trucks and Buses,118.0,S12_4473,Furniture,Cabinet,Euro Shopping Channel,(91) 555 94 44,"C/ Moralzarzal, 86",Unknown,Madrid,,28034,Spain,EMEA,Freyre,Diego,Medium,Freyre Diego,EXPENSIVE,GOOD,1980.0,,,
10146.0,29.0,100.0,1.0,4444.54,9/3/2003,Shipped,Qui_3,9.0,2003.0,Classic Cars,148.0,S18_4721,Furniture,Table,Gift Ideas Corp.,2035554407,2440 Pompton St.,Unknown,Glendale,CT,97561,USA,,Lewis,Dan,Medium,Lewis Dan,EXPENSIVE,GOOD,1986.0,,,
10211.0,48.0,48.98,1.0,2351.04,1/15/2004,Shipped,Qui_1,1.0,2004.0,Classic Cars,61.0,S24_3371,Office Supplies,Eraser,Auto Canal Petit,(1) 47.55.6555,"25, rue Lauriston",Unknown,Paris,,75016,France,EMEA,Perrier,Dominique,Small,Perrier Dominique,CHEAP,GOOD,1971.0,,,
10182.0,39.0,36.84,6.0,1436.76,11/12/2003,Shipped,Qui_4,11.0,2003.0,Vintage Cars,33.0,S24_1937,Office Supplies,Lamp,Mini Gifts Distributors Ltd.,4155551450,5677 Strong St.,Unknown,San Rafael,CA,97562,USA,,Nelson,Valarie,Small,Nelson Valarie,CHEAP,GOOD,1997.0,,,
10143.0,34.0,85.87,5.0,2919.58,8/10/2003,Shipped,Qui_3,8.0,2003.0,Planes,74.0,S700_4002,Technology,Laptop,Mini Creations Ltd.,5085559555,4575 Hillside Dr.,Unknown,New Bedford,MA,50553,USA,,Tam,Wing C,Small,Tam WingC,EXPENSIVE,GOOD,1986.0,,,
10349.0,48.0,47.4,4.0,2275.2,12/1/2004,Shipped,Qui_4,12.0,2004.0,Classic Cars,57.0,S24_1444,Office Supplies,Pencil,Muscle Machine Inc,2125557413,4092 Furth Circle,Suite 400,NYC,NY,10022,USA,,Young,Jeff,Small,Young Jeff,CHEAP,GOOD,1972.0,,,
10358.0,20.0,100.0,10.0,2428.0,12/10/2004,Shipped,Qui_4,12.0,2004.0,Classic Cars,163.0,S18_2238,Furniture,Table,Euro Shopping Channel,(91) 555 94 44,"C/ Moralzarzal, 86",Unknown,Madrid,,28034,Spain,EMEA,Freyre,Diego,Small,Freyre Diego,EXPENSIVE,GOOD,1966.0,,,
,,,,,,,,,,,,,,,,,,,,,,,,,,,,,,,Sue,21.0,Chicago
10122.0,42.0,100.0,10.0,7599.9,5/8/2003,Shipped,Qui_2,5.0,2003.0,Classic Cars,194.0,S12_1099,Furniture,Bookshelf,Marseille Mini Autos,91.24.4555,"12, rue des Bouchers",Unknown,Marseille,,13008,France,EMEA,Lebihan,Laurence,Large,Lebihan Laurence,EXPENSIVE,GOOD,1965.0,,,
10206.0,47.0,100.0,6.0,9064.89,12/5/2003,Shipped,Qui_4,12.0,2003.0,Classic Cars,214.0,S10_1949,Furniture,Desk,Canadian Gift Exchange Network,(604) 555-3392,1900 Oak St.,Unknown,Vancouver,BC,V3F 2K1,Canada,,Tannamuri,Yoshi,Large,Tannamuri Yoshi,EXPENSIVE,GOOD,1979.0,,,
10109.0,29.0,32.1,6.0,930.9,3/10/2003,Shipped,Qui_1,3.0,2003.0,Classic Cars,37.0,S24_2972,Office Supplies,Eraser,Motor Mint Distributors Inc.,2155559857,11328 Douglas Av.,Unknown,Philadelphia,PA,71270,USA,,Hernandez,Rosa,Small,Hernandez Rosa,CHEAP,GOOD,1971.0,,,
10267.0,44.0,96.74,4.0,4256.56,7/7/2004,Shipped,Qui_3,7.0,2004.0,Classic Cars,85.0,S24_3191,Office Supplies,Ruler,Muscle Machine Inc,2125557413,4092 Furth Circle,Suite 400,NYC,NY,10022,USA,,Young,Jeff,Medium,Young Jeff,EXPENSIVE,GOOD,1990.0,,,
10402.0,59.0,87.6,3.0,5168.4,4/7/2005,Shipped,Qui_2,4.0,2005.0,Motorcycles,76.0,S24_2000,Office Supplies,Pen,Auto Canal Petit,(1) 47.55.6555,"25, rue Lauriston",Unknown,Paris,,75016,France,EMEA,Perrier,Dominique,Medium,Perrier Dominique,EXPENSIVE,EXCELLENT,1974.0,,,
10340.0,55.0,79.98,8.0,4398.9,11/24/2004,Shipped,Qui_4,11.0,2004.0,Motorcycles,76.0,S24_2000,Office Supplies,Pen,Enaco Distributors,(93) 203 4555,"Rambla de Catalu¤a, 23",Unknown,Barcelona,,8022,Spain,EMEA,Saavedra,Eduardo,Medium,Saavedra Eduardo,EXPENSIVE,EXCELLENT,1993.0,,,
10401.0,42.0,76.03,3.0,3193.26,4/3/2005,On Hold,Qui_2,4.0,2005.0,Planes,84.0,S18_2581,Furniture,Bookshelf,Tekni Collectables Inc.,2015559350,7476 Moss Rd.,Unknown,Newark,NJ,94019,USA,,Brown,William,Medium,Brown William,EXPENSIVE,GOOD,1991.0,,,
10361.0,35.0,100.0,11.0,4277.35,12/17/2004,Shipped,Qui_4,12.0,2004.0,Planes,74.0,S700_4002,Technology,Laptop,Souveniers And Things Co.,+61 2 9495 8555,"Monitor Money Building, 815 Pacific Hwy",Level 6,Chatswood,NSW,2067,Australia,APAC,Huxley,Adrian,Medium,Huxley Adrian,EXPENSIVE,GOOD,1988.0,,,
10386.0,45.0,92.08,2.0,4143.6,3/1/2005,Resolved,Qui_1,3.0,2005.0,Ships,100.0,S700_3505,Technology,Laptop,Euro Shopping Channel,(91) 555 94 44,"C/ Moralzarzal, 86",Unknown,Madrid,,28034,Spain,EMEA,Freyre,Diego,Medium,Freyre Diego,EXPENSIVE,GOOD,1969.0,,,
10133.0,46.0,77.52,4.0,3565.92,6/27/2003,Shipped,Qui_2,6.0,2003.0,Planes,72.0,S24_4278,Office Supplies,Eraser,Euro Shopping Channel,(91) 555 94 44,"C/ Moralzarzal, 86",Unknown,Madrid,,28034,Spain,EMEA,Freyre,Diego,Medium,Freyre Diego,EXPENSIVE,GOOD,1965.0,,,
10347.0,48.0,100.0,9.0,4814.4,11/29/2004,Shipped,Qui_4,11.0,2004.0,Vintage Cars,101.0,S18_2949,Furniture,Desk,"Australian Collectors, Co.",03 9520 4555,636 St Kilda Road,Level 3,Melbourne,Victoria,3004,Australia,APAC,Ferguson,Peter,Medium,Ferguson Peter,EXPENSIVE,GOOD,1965.0,,,
10178.0,45.0,51.15,7.0,2301.75,11/8/2003,Shipped,Qui_4,11.0,2003.0,Planes,49.0,S72_1253,Accessories,Keyboard,Alpha Cognac,61.77.6555,1 rue Alsace-Lorraine,Unknown,Toulouse,,31000,France,EMEA,Roulet,Annette,Small,Roulet Annette,CHEAP,GOOD,1963.0,,,
10321.0,30.0,72.7,1.0,2181.0,11/4/2004,Shipped,Qui_4,11.0,2004.0,Classic Cars,90.0,S24_2766,Office Supplies,Eraser,FunGiftIdeas.com,5085552555,1785 First Street,Unknown,New Bedford,MA,50553,USA,,Benitez,Violeta,Small,Benitez Violeta,EXPENSIVE,GOOD,1999.0,,,
10273.0,33.0,71.09,12.0,2345.97,7/21/2004,Shipped,Qui_3,7.0,2004.0,Vintage Cars,87.0,S18_4522,Furniture,Table,Petit Auto,(02) 5554 67,Rue Joseph-Bens 532,Unknown,Bruxelles,,B-1180,Belgium,EMEA,Dewey,Catherine,Small,Dewey Catherine,EXPENSIVE,GOOD,1962.0,,,
10270.0,38.0,100.0,11.0,4775.08,7/19/2004,Shipped,Qui_3,7.0,2004.0,Vintage Cars,104.0,S18_3136,Furniture,Table,Souveniers And Things Co.,+61 2 9495 8555,"Monitor Money Building, 815 Pacific Hwy",Level 6,Chatswood,NSW,2067,Australia,APAC,Huxley,Adrian,Medium,Huxley Adrian,EXPENSIVE,GOOD,1964.0,,,
10258.0,20.0,61.41,2.0,1228.2,6/15/2004,Shipped,Qui_2,6.0,2004.0,Trucks and Buses,64.0,S32_3522,Office Supplies,Lamp,"Tokyo Collectables, Ltd",+81 3 3584 0555,2-2-8 Roppongi,Unknown,Minato-ku,Tokyo,106-0032,Japan,Japan,Shimamura,Akiko,Small,Shimamura Akiko,CHEAP,GOOD,1976.0,,,
10258.0,45.0,80.92,1.0,3641.4,6/15/2004,Shipped,Qui_2,6.0,2004.0,Classic Cars,101.0,S700_2824,Technology,Desktop,"Tokyo Collectables, Ltd",+81 3 3584 0555,2-2-8 Roppongi,Unknown,Minato-ku,Tokyo,106-0032,Japan,Japan,Shimamura,Akiko,Medium,Shimamura Akiko,EXPENSIVE,GOOD,1967.0,,,
10348.0,48.0,52.36,8.0,2513.28,11/1/2004,Shipped,Qui_4,11.0,2004.0,Classic Cars,207.0,S12_1108,Furniture,Chair,"Corrida Auto Replicas, Ltd",(91) 555 22 82,"C/ Araquil, 67",Unknown,Madrid,,28023,Spain,EMEA,Sommer,Mart¡n,Small,Sommer Mart¡n,CHEAP,GOOD,1971.0,,,
10342.0,55.0,65.45,1.0,3599.75,11/24/2004,Shipped,Qui_4,11.0,2004.0,Classic Cars,77.0,S18_1889,Furniture,Bookshelf,"Australian Collectors, Co.",03 9520 4555,636 St Kilda Road,Level 3,Melbourne,Victoria,3004,Australia,APAC,Ferguson,Peter,Medium,Ferguson Peter,EXPENSIVE,EXCELLENT,1967.0,,,
10390.0,41.0,44.56,11.0,1826.96,3/4/2005,Shipped,Qui_1,3.0,2005.0,Motorcycles,40.0,S32_2206,Office Supplies,Pen,Mini Gifts Distributors Ltd.,4155551450,5677 Strong St.,Unknown,San Rafael,CA,97562,USA,,Nelson,Valarie,Small,Nelson Valarie,CHEAP,GOOD,2000.0,,,
10154.0,31.0,91.17,2.0,2826.27,10/2/2003,Shipped,Qui_4,10.0,2003.0,Vintage Cars,88.0,S24_3151,Office Supplies,Pencil,Boards & Toys Co.,3105552373,4097 Douglas Av.,Unknown,Glendale,CA,92561,USA,,Young,Leslie,Small,Young Leslie,EXPENSIVE,GOOD,1998.0,,,
10172.0,22.0,98.51,4.0,2167.22,11/5/2003,Shipped,Qui_4,11.0,2003.0,Classic Cars,107.0,S24_3432,Office Supplies,Lamp,Gift Depot Inc.,2035552570,25593 South Bay Ln.,Unknown,Bridgewater,CT,97562,USA,,King,Julie,Small,King Julie,EXPENSIVE,GOOD,1970.0,,,
10420.0,66.0,92.95,6.0,6134.7,5/29/2005,In Process,Qui_2,5.0,2005.0,Vintage Cars,92.0,S18_4409,Furniture,Chair,Souveniers And Things Co.,+61 2 9495 8555,"Monitor Money Building, 815 Pacific Hwy",Level 6,Chatswood,NSW,2067,Australia,APAC,Huxley,Adrian,Medium,Huxley Adrian,EXPENSIVE,EXCELLENT,1991.0,,,
10264.0,47.0,89.5,5.0,4206.5,6/30/2004,Shipped,Qui_2,6.0,2004.0,Motorcycles,81.0,S50_4713,Accessories,Headphone,Gifts4AllAges.com,6175559555,8616 Spinnaker Dr.,Unknown,Boston,MA,51003,USA,,Yoshido,Juri,Medium,Yoshido Juri,EXPENSIVE,GOOD,1964.0,,,
10102.0,39.0,100.0,2.0,4808.31,1/10/2003,Shipped,Qui_1,1.0,2003.0,Vintage Cars,102.0,S18_1342,Furniture,Desk,Vitachrome Inc.,2125551500,2678 Kingston Rd.,Suite 101,NYC,NY,10022,USA,,Frick,Michael,Medium,Frick Michael,EXPENSIVE,GOOD,1993.0,,,
10324.0,20.0,98.18,11.0,1963.6,11/5/2004,Shipped,Qui_4,11.0,2004.0,Trucks and Buses,96.0,S32_1268,Office Supplies,Eraser,Vitachrome Inc.,2125551500,2678 Kingston Rd.,Suite 101,NYC,NY,10022,USA,,Frick,Michael,Small,Frick Michael,EXPENSIVE,GOOD,1980.0,,,
10211.0,28.0,92.57,3.0,2591.96,1/15/2004,Shipped,Qui_1,1.0,2004.0,Classic Cars,79.0,S12_3990,Furniture,Bookshelf,Auto Canal Petit,(1) 47.55.6555,"25, rue Lauriston",Unknown,Paris,,75016,France,EMEA,Perrier,Dominique,Small,Perrier Dominique,EXPENSIVE,GOOD,1973.0,,,
10285.0,27.0,100.0,8.0,5438.07,8/27/2004,Shipped,Qui_3,8.0,2004.0,Motorcycles,193.0,S10_4698,Furniture,Bookshelf,Marta's Replicas Co.,6175558555,39323 Spinnaker Dr.,Unknown,Cambridge,MA,51247,USA,,Hernandez,Marta,Medium,Hernandez Marta,EXPENSIVE,GOOD,1966.0,,,
10192.0,22.0,100.0,11.0,3300.66,11/20/2003,Shipped,Qui_4,11.0,2003.0,Classic Cars,141.0,S18_1129,Furniture,Table,Online Diecast Creations Co.,6035558647,2304 Long Airport Avenue,Unknown,Nashua,NH,62005,USA,,Young,Valarie,Medium,Young Valarie,EXPENSIVE,GOOD,1991.0,,,
10282.0,36.0,100.0,3.0,4174.92,8/20/2004,Shipped,Qui_3,8.0,2004.0,Trains,100.0,S18_3259,Furniture,Desk,Mini Gifts Distributors Ltd.,4155551450,5677 Strong St.,Unknown,San Rafael,CA,97562,USA,,Nelson,Valarie,Medium,Nelson Valarie,EXPENSIVE,GOOD,1999.0,,,
10206.0,33.0,97.39,10.0,3213.87,12/5/2003,Shipped,Qui_4,12.0,2003.0,Vintage Cars,97.0,S24_4258,Office Supplies,Pencil,Canadian Gift Exchange Network,(604) 555-3392,1900 Oak St.,Unknown,Vancouver,BC,V3F 2K1,Canada,,Tannamuri,Yoshi,Medium,Tannamuri Yoshi,EXPENSIVE,GOOD,1987.0,,,
10355.0,44.0,62.45,6.0,2747.8,12/7/2004,Shipped,Qui_4,12.0,2004.0,Classic Cars,61.0,S24_3371,Office Supplies,Eraser,Euro Shopping Channel,(91) 555 94 44,"C/ Moralzarzal, 86",Unknown,Madrid,,28034,Spain,EMEA,Freyre,Diego,Small,Freyre Diego,CHEAP,GOOD,1967.0,,,
10127.0,46.0,100.0,9.0,6176.42,6/3/2003,Shipped,Qui_2,6.0,2003.0,Trucks and Buses,115.0,S50_1392,Accessories,Adapter,Muscle Machine Inc,2125557413,4092 Furth Circle,Suite 400,NYC,NY,10022,USA,,Young,Jeff,Medium,Young Jeff,EXPENSIVE,GOOD,1994.0,,,
10367.0,44.0,85.25,9.0,3751.0,1/12/2005,Resolved,Qui_1,1.0,2005.0,Classic Cars,71.0,S18_4933,Furniture,Table,Toys4GrownUps.com,6265557265,78934 Hillside Dr.,Unknown,Pasadena,CA,90003,USA,,Young,Julie,Medium,Young Julie,EXPENSIVE,GOOD,1978.0,,,
10272.0,35.0,100.0,2.0,5818.4,7/20/2004,Shipped,Qui_3,7.0,2004.0,Classic Cars,207.0,S12_1108,Furniture,Chair,Diecast Classics Inc.,2155551555,7586 Pompton St.,Unknown,Allentown,PA,70267,USA,,Yu,Kyung,Medium,Yu Kyung,EXPENSIVE,GOOD,1994.0,,,
10308.0,35.0,88.75,14.0,3106.25,10/15/2004,Shipped,Qui_4,10.0,2004.0,Planes,99.0,S700_2466,Technology,Smart watch,Mini Classics,9145554562,3758 North Pendale Street,Unknown,White Plains,NY,24067,USA,,Frick,Steve,Medium,Frick Steve,EXPENSIVE,GOOD,1992.0,,,
10359.0,48.0,54.68,6.0,2624.64,12/15/2004,Shipped,Qui_4,12.0,2004.0,Classic Cars,136.0,S10_4757,Furniture,Desk,Reims Collectables,26.47.1555,59 rue de l'Abbaye,Unknown,Reims,,51100,France,EMEA,Henriot,Paul,Small,Henriot Paul,CHEAP,GOOD,1962.0,,,
10168.0,36.0,100.0,8.0,4527.72,10/28/2003,Shipped,Qui_4,10.0,2003.0,Planes,118.0,S700_2834,Technology,Desktop,Technics Stores Inc.,6505556809,9408 Furth Circle,Unknown,Burlingame,CA,94217,USA,,Hirano,Juri,Medium,Hirano Juri,EXPENSIVE,GOOD,1982.0,,,
10310.0,45.0,100.0,5.0,5497.65,10/16/2004,Shipped,Qui_4,10.0,2004.0,Classic Cars,140.0,S24_3856,Office Supplies,Pencil,"Toms Spezialitten, Ltd",0221-5554327,Mehrheimerstr. 369,Unknown,Koln,,50739,Germany,EMEA,Pfalzheim,Henriette,Medium,Pfalzheim Henriette,EXPENSIVE,GOOD,1999.0,,,
10306.0,20.0,100.0,12.0,3633.4,10/14/2004,Shipped,Qui_4,10.0,2004.0,Classic Cars,173.0,S12_3891,Furniture,Bookshelf,"AV Stores, Co.",(171) 555-1555,Fauntleroy Circus,Unknown,Manchester,,EC2 5NT,UK,EMEA,Ashworth,Victoria,Medium,Ashworth Victoria,EXPENSIVE,GOOD,1972.0,,,
10126.0,30.0,97.39,13.0,2921.7,5/28/2003,Shipped,Qui_2,5.0,2003.0,Vintage Cars,104.0,S18_3136,Furniture,Table,"Corrida Auto Replicas, Ltd",(91) 555 22 82,"C/ Araquil, 67",Unknown,Madrid,,28023,Spain,EMEA,Sommer,Mart¡n,Small,Sommer Mart¡n,EXPENSIVE,GOOD,1990.0,,,
10153.0,40.0,100.0,5.0,5456.4,9/28/2003,Shipped,Qui_3,9.0,2003.0,Ships,122.0,S24_2011,Office Supplies,Pen,Euro Shopping Channel,(91) 555 94 44,"C/ Moralzarzal, 86",Unknown,Madrid,,28034,Spain,EMEA,Freyre,Diego,Medium,Freyre Diego,EXPENSIVE,GOOD,1982.0,,,
10262.0,48.0,61.42,8.0,2948.16,6/24/2004,Cancelled,Qui_2,6.0,2004.0,Planes,68.0,S24_3949,Office Supplies,Pencil,Euro Shopping Channel,(91) 555 94 44,"C/ Moralzarzal, 86",Unknown,Madrid,,28034,Spain,EMEA,Freyre,Diego,Small,Freyre Diego,CHEAP,GOOD,1982.0,,,
10287.0,27.0,100.0,2.0,4310.55,8/30/2004,Shipped,Qui_3,8.0,2004.0,Classic Cars,141.0,S18_3685,Furniture,Bookshelf,"Vida Sport, Ltd",0897-034555,Grenzacherweg 237,Unknown,Gensve,,1203,Switzerland,EMEA,Holz,Michael,Medium,Holz Michael,EXPENSIVE,GOOD,1983.0,,,
10363.0,21.0,100.0,15.0,2447.76,1/6/2005,Shipped,Qui_1,1.0,2005.0,Classic Cars,61.0,S24_3371,Office Supplies,Eraser,Suominen Souveniers,+358 9 8045 555,"Software Engineering Center, SEC Oy",Unknown,Espoo,,FIN-02271,Finland,EMEA,Suominen,Kalle,Small,Suominen Kalle,EXPENSIVE,GOOD,1965.0,,,
10114.0,39.0,100.0,3.0,4164.42,4/1/2003,Shipped,Qui_2,4.0,2003.0,Trucks and Buses,122.0,S18_2319,Furniture,Chair,"La Corne D'abondance, Co.",(1) 42.34.2555,"265, boulevard Charonne",Unknown,Paris,,75012,France,EMEA,Bertrand,Marie,Medium,Bertrand Marie,EXPENSIVE,GOOD,1999.0,,,
10271.0,25.0,69.28,11.0,1732.0,7/20/2004,Shipped,Qui_3,7.0,2004.0,Trucks and Buses,60.0,S18_2432,Furniture,Table,Mini Gifts Distributors Ltd.,4155551450,5677 Strong St.,Unknown,San Rafael,CA,97562,USA,,Nelson,Valarie,Small,Nelson Valarie,EXPENSIVE,GOOD,1977.0,,,
10208.0,46.0,74.45,1.0,3424.7,1/2/2004,Shipped,Qui_1,1.0,2004.0,Ships,72.0,S700_2610,Technology,Laptop,"Saveley & Henriot, Co.",78.32.5555,"2, rue du Commerce",Unknown,Lyon,,69004,France,EMEA,Saveley,Mary,Medium,Saveley Mary,EXPENSIVE,GOOD,1969.0,,,
10255.0,24.0,100.0,1.0,3726.0,6/4/2004,Shipped,Qui_2,6.0,2004.0,Vintage Cars,168.0,S18_2795,Furniture,Bookshelf,Mini Caravy,88.60.1555,"24, place Kluber",Unknown,Strasbourg,,67000,France,EMEA,Citeaux,Frederique,Medium,Citeaux Frederique,EXPENSIVE,GOOD,1984.0,,,
10312.0,32.0,100.0,2.0,4181.44,10/21/2004,Shipped,Qui_4,10.0,2004.0,Trucks and Buses,116.0,S18_1097,Furniture,Bookshelf,Mini Gifts Distributors Ltd.,4155551450,5677 Strong St.,Unknown,San Rafael,CA,97562,USA,,Nelson,Valarie,Medium,Nelson Valarie,EXPENSIVE,GOOD,1982.0,,,
10176.0,47.0,100.0,3.0,8378.69,11/6/2003,Shipped,Qui_4,11.0,2003.0,Classic Cars,151.0,S12_3148,Furniture,Desk,L'ordine Souveniers,0522-556555,Strada Provinciale 124,Unknown,Reggio Emilia,,42100,Italy,EMEA,Moroni,Maurizio,Large,Moroni Maurizio,EXPENSIVE,GOOD,1971.0,,,
10373.0,44.0,100.0,14.0,4627.92,1/31/2005,Shipped,Qui_1,1.0,2005.0,Ships,66.0,S700_1138,Technology,Desktop,"Oulu Toy Supplies, Inc.",981-443655,Torikatu 38,Unknown,Oulu,,90110,Finland,EMEA,Koskitalo,Pirkko,Medium,Koskitalo Pirkko,EXPENSIVE,GOOD,1984.0,,,
10283.0,33.0,51.32,12.0,1693.56,8/20/2004,Shipped,Qui_3,8.0,2004.0,Ships,54.0,S72_3212,Accessories,Headphone,"Royal Canadian Collectables, Ltd.",(604) 555-4555,23 Tsawassen Blvd.,Unknown,Tsawassen,BC,T2F 8M4,Canada,,Lincoln,Elizabeth,Small,Lincoln Elizabeth,CHEAP,GOOD,1996.0,,,
10278.0,31.0,38.89,8.0,1205.59,8/6/2004,Shipped,Qui_3,8.0,2004.0,Classic Cars,37.0,S24_2972,Office Supplies,Eraser,Signal Gift Stores,7025551838,8489 Strong St.,Unknown,Las Vegas,NV,83030,USA,,King,Sue,Small,King Sue,CHEAP,GOOD,1990.0,,,
10373.0,50.0,60.49,6.0,3024.5,1/31/2005,Shipped,Qui_1,1.0,2005.0,Vintage Cars,105.0,S18_3856,Furniture,Desk,"Oulu Toy Supplies, Inc.",981-443655,Torikatu 38,Unknown,Oulu,,90110,Finland,EMEA,Koskitalo,Pirkko,Medium,Koskitalo Pirkko,CHEAP,EXCELLENT,2000.0,,,
10167.0,28.0,100.0,14.0,3003.0,10/23/2003,Cancelled,Qui_4,10.0,2003.0,Ships,99.0,S700_3962,Technology,Smart watch,Scandinavian Gift Ideas,0695-34 6555,?kergatan 24,Unknown,Boras,,S-844 67,Sweden,EMEA,Larsson,Maria,Medium,Larsson Maria,EXPENSIVE,GOOD,1994.0,,,
10135.0,31.0,100.0,12.0,4705.18,7/2/2003,Shipped,Qui_3,7.0,2003.0,Classic Cars,148.0,S18_4721,Furniture,Table,Mini Gifts Distributors Ltd.,4155551450,5677 Strong St.,Unknown,San Rafael,CA,97562,USA,,Nelson,Valarie,Medium,Nelson Valarie,EXPENSIVE,GOOD,1986.0,,,
10375.0,37.0,81.87,6.0,3029.19,2/3/2005,Shipped,Qui_1,2.0,2005.0,Planes,91.0,S700_1691,Technology,Smart phone,La Rochelle Gifts,40.67.8555,"67, rue des Cinquante Otages",Unknown,Nantes,,44000,France,EMEA,Labrune,Janine,Medium,Labrune Janine,EXPENSIVE,GOOD,1978.0,,,
10369.0,28.0,44.21,6.0,1237.88,1/20/2005,Shipped,Qui_1,1.0,2005.0,Vintage Cars,62.0,S18_2957,Furniture,Desk,Collectables For Less Inc.,6175558555,7825 Douglas Av.,Unknown,Brickhaven,MA,58339,USA,,Nelson,Allen,Small,Nelson Allen,CHEAP,GOOD,1993.0,,,
10193.0,20.0,100.0,4.0,2279.0,11/21/2003,Shipped,Qui_4,11.0,2003.0,Vintage Cars,97.0,S24_4258,Office Supplies,Pencil,"Australian Collectables, Ltd",61-9-3844-6555,7 Allen Street,Unknown,Glen Waverly,Victoria,3150,Australia,APAC,Connery,Sean,Small,Connery Sean,EXPENSIVE,GOOD,1966.0,,,
10114.0,45.0,68.67,6.0,3090.15,4/1/2003,Shipped,Qui_2,4.0,2003.0,Trucks and Buses,60.0,S18_2432,Furniture,Table,"La Corne D'abondance, Co.",(1) 42.34.2555,"265, boulevard Charonne",Unknown,Paris,,75012,France,EMEA,Bertrand,Marie,Medium,Bertrand Marie,EXPENSIVE,GOOD,1999.0,,,
10284.0,21.0,71.0,2.0,1491.0,8/21/2004,Shipped,Qui_3,8.0,2004.0,Planes,72.0,S24_4278,Office Supplies,Eraser,"Norway Gifts By Mail, Co.",+47 2212 1555,"Drammensveien 126 A, PB 744 Sentrum",Unknown,Oslo,,N 0106,Norway,EMEA,Klaeboe,Jan,Small,Klaeboe Jan,EXPENSIVE,GOOD,1997.0,,,
10193.0,28.0,93.21,1.0,2609.88,11/21/2003,Shipped,Qui_4,11.0,2003.0,Vintage Cars,101.0,S18_2949,Furniture,Desk,"Australian Collectables, Ltd",61-9-3844-6555,7 Allen Street,Unknown,Glen Waverly,Victoria,3150,Australia,APAC,Connery,Sean,Small,Connery Sean,EXPENSIVE,GOOD,1976.0,,,
10261.0,27.0,100.0,1.0,3378.24,6/17/2004,Shipped,Qui_2,6.0,2004.0,Classic Cars,136.0,S10_4757,Furniture,Desk,Quebec Home Shopping Network,(514) 555-8054,43 rue St. Laurent,Unknown,Montreal,Quebec,H1J 1C3,Canada,,Fresnisre,Jean,Medium,Fresnisre Jean,EXPENSIVE,GOOD,2000.0,,,
10241.0,22.0,76.43,8.0,1681.46,4/13/2004,Shipped,Qui_2,4.0,2004.0,Classic Cars,73.0,S24_1046,Office Supplies,Pencil,Mini Caravy,88.60.1555,"24, place Kluber",Unknown,Strasbourg,,67000,France,EMEA,Citeaux,Frederique,Small,Citeaux Frederique,EXPENSIVE,GOOD,1979.0,,,
10124.0,42.0,53.88,5.0,2262.96,5/21/2003,Shipped,Qui_2,5.0,2003.0,Vintage Cars,60.0,S18_2248,Furniture,Desk,Signal Gift Stores,7025551838,8489 Strong St.,Unknown,Las Vegas,NV,83030,USA,,King,Sue,Small,King Sue,CHEAP,GOOD,1985.0,,,
10281.0,31.0,55.19,3.0,1710.89,8/19/2004,Shipped,Qui_3,8.0,2004.0,Trucks and Buses,54.0,S32_2509,Office Supplies,Pen,Diecast Classics Inc.,2155551555,7586 Pompton St.,Unknown,Allentown,PA,70267,USA,,Yu,Kyung,Small,Yu Kyung,CHEAP,GOOD,1986.0,,,
10113.0,49.0,100.0,4.0,4916.66,3/26/2003,Shipped,Qui_1,3.0,2003.0,Trucks and Buses,116.0,S18_1097,Furniture,Bookshelf,Mini Gifts Distributors Ltd.,4155551450,5677 Strong St.,Unknown,San Rafael,CA,97562,USA,,Nelson,Valarie,Medium,Nelson Valarie,EXPENSIVE,GOOD,1994.0,,,
10199.0,29.0,38.4,1.0,1113.6,12/1/2003,Shipped,Qui_4,12.0,2003.0,Vintage Cars,43.0,S50_1341,Accessories,Keyboard,West Coast Collectables Co.,3105553722,3675 Furth Circle,Unknown,Burbank,CA,94019,USA,,Thompson,Steve,Small,Thompson Steve,CHEAP,GOOD,1992.0,,,
10330.0,37.0,100.0,3.0,4405.22,11/16/2004,Shipped,Qui_4,11.0,2004.0,Classic Cars,146.0,S18_3482,Furniture,Bookshelf,Cruz & Sons Co.,+63 2 555 3587,15 McCallum Street - NatWest Center #13-03,Unknown,Makati City,,1227 MM,Philippines,Japan,Cruz,Arnold,Medium,Cruz Arnold,EXPENSIVE,GOOD,1995.0,,,
10400.0,20.0,56.12,4.0,1122.4,4/1/2005,Shipped,Qui_2,4.0,2005.0,Planes,49.0,S72_1253,Accessories,Keyboard,The Sharp Gifts Warehouse,4085553659,3086 Ingle Ln.,Unknown,San Jose,CA,94217,USA,,Frick,Sue,Small,Frick Sue,CHEAP,GOOD,1966.0,,,
10168.0,48.0,78.25,10.0,3756.0,10/28/2003,Shipped,Qui_4,10.0,2003.0,Planes,72.0,S24_4278,Office Supplies,Eraser,Technics Stores Inc.,6505556809,9408 Furth Circle,Unknown,Burlingame,CA,94217,USA,,Hirano,Juri,Medium,Hirano Juri,EXPENSIVE,GOOD,1984.0,,,
10366.0,34.0,100.0,3.0,4207.84,1/10/2005,Shipped,Qui_1,1.0,2005.0,Classic Cars,142.0,S18_1984,Furniture,Bookshelf,Royale Belge,(071) 23 67 2555,"Boulevard Tirou, 255",Unknown,Charleroi,,B-6000,Belgium,EMEA,Cartrain,Pascale,Medium,Cartrain Pascale,EXPENSIVE,GOOD,1965.0,,,
10272.0,39.0,100.0,1.0,7962.24,7/20/2004,Shipped,Qui_3,7.0,2004.0,Classic Cars,173.0,S12_3891,Furniture,Bookshelf,Diecast Classics Inc.,2155551555,7586 Pompton St.,Unknown,Allentown,PA,70267,USA,,Yu,Kyung,Large,Yu Kyung,EXPENSIVE,GOOD,1964.0,,,
10302.0,38.0,89.27,2.0,3392.26,10/6/2003,Shipped,Qui_4,10.0,2003.0,Vintage Cars,92.0,S18_4409,Furniture,Chair,"UK Collectables, Ltd.",(171) 555-2282,Berkeley Gardens 12  Brewery,Unknown,Liverpool,,WX1 6LT,UK,EMEA,Devon,Elizabeth,Medium,Devon Elizabeth,EXPENSIVE,GOOD,1968.0,,,
10217.0,31.0,88.0,6.0,2728.0,2/4/2004,Shipped,Qui_1,2.0,2004.0,Classic Cars,101.0,S700_2824,Technology,Desktop,Handji Gifts& Co,+65 224 1555,Village Close - 106 Linden Road Sandown,2nd Floor,Singapore,,69045,Singapore,APAC,Victorino,Wendy,Small,Victorino Wendy,EXPENSIVE,GOOD,1984.0,,,
10204.0,29.0,85.59,5.0,2482.11,12/2/2003,Shipped,Qui_4,12.0,2003.0,Vintage Cars,92.0,S18_4409,Furniture,Chair,Muscle Machine Inc,2125557413,4092 Furth Circle,Suite 400,NYC,NY,10022,USA,,Young,Jeff,Small,Young Jeff,EXPENSIVE,GOOD,1971.0,,,
10398.0,36.0,100.0,7.0,3910.32,3/30/2005,Shipped,Qui_1,3.0,2005.0,Ships,90.0,S700_2047,Technology,Tablet,Reims Collectables,26.47.1555,59 rue de l'Abbaye,Unknown,Reims,,51100,France,EMEA,Henriot,Paul,Medium,Henriot Paul,EXPENSIVE,GOOD,1986.0,,,
10244.0,43.0,100.0,8.0,5950.34,4/29/2004,Shipped,Qui_2,4.0,2004.0,Vintage Cars,168.0,S18_2795,Furniture,Bookshelf,Euro Shopping Channel,(91) 555 94 44,"C/ Moralzarzal, 86",Unknown,Madrid,,28034,Spain,EMEA,Freyre,Diego,Medium,Freyre Diego,EXPENSIVE,GOOD,1971.0,,,
10106.0,49.0,74.68,13.0,3659.32,2/17/2003,Shipped,Qui_1,2.0,2003.0,Planes,68.0,S24_2841,Office Supplies,Pencil,Rovelli Gifts,035-640555,Via Ludovico il Moro 22,Unknown,Bergamo,,24100,Italy,EMEA,Rovelli,Giovanni,Medium,Rovelli Giovanni,EXPENSIVE,GOOD,1969.0,,,
10347.0,30.0,100.0,1.0,3944.7,11/29/2004,Shipped,Qui_4,11.0,2004.0,Classic Cars,214.0,S10_1949,Furniture,Desk,"Australian Collectors, Co.",03 9520 4555,636 St Kilda Road,Level 3,Melbourne,Victoria,3004,Australia,APAC,Ferguson,Peter,Medium,Ferguson Peter,EXPENSIVE,GOOD,1987.0,,,
10181.0,30.0,82.82,17.0,2484.6,11/12/2003,Shipped,Qui_4,11.0,2003.0,Classic Cars,80.0,S18_3278,Furniture,Cabinet,Herkku Gifts,+47 2267 3215,"Drammen 121, PR 744 Sentrum",Unknown,Bergen,,N 5804,Norway,EMEA,Oeztan,Veysel,Small,Oeztan Veysel,EXPENSIVE,GOOD,1972.0,,,
10419.0,37.0,100.0,1.0,5202.94,5/17/2005,Shipped,Qui_2,5.0,2005.0,Classic Cars,124.0,S18_1589,Furniture,Bookshelf,Salzburg Collectables,6562-9555,Geislweg 14,Unknown,Salzburg,,5020,Austria,EMEA,Pipps,Georg,Medium,Pipps Georg,EXPENSIVE,GOOD,1989.0,,,
10293.0,24.0,100.0,9.0,4242.24,9/9/2004,Shipped,Qui_3,9.0,2004.0,Classic Cars,151.0,S12_3148,Furniture,Desk,Amica Models & Co.,011-4988555,Via Monte Bianco 34,Unknown,Torino,,10100,Italy,EMEA,Accorti,Paolo,Medium,Accorti Paolo,EXPENSIVE,GOOD,1968.0,,,
10127.0,24.0,100.0,11.0,2559.6,6/3/2003,Shipped,Qui_2,6.0,2003.0,Trucks and Buses,118.0,S12_4473,Furniture,Cabinet,Muscle Machine Inc,2125557413,4092 Furth Circle,Suite 400,NYC,NY,10022,USA,,Young,Jeff,Small,Young Jeff,EXPENSIVE,GOOD,1996.0,,,
10310.0,24.0,100.0,1.0,3448.08,10/16/2004,Shipped,Qui_4,10.0,2004.0,Classic Cars,142.0,S18_1984,Furniture,Bookshelf,"Toms Spezialitten, Ltd",0221-5554327,Mehrheimerstr. 369,Unknown,Koln,,50739,Germany,EMEA,Pfalzheim,Henriette,Medium,Pfalzheim Henriette,EXPENSIVE,GOOD,1964.0,,,
10416.0,48.0,74.62,5.0,3581.76,5/10/2005,Shipped,Qui_2,5.0,2005.0,Planes,72.0,S24_4278,Office Supplies,Eraser,L'ordine Souveniers,0522-556555,Strada Provinciale 124,Unknown,Reggio Emilia,,42100,Italy,EMEA,Moroni,Maurizio,Medium,Moroni Maurizio,EXPENSIVE,GOOD,1990.0,,,
10115.0,46.0,100.0,5.0,5723.78,4/4/2003,Shipped,Qui_2,4.0,2003.0,Trucks and Buses,118.0,S12_4473,Furniture,Cabinet,Classic Legends Inc.,2125558493,5905 Pompton St.,Suite 750,NYC,NY,10022,USA,,Hernandez,Maria,Medium,Hernandez Maria,EXPENSIVE,GOOD,1995.0,,,
10181.0,27.0,100.0,3.0,3884.76,11/12/2003,Shipped,Qui_4,11.0,2003.0,Classic Cars,132.0,S18_2870,Furniture,Cabinet,Herkku Gifts,+47 2267 3215,"Drammen 121, PR 744 Sentrum",Unknown,Bergen,,N 5804,Norway,EMEA,Oeztan,Veysel,Medium,Oeztan Veysel,EXPENSIVE,GOOD,1971.0,,,
10411.0,46.0,100.0,3.0,5235.72,5/1/2005,Shipped,Qui_2,5.0,2005.0,Trucks and Buses,121.0,S18_4600,Furniture,Chair,Quebec Home Shopping Network,(514) 555-8054,43 rue St. Laurent,Unknown,Montreal,Quebec,H1J 1C3,Canada,,Fresnisre,Jean,Medium,Fresnisre Jean,EXPENSIVE,GOOD,1980.0,,,
10425.0,49.0,100.0,9.0,5510.54,5/31/2005,In Process,Qui_2,5.0,2005.0,Trucks and Buses,127.0,S24_2300,Office Supplies,Pen,La Rochelle Gifts,40.67.8555,"67, rue des Cinquante Otages",Unknown,Nantes,,44000,France,EMEA,Labrune,Janine,Medium,Labrune Janine,EXPENSIVE,GOOD,1998.0,,,
10168.0,27.0,73.02,18.0,1971.54,10/28/2003,Shipped,Qui_4,10.0,2003.0,Planes,68.0,S24_3949,Office Supplies,Pencil,Technics Stores Inc.,6505556809,9408 Furth Circle,Unknown,Burlingame,CA,94217,USA,,Hirano,Juri,Small,Hirano Juri,EXPENSIVE,GOOD,1994.0,,,
10118.0,36.0,100.0,1.0,4219.2,4/21/2003,Shipped,Qui_2,4.0,2003.0,Ships,100.0,S700_3505,Technology,Laptop,Enaco Distributors,(93) 203 4555,"Rambla de Catalu¤a, 23",Unknown,Barcelona,,8022,Spain,EMEA,Saavedra,Eduardo,Medium,Saavedra Eduardo,EXPENSIVE,GOOD,1989.0,,,
10253.0,24.0,52.66,12.0,1263.84,6/1/2004,Cancelled,Qui_2,6.0,2004.0,Classic Cars,61.0,S24_3371,Office Supplies,Eraser,"UK Collectables, Ltd.",(171) 555-2282,Berkeley Gardens 12  Brewery,Unknown,Liverpool,,WX1 6LT,UK,EMEA,Devon,Elizabeth,Small,Devon Elizabeth,CHEAP,GOOD,1993.0,,,
10134.0,41.0,94.74,2.0,3884.34,7/1/2003,Shipped,Qui_3,7.0,2003.0,Motorcycles,95.0,S10_1678,Furniture,Cabinet,Lyon Souveniers,+33 1 46 62 7555,27 rue du Colonel Pierre Avia,Unknown,Paris,,75508,France,EMEA,Da Cunha,Daniel,Medium,DaCunha Daniel,EXPENSIVE,GOOD,1988.0,,,
10412.0,56.0,98.18,8.0,5498.08,5/3/2005,Shipped,Qui_2,5.0,2005.0,Trucks and Buses,122.0,S18_2319,Furniture,Chair,Euro Shopping Channel,(91) 555 94 44,"C/ Moralzarzal, 86",Unknown,Madrid,,28034,Spain,EMEA,Freyre,Diego,Medium,Freyre Diego,EXPENSIVE,EXCELLENT,1967.0,,,
10361.0,25.0,62.46,1.0,1561.5,12/17/2004,Shipped,Qui_4,12.0,2004.0,Planes,72.0,S24_4278,Office Supplies,Eraser,Souveniers And Things Co.,+61 2 9495 8555,"Monitor Money Building, 815 Pacific Hwy",Level 6,Chatswood,NSW,2067,Australia,APAC,Huxley,Adrian,Small,Huxley Adrian,CHEAP,GOOD,1962.0,,,
10244.0,20.0,58.22,6.0,1164.4,4/29/2004,Shipped,Qui_2,4.0,2004.0,Vintage Cars,53.0,S18_1367,Furniture,Cabinet,Euro Shopping Channel,(91) 555 94 44,"C/ Moralzarzal, 86",Unknown,Madrid,,28034,Spain,EMEA,Freyre,Diego,Small,Freyre Diego,CHEAP,GOOD,1998.0,,,
10126.0,43.0,96.31,3.0,4141.33,5/28/2003,Shipped,Qui_2,5.0,2003.0,Trucks and Buses,96.0,S32_1268,Office Supplies,Eraser,"Corrida Auto Replicas, Ltd",(91) 555 22 82,"C/ Araquil, 67",Unknown,Madrid,,28023,Spain,EMEA,Sommer,Mart¡n,Medium,Sommer Mart¡n,EXPENSIVE,GOOD,1969.0,,,
10288.0,48.0,100.0,8.0,6539.04,9/1/2004,Shipped,Qui_3,9.0,2004.0,Classic Cars,117.0,S24_2887,Office Supplies,Ruler,Handji Gifts& Co,+65 224 1555,Village Close - 106 Linden Road Sandown,2nd Floor,Singapore,,69045,Singapore,APAC,Victorino,Wendy,Medium,Victorino Wendy,EXPENSIVE,GOOD,1991.0,,,
10389.0,45.0,100.0,1.0,4597.65,3/3/2005,Shipped,Qui_1,3.0,2005.0,Motorcycles,112.0,S24_1578,Office Supplies,Eraser,Scandinavian Gift Ideas,0695-34 6555,?kergatan 24,Unknown,Boras,,S-844 67,Sweden,EMEA,Larsson,Maria,Medium,Larsson Maria,EXPENSIVE,GOOD,1976.0,,,
10302.0,45.0,100.0,4.0,5548.95,10/6/2003,Shipped,Qui_4,10.0,2003.0,Classic Cars,117.0,S24_2887,Office Supplies,Ruler,"UK Collectables, Ltd.",(171) 555-2282,Berkeley Gardens 12  Brewery,Unknown,Liverpool,,WX1 6LT,UK,EMEA,Devon,Elizabeth,Medium,Devon Elizabeth,EXPENSIVE,GOOD,1987.0,,,
10151.0,27.0,100.0,10.0,3068.55,9/21/2003,Shipped,Qui_3,9.0,2003.0,Trucks and Buses,96.0,S32_1268,Office Supplies,Eraser,"Oulu Toy Supplies, Inc.",981-443655,Torikatu 38,Unknown,Oulu,,90110,Finland,EMEA,Koskitalo,Pirkko,Medium,Koskitalo Pirkko,EXPENSIVE,GOOD,1969.0,,,
10416.0,26.0,61.22,7.0,1591.72,5/10/2005,Shipped,Qui_2,5.0,2005.0,Vintage Cars,68.0,S32_4289,Office Supplies,Ruler,L'ordine Souveniers,0522-556555,Strada Provinciale 124,Unknown,Reggio Emilia,,42100,Italy,EMEA,Moroni,Maurizio,Small,Moroni Maurizio,CHEAP,GOOD,1994.0,,,
10425.0,19.0,49.22,10.0,935.18,5/31/2005,In Process,Qui_2,5.0,2005.0,Trucks and Buses,60.0,S18_2432,Furniture,Table,La Rochelle Gifts,40.67.8555,"67, rue des Cinquante Otages",Unknown,Nantes,,44000,France,EMEA,Labrune,Janine,Small,Labrune Janine,CHEAP,GOOD,1992.0,,,
10341.0,41.0,100.0,9.0,7737.93,11/24/2004,Shipped,Qui_4,11.0,2004.0,Motorcycles,95.0,S10_1678,Furniture,Cabinet,Salzburg Collectables,6562-9555,Geislweg 14,Unknown,Salzburg,,5020,Austria,EMEA,Pipps,Georg,Large,Pipps Georg,EXPENSIVE,GOOD,1969.0,,,
10246.0,29.0,100.0,10.0,3520.6,5/5/2004,Shipped,Qui_2,5.0,2004.0,Trucks and Buses,127.0,S24_2300,Office Supplies,Pen,Euro Shopping Channel,(91) 555 94 44,"C/ Moralzarzal, 86",Unknown,Madrid,,28034,Spain,EMEA,Freyre,Diego,Medium,Freyre Diego,EXPENSIVE,GOOD,1975.0,,,
10320.0,35.0,100.0,1.0,4850.3,11/3/2004,Shipped,Qui_4,11.0,2004.0,Classic Cars,117.0,S12_3380,Furniture,Bookshelf,"Volvo Model Replicas, Co",0921-12 3555,Berguvsv„gen  8,Unknown,Lule,,S-958 22,Sweden,EMEA,Berglund,Christina,Medium,Berglund Christina,EXPENSIVE,GOOD,1999.0,,,
10246.0,22.0,98.18,8.0,2159.96,5/5/2004,Shipped,Qui_2,5.0,2004.0,Trucks and Buses,122.0,S18_2319,Furniture,Chair,Euro Shopping Channel,(91) 555 94 44,"C/ Moralzarzal, 86",Unknown,Madrid,,28034,Spain,EMEA,Freyre,Diego,Small,Freyre Diego,EXPENSIVE,GOOD,1968.0,,,
10321.0,24.0,100.0,15.0,2984.88,11/4/2004,Shipped,Qui_4,11.0,2004.0,Classic Cars,115.0,S12_4675,Furniture,Cabinet,FunGiftIdeas.com,5085552555,1785 First Street,Unknown,New Bedford,MA,50553,USA,,Benitez,Violeta,Small,Benitez Violeta,EXPENSIVE,GOOD,1994.0,,,
10367.0,28.0,30.59,12.0,856.52,1/12/2005,Resolved,Qui_1,1.0,2005.0,Vintage Cars,44.0,S24_2022,Office Supplies,Lamp,Toys4GrownUps.com,6265557265,78934 Hillside Dr.,Unknown,Pasadena,CA,90003,USA,,Young,Julie,Small,Young Julie,CHEAP,GOOD,1985.0,,,
10424.0,50.0,100.0,6.0,12001.0,5/31/2005,In Process,Qui_2,5.0,2005.0,Classic Cars,214.0,S10_1949,Furniture,Desk,Euro Shopping Channel,(91) 555 94 44,"C/ Moralzarzal, 86",Unknown,Madrid,,28034,Spain,EMEA,Freyre,Diego,Large,Freyre Diego,EXPENSIVE,EXCELLENT,1982.0,,,
10119.0,38.0,65.77,12.0,2499.26,4/28/2003,Shipped,Qui_2,4.0,2003.0,Ships,72.0,S700_2610,Technology,Laptop,Salzburg Collectables,6562-9555,Geislweg 14,Unknown,Salzburg,,5020,Austria,EMEA,Pipps,Georg,Small,Pipps Georg,EXPENSIVE,GOOD,1991.0,,,
10280.0,33.0,41.85,14.0,1381.05,8/17/2004,Shipped,Qui_3,8.0,2004.0,Vintage Cars,41.0,S24_3969,Office Supplies,Eraser,Amica Models & Co.,011-4988555,Via Monte Bianco 34,Unknown,Torino,,10100,Italy,EMEA,Accorti,Paolo,Small,Accorti Paolo,CHEAP,GOOD,1975.0,,,
10351.0,25.0,74.68,5.0,1867.0,12/3/2004,Shipped,Qui_4,12.0,2004.0,Planes,68.0,S24_2841,Office Supplies,Pencil,"Stylish Desk Decors, Co.",(171) 555-0297,35 King George,Unknown,London,,WX3 6FW,UK,EMEA,Brown,Ann,Small,Brown Ann,EXPENSIVE,GOOD,1987.0,,,
10153.0,50.0,88.15,2.0,4407.5,9/28/2003,Shipped,Qui_3,9.0,2003.0,Ships,100.0,S700_3505,Technology,Laptop,Euro Shopping Channel,(91) 555 94 44,"C/ Moralzarzal, 86",Unknown,Madrid,,28034,Spain,EMEA,Freyre,Diego,Medium,Freyre Diego,EXPENSIVE,EXCELLENT,1975.0,,,
10155.0,34.0,49.16,8.0,1671.44,10/6/2003,Shipped,Qui_4,10.0,2003.0,Planes,49.0,S72_1253,Accessories,Keyboard,"Toys of Finland, Co.",90-224 8555,Keskuskatu 45,Unknown,Helsinki,,21240,Finland,EMEA,Karttunen,Matti,Small,Karttunen Matti,CHEAP,GOOD,1982.0,,,
10126.0,38.0,82.34,16.0,3128.92,5/28/2003,Shipped,Qui_2,5.0,2003.0,Vintage Cars,99.0,S18_3320,Furniture,Table,"Corrida Auto Replicas, Ltd",(91) 555 22 82,"C/ Araquil, 67",Unknown,Madrid,,28023,Spain,EMEA,Sommer,Mart¡n,Medium,Sommer Mart¡n,EXPENSIVE,GOOD,1964.0,,,
10126.0,31.0,90.17,12.0,2795.27,5/28/2003,Shipped,Qui_2,5.0,2003.0,Vintage Cars,101.0,S18_2949,Furniture,Desk,"Corrida Auto Replicas, Ltd",(91) 555 22 82,"C/ Araquil, 67",Unknown,Madrid,,28023,Spain,EMEA,Sommer,Mart¡n,Small,Sommer Mart¡n,EXPENSIVE,GOOD,1983.0,,,
10267.0,43.0,100.0,6.0,5110.98,7/7/2004,Shipped,Qui_3,7.0,2004.0,Classic Cars,107.0,S24_3432,Office Supplies,Lamp,Muscle Machine Inc,2125557413,4092 Furth Circle,Suite 400,NYC,NY,10022,USA,,Young,Jeff,Medium,Young Jeff,EXPENSIVE,GOOD,1986.0,,,
10394.0,31.0,50.29,2.0,1558.99,3/15/2005,Shipped,Qui_1,3.0,2005.0,Classic Cars,57.0,S24_1444,Office Supplies,Pencil,Euro Shopping Channel,(91) 555 94 44,"C/ Moralzarzal, 86",Unknown,Madrid,,28034,Spain,EMEA,Freyre,Diego,Small,Freyre Diego,CHEAP,GOOD,1982.0,,,
10367.0,37.0,100.0,3.0,4703.81,1/12/2005,Resolved,Qui_1,1.0,2005.0,Vintage Cars,170.0,S18_1749,Furniture,Desk,Toys4GrownUps.com,6265557265,78934 Hillside Dr.,Unknown,Pasadena,CA,90003,USA,,Young,Julie,Medium,Young Julie,EXPENSIVE,GOOD,1962.0,,,
10304.0,36.0,73.04,2.0,2629.44,10/11/2004,Shipped,Qui_4,10.0,2004.0,Trucks and Buses,64.0,S32_3522,Office Supplies,Lamp,Auto Assoc. & Cie.,30.59.8555,"67, avenue de l'Europe",Unknown,Versailles,,78000,France,EMEA,Tonini,Daniel,Small,Tonini Daniel,EXPENSIVE,GOOD,1995.0,,,
10326.0,32.0,100.0,6.0,3807.68,11/9/2004,Shipped,Qui_4,11.0,2004.0,Trains,100.0,S18_3259,Furniture,Desk,"Volvo Model Replicas, Co",0921-12 3555,Berguvsv„gen  8,Unknown,Lule,,S-958 22,Sweden,EMEA,Berglund,Christina,Medium,Berglund Christina,EXPENSIVE,GOOD,1962.0,,,
10305.0,45.0,61.85,2.0,2783.25,10/13/2004,Shipped,Qui_4,10.0,2004.0,Classic Cars,57.0,S24_1444,Office Supplies,Pencil,Marta's Replicas Co.,6175558555,39323 Spinnaker Dr.,Unknown,Cambridge,MA,51247,USA,,Hernandez,Marta,Small,Hernandez Marta,CHEAP,GOOD,1995.0,,,
10106.0,50.0,64.83,11.0,3241.5,2/17/2003,Shipped,Qui_1,2.0,2003.0,Planes,68.0,S24_3949,Office Supplies,Pencil,Rovelli Gifts,035-640555,Via Ludovico il Moro 22,Unknown,Bergamo,,24100,Italy,EMEA,Rovelli,Giovanni,Medium,Rovelli Giovanni,CHEAP,EXCELLENT,1974.0,,,
10382.0,39.0,100.0,1.0,4890.6,2/17/2005,Shipped,Qui_1,2.0,2005.0,Trucks and Buses,121.0,S18_4600,Furniture,Chair,Mini Gifts Distributors Ltd.,4155551450,5677 Strong St.,Unknown,San Rafael,CA,97562,USA,,Nelson,Valarie,Medium,Nelson Valarie,EXPENSIVE,GOOD,1996.0,,,
10194.0,41.0,44.78,9.0,1835.98,11/25/2003,Shipped,Qui_4,11.0,2003.0,Vintage Cars,50.0,S18_4668,Furniture,Cabinet,"Saveley & Henriot, Co.",78.32.5555,"2, rue du Commerce",Unknown,Lyon,,69004,France,EMEA,Saveley,Mary,Small,Saveley Mary,CHEAP,GOOD,1980.0,,,
10162.0,48.0,91.44,2.0,4389.12,10/18/2003,Shipped,Qui_4,10.0,2003.0,Vintage Cars,102.0,S18_1342,Furniture,Desk,Corporate Gift Ideas Co.,6505551386,7734 Strong St.,Unknown,San Francisco,CA,,USA,,Brown,Julie,Medium,Brown Julie,EXPENSIVE,GOOD,1974.0,,,
10264.0,37.0,65.1,6.0,2408.7,6/30/2004,Shipped,Qui_2,6.0,2004.0,Motorcycles,69.0,S24_2360,Office Supplies,Eraser,Gifts4AllAges.com,6175559555,8616 Spinnaker Dr.,Unknown,Boston,MA,51003,USA,,Yoshido,Juri,Small,Yoshido Juri,EXPENSIVE,GOOD,1995.0,,,
10423.0,21.0,89.29,5.0,1875.09,5/30/2005,In Process,Qui_2,5.0,2005.0,Vintage Cars,99.0,S18_3320,Furniture,Table,Petit Auto,(02) 5554 67,Rue Joseph-Bens 532,Unknown,Bruxelles,,B-1180,Belgium,EMEA,Dewey,Catherine,Small,Dewey Catherine,EXPENSIVE,GOOD,1995.0,,,
10217.0,39.0,62.05,7.0,2419.95,2/4/2004,Shipped,Qui_1,2.0,2004.0,Trucks and Buses,64.0,S32_3522,Office Supplies,Lamp,Handji Gifts& Co,+65 224 1555,Village Close - 106 Linden Road Sandown,2nd Floor,Singapore,,69045,Singapore,APAC,Victorino,Wendy,Small,Victorino Wendy,CHEAP,GOOD,1992.0,,,
10281.0,36.0,77.57,12.0,2792.52,8/19/2004,Shipped,Qui_3,8.0,2004.0,Trucks and Buses,64.0,S32_3522,Office Supplies,Lamp,Diecast Classics Inc.,2155551555,7586 Pompton St.,Unknown,Allentown,PA,70267,USA,,Yu,Kyung,Small,Yu Kyung,EXPENSIVE,GOOD,2000.0,,,
10388.0,50.0,100.0,3.0,7154.5,3/3/2005,Shipped,Qui_1,3.0,2005.0,Planes,118.0,S700_2834,Technology,Desktop,FunGiftIdeas.com,5085552555,1785 First Street,Unknown,New Bedford,MA,50553,USA,,Benitez,Violeta,Large,Benitez Violeta,EXPENSIVE,EXCELLENT,1970.0,,,
10119.0,28.0,70.29,2.0,1968.12,4/28/2003,Shipped,Qui_2,4.0,2003.0,Planes,68.0,S24_3949,Office Supplies,Pencil,Salzburg Collectables,6562-9555,Geislweg 14,Unknown,Salzburg,,5020,Austria,EMEA,Pipps,Georg,Small,Pipps Georg,EXPENSIVE,GOOD,1972.0,,,
10222.0,31.0,45.69,7.0,1416.39,2/19/2004,Shipped,Qui_1,2.0,2004.0,Planes,49.0,S72_1253,Accessories,Keyboard,Collectable Mini Designs Co.,7605558146,361 Furth Circle,Unknown,San Diego,CA,91217,USA,,Thompson,Valarie,Small,Thompson Valarie,CHEAP,GOOD,1992.0,,,
10307.0,31.0,83.44,7.0,2586.64,10/14/2004,Shipped,Qui_4,10.0,2004.0,Ships,86.0,S18_3029,Furniture,Table,"Classic Gift Ideas, Inc",2155554695,782 First Street,Unknown,Philadelphia,PA,71270,USA,,Cervantes,Francisca,Small,Cervantes Francisca,EXPENSIVE,GOOD,1960.0,,,
10266.0,40.0,100.0,11.0,4468.4,7/6/2004,Shipped,Qui_3,7.0,2004.0,Classic Cars,115.0,S12_4675,Furniture,Cabinet,L'ordine Souveniers,0522-556555,Strada Provinciale 124,Unknown,Reggio Emilia,,42100,Italy,EMEA,Moroni,Maurizio,Medium,Moroni Maurizio,EXPENSIVE,GOOD,1961.0,,,
10394.0,30.0,60.28,4.0,1808.4,3/15/2005,Shipped,Qui_1,3.0,2005.0,Trains,62.0,S32_3207,Office Supplies,Pen,Euro Shopping Channel,(91) 555 94 44,"C/ Moralzarzal, 86",Unknown,Madrid,,28034,Spain,EMEA,Freyre,Diego,Small,Freyre Diego,CHEAP,GOOD,1970.0,,,
10291.0,26.0,57.73,2.0,1500.98,9/8/2004,Shipped,Qui_3,9.0,2004.0,Trucks and Buses,60.0,S18_2432,Furniture,Table,Scandinavian Gift Ideas,0695-34 6555,?kergatan 24,Unknown,Boras,,S-844 67,Sweden,EMEA,Larsson,Maria,Small,Larsson Maria,CHEAP,GOOD,1964.0,,,
10325.0,38.0,100.0,4.0,5190.42,11/5/2004,Shipped,Qui_4,11.0,2004.0,Trucks and Buses,115.0,S50_1392,Accessories,Adapter,Baane Mini Imports,07-98 9555,Erling Skakkes gate 78,Unknown,Stavern,,4110,Norway,EMEA,Bergulfsen,Jonas,Medium,Bergulfsen Jonas,EXPENSIVE,GOOD,1999.0,,,
10133.0,41.0,94.1,5.0,3858.1,6/27/2003,Shipped,Qui_2,6.0,2003.0,Planes,109.0,S24_1785,Office Supplies,Ruler,Euro Shopping Channel,(91) 555 94 44,"C/ Moralzarzal, 86",Unknown,Madrid,,28034,Spain,EMEA,Freyre,Diego,Medium,Freyre Diego,EXPENSIVE,GOOD,1987.0,,,
10348.0,29.0,100.0,6.0,7110.8,11/1/2004,Shipped,Qui_4,11.0,2004.0,Vintage Cars,50.0,S18_4668,Furniture,Cabinet,"Corrida Auto Replicas, Ltd",(91) 555 22 82,"C/ Araquil, 67",Unknown,Madrid,,28023,Spain,EMEA,Sommer,Mart¡n,Large,Sommer Mart¡n,EXPENSIVE,GOOD,1980.0,,,
10350.0,29.0,75.35,12.0,2185.15,12/2/2004,Shipped,Qui_4,12.0,2004.0,Ships,72.0,S700_2610,Technology,Laptop,Euro Shopping Channel,(91) 555 94 44,"C/ Moralzarzal, 86",Unknown,Madrid,,28034,Spain,EMEA,Freyre,Diego,Small,Freyre Diego,EXPENSIVE,GOOD,1974.0,,,
10142.0,21.0,100.0,3.0,2334.99,8/8/2003,Shipped,Qui_3,8.0,2003.0,Ships,100.0,S700_3505,Technology,Laptop,Mini Gifts Distributors Ltd.,4155551450,5677 Strong St.,Unknown,San Rafael,CA,97562,USA,,Nelson,Valarie,Small,Nelson Valarie,EXPENSIVE,GOOD,1992.0,,,
10339.0,55.0,100.0,13.0,10758.0,11/23/2004,Shipped,Qui_4,11.0,2004.0,Vintage Cars,88.0,S24_3151,Office Supplies,Pencil,"Tokyo Collectables, Ltd",+81 3 3584 0555,2-2-8 Roppongi,Unknown,Minato-ku,Tokyo,106-0032,Japan,Japan,Shimamura,Akiko,Large,Shimamura Akiko,EXPENSIVE,EXCELLENT,1961.0,,,
10103.0,41.0,47.29,9.0,1938.89,1/29/2003,Shipped,Qui_1,1.0,2003.0,Vintage Cars,50.0,S18_4668,Furniture,Cabinet,Baane Mini Imports,07-98 9555,Erling Skakkes gate 78,Unknown,Stavern,,4110,Norway,EMEA,Bergulfsen,Jonas,Small,Bergulfsen Jonas,CHEAP,GOOD,1963.0,,,
10420.0,36.0,57.73,7.0,2078.28,5/29/2005,In Process,Qui_2,5.0,2005.0,Classic Cars,71.0,S18_4933,Furniture,Table,Souveniers And Things Co.,+61 2 9495 8555,"Monitor Money Building, 815 Pacific Hwy",Level 6,Chatswood,NSW,2067,Australia,APAC,Huxley,Adrian,Small,Huxley Adrian,CHEAP,GOOD,1960.0,,,
10140.0,38.0,100.0,8.0,4829.8,7/24/2003,Shipped,Qui_3,7.0,2003.0,Trucks and Buses,136.0,S12_1666,Furniture,Cabinet,Technics Stores Inc.,6505556809,9408 Furth Circle,Unknown,Burlingame,CA,94217,USA,,Hirano,Juri,Medium,Hirano Juri,EXPENSIVE,GOOD,1964.0,,,
10169.0,36.0,63.84,3.0,2298.24,11/4/2003,Shipped,Qui_4,11.0,2003.0,Classic Cars,79.0,S12_3990,Furniture,Bookshelf,"Anna's Decorations, Ltd",02 9936 8555,201 Miller Street,Level 15,North Sydney,NSW,2060,Australia,APAC,O'Hara,Anna,Small,O'Hara Anna,CHEAP,GOOD,1983.0,,,
10367.0,36.0,100.0,2.0,5018.4,1/12/2005,Resolved,Qui_1,1.0,2005.0,Classic Cars,37.0,S24_2972,Office Supplies,Eraser,Toys4GrownUps.com,6265557265,78934 Hillside Dr.,Unknown,Pasadena,CA,90003,USA,,Young,Julie,Medium,Young Julie,EXPENSIVE,GOOD,1995.0,,,
10235.0,34.0,72.55,11.0,2466.7,4/2/2004,Shipped,Qui_2,4.0,2004.0,Planes,74.0,S700_4002,Technology,Laptop,"Royal Canadian Collectables, Ltd.",(604) 555-4555,23 Tsawassen Blvd.,Unknown,Tsawassen,BC,T2F 8M4,Canada,,Lincoln,Elizabeth,Small,Lincoln Elizabeth,EXPENSIVE,GOOD,1999.0,,,
10339.0,30.0,62.16,1.0,1864.8,11/23/2004,Shipped,Qui_4,11.0,2004.0,Motorcycles,60.0,S18_2625,Furniture,Table,"Tokyo Collectables, Ltd",+81 3 3584 0555,2-2-8 Roppongi,Unknown,Minato-ku,Tokyo,106-0032,Japan,Japan,Shimamura,Akiko,Small,Shimamura Akiko,CHEAP,GOOD,1962.0,,,
10203.0,45.0,85.47,4.0,3846.15,12/2/2003,Shipped,Qui_4,12.0,2003.0,Classic Cars,77.0,S18_1889,Furniture,Bookshelf,Euro Shopping Channel,(91) 555 94 44,"C/ Moralzarzal, 86",Unknown,Madrid,,28034,Spain,EMEA,Freyre,Diego,Medium,Freyre Diego,EXPENSIVE,GOOD,1994.0,,,
10222.0,43.0,70.35,6.0,3025.05,2/19/2004,Shipped,Qui_1,2.0,2004.0,Vintage Cars,65.0,S24_3420,Office Supplies,Lamp,Collectable Mini Designs Co.,7605558146,361 Furth Circle,Unknown,San Diego,CA,91217,USA,,Thompson,Valarie,Medium,Thompson Valarie,EXPENSIVE,GOOD,1967.0,,,
10180.0,21.0,93.56,5.0,1964.76,11/11/2003,Shipped,Qui_4,11.0,2003.0,Motorcycles,81.0,S50_4713,Accessories,Headphone,Daedalus Designs Imports,20.16.1555,"184, chausse de Tournai",Unknown,Lille,,59000,France,EMEA,Rance,Martine,Small,Rance Martine,EXPENSIVE,GOOD,1972.0,,,
10311.0,43.0,100.0,10.0,5278.68,10/16/2004,Shipped,Qui_4,10.0,2004.0,Classic Cars,132.0,S18_2870,Furniture,Cabinet,Euro Shopping Channel,(91) 555 94 44,"C/ Moralzarzal, 86",Unknown,Madrid,,28034,Spain,EMEA,Freyre,Diego,Medium,Freyre Diego,EXPENSIVE,GOOD,1973.0,,,
10353.0,46.0,81.17,5.0,3733.82,12/4/2004,Shipped,Qui_4,12.0,2004.0,Motorcycles,99.0,S32_1374,Office Supplies,Eraser,Gift Ideas Corp.,2035554407,2440 Pompton St.,Unknown,Glendale,CT,97561,USA,,Lewis,Dan,Medium,Lewis Dan,EXPENSIVE,GOOD,1999.0,,,
10411.0,23.0,100.0,9.0,4140.23,5/1/2005,Shipped,Qui_2,5.0,2005.0,Classic Cars,214.0,S10_1949,Furniture,Desk,Quebec Home Shopping Network,(514) 555-8054,43 rue St. Laurent,Unknown,Montreal,Quebec,H1J 1C3,Canada,,Fresnisre,Jean,Medium,Fresnisre Jean,EXPENSIVE,GOOD,1971.0,,,
10270.0,21.0,63.35,5.0,1330.35,7/19/2004,Shipped,Qui_3,7.0,2004.0,Trucks and Buses,64.0,S32_3522,Office Supplies,Lamp,Souveniers And Things Co.,+61 2 9495 8555,"Monitor Money Building, 815 Pacific Hwy",Level 6,Chatswood,NSW,2067,Australia,APAC,Huxley,Adrian,Small,Huxley Adrian,CHEAP,GOOD,1992.0,,,
10349.0,33.0,46.53,1.0,1535.49,12/1/2004,Shipped,Qui_4,12.0,2004.0,Trucks and Buses,54.0,S32_2509,Office Supplies,Pen,Muscle Machine Inc,2125557413,4092 Furth Circle,Suite 400,NYC,NY,10022,USA,,Young,Jeff,Small,Young Jeff,CHEAP,GOOD,1977.0,,,
10350.0,34.0,50.33,7.0,1711.22,12/2/2004,Shipped,Qui_4,12.0,2004.0,Ships,122.0,S24_2011,Office Supplies,Pen,Euro Shopping Channel,(91) 555 94 44,"C/ Moralzarzal, 86",Unknown,Madrid,,28034,Spain,EMEA,Freyre,Diego,Small,Freyre Diego,CHEAP,GOOD,1977.0,,,
10293.0,21.0,100.0,2.0,2941.89,9/9/2004,Shipped,Qui_3,9.0,2004.0,Ships,122.0,S24_2011,Office Supplies,Pen,Amica Models & Co.,011-4988555,Via Monte Bianco 34,Unknown,Torino,,10100,Italy,EMEA,Accorti,Paolo,Small,Accorti Paolo,EXPENSIVE,GOOD,1975.0,,,
10385.0,37.0,85.54,2.0,3164.98,2/28/2005,Shipped,Qui_1,2.0,2005.0,Vintage Cars,83.0,S24_3816,Office Supplies,Pen,Mini Gifts Distributors Ltd.,4155551450,5677 Strong St.,Unknown,San Rafael,CA,97562,USA,,Nelson,Valarie,Medium,Nelson Valarie,EXPENSIVE,GOOD,1990.0,,,
10227.0,40.0,79.62,15.0,3184.8,3/2/2004,Shipped,Qui_1,3.0,2004.0,Classic Cars,85.0,S24_3191,Office Supplies,Ruler,"Saveley & Henriot, Co.",78.32.5555,"2, rue du Commerce",Unknown,Lyon,,69004,France,EMEA,Saveley,Mary,Medium,Saveley Mary,EXPENSIVE,GOOD,1989.0,,,
10283.0,22.0,88.15,10.0,1939.3,8/20/2004,Shipped,Qui_3,8.0,2004.0,Ships,100.0,S700_3505,Technology,Laptop,"Royal Canadian Collectables, Ltd.",(604) 555-4555,23 Tsawassen Blvd.,Unknown,Tsawassen,BC,T2F 8M4,Canada,,Lincoln,Elizabeth,Small,Lincoln Elizabeth,EXPENSIVE,GOOD,1990.0,,,
10276.0,30.0,100.0,5.0,3924.6,8/2/2004,Shipped,Qui_3,8.0,2004.0,Classic Cars,146.0,S18_3482,Furniture,Bookshelf,Online Mini Collectables,6175557555,7635 Spinnaker Dr.,Unknown,Brickhaven,MA,58339,USA,,Barajas,Miguel,Medium,Barajas Miguel,EXPENSIVE,GOOD,1992.0,,,
10313.0,21.0,100.0,11.0,2669.1,10/22/2004,Shipped,Qui_4,10.0,2004.0,Trucks and Buses,136.0,S12_1666,Furniture,Cabinet,Canadian Gift Exchange Network,(604) 555-3392,1900 Oak St.,Unknown,Vancouver,BC,V3F 2K1,Canada,,Tannamuri,Yoshi,Small,Tannamuri Yoshi,EXPENSIVE,GOOD,1985.0,,,
10412.0,60.0,100.0,9.0,11887.8,5/3/2005,Shipped,Qui_2,5.0,2005.0,Classic Cars,169.0,S18_3232,Furniture,Table,Euro Shopping Channel,(91) 555 94 44,"C/ Moralzarzal, 86",Unknown,Madrid,,28034,Spain,EMEA,Freyre,Diego,Large,Freyre Diego,EXPENSIVE,EXCELLENT,2000.0,,,
10275.0,28.0,63.97,12.0,1791.16,7/23/2004,Shipped,Qui_3,7.0,2004.0,Vintage Cars,68.0,S32_4289,Office Supplies,Ruler,La Rochelle Gifts,40.67.8555,"67, rue des Cinquante Otages",Unknown,Nantes,,44000,France,EMEA,Labrune,Janine,Small,Labrune Janine,CHEAP,GOOD,1992.0,,,
10359.0,49.0,62.09,5.0,3042.41,12/15/2004,Shipped,Qui_4,12.0,2004.0,Classic Cars,173.0,S12_3891,Furniture,Bookshelf,Reims Collectables,26.47.1555,59 rue de l'Abbaye,Unknown,Reims,,51100,France,EMEA,Henriot,Paul,Medium,Henriot Paul,CHEAP,GOOD,1965.0,,,
10308.0,46.0,66.04,10.0,3037.84,10/15/2004,Shipped,Qui_4,10.0,2004.0,Vintage Cars,68.0,S32_4289,Office Supplies,Ruler,Mini Classics,9145554562,3758 North Pendale Street,Unknown,White Plains,NY,24067,USA,,Frick,Steve,Medium,Frick Steve,EXPENSIVE,GOOD,1977.0,,,
10120.0,49.0,50.62,12.0,2480.38,4/29/2003,Shipped,Qui_2,4.0,2003.0,Vintage Cars,43.0,S50_1341,Accessories,Keyboard,"Australian Collectors, Co.",03 9520 4555,636 St Kilda Road,Level 3,Melbourne,Victoria,3004,Australia,APAC,Ferguson,Peter,Small,Ferguson Peter,CHEAP,GOOD,1970.0,,,
10194.0,49.0,100.0,1.0,5760.93,11/25/2003,Shipped,Qui_4,11.0,2003.0,Trucks and Buses,127.0,S24_2300,Office Supplies,Pen,"Saveley & Henriot, Co.",78.32.5555,"2, rue du Commerce",Unknown,Lyon,,69004,France,EMEA,Saveley,Mary,Medium,Saveley Mary,EXPENSIVE,GOOD,1999.0,,,
10390.0,35.0,65.13,4.0,2279.55,3/4/2005,Shipped,Qui_1,3.0,2005.0,Motorcycles,69.0,S24_2360,Office Supplies,Eraser,Mini Gifts Distributors Ltd.,4155551450,5677 Strong St.,Unknown,San Rafael,CA,97562,USA,,Nelson,Valarie,Small,Nelson Valarie,EXPENSIVE,GOOD,1974.0,,,
10159.0,27.0,80.34,11.0,2169.18,10/10/2003,Shipped,Qui_4,10.0,2003.0,Motorcycles,69.0,S24_2360,Office Supplies,Eraser,Corporate Gift Ideas Co.,6505551386,7734 Strong St.,Unknown,San Francisco,CA,,USA,,Brown,Julie,Small,Brown Julie,EXPENSIVE,GOOD,1976.0,,,
10131.0,40.0,100.0,1.0,4427.6,6/16/2003,Shipped,Qui_2,6.0,2003.0,Planes,99.0,S700_2466,Technology,Smart watch,Gift Ideas Corp.,2035554407,2440 Pompton St.,Unknown,Glendale,CT,97561,USA,,Lewis,Dan,Medium,Lewis Dan,EXPENSIVE,GOOD,1967.0,,,
10363.0,46.0,60.3,10.0,2773.8,1/6/2005,Shipped,Qui_1,1.0,2005.0,Classic Cars,80.0,S18_3278,Furniture,Cabinet,Suominen Souveniers,+358 9 8045 555,"Software Engineering Center, SEC Oy",Unknown,Espoo,,FIN-02271,Finland,EMEA,Suominen,Kalle,Small,Suominen Kalle,CHEAP,GOOD,1968.0,,,
10143.0,31.0,85.29,16.0,2643.99,8/10/2003,Shipped,Qui_3,8.0,2003.0,Ships,72.0,S700_2610,Technology,Laptop,Mini Creations Ltd.,5085559555,4575 Hillside Dr.,Unknown,New Bedford,MA,50553,USA,,Tam,Wing C,Small,Tam WingC,EXPENSIVE,GOOD,1960.0,,,
10420.0,45.0,100.0,2.0,4977.0,5/29/2005,In Process,Qui_2,5.0,2005.0,Vintage Cars,127.0,S18_2325,Furniture,Table,Souveniers And Things Co.,+61 2 9495 8555,"Monitor Money Building, 815 Pacific Hwy",Level 6,Chatswood,NSW,2067,Australia,APAC,Huxley,Adrian,Medium,Huxley Adrian,EXPENSIVE,GOOD,1966.0,,,
10390.0,37.0,100.0,5.0,4894.73,3/4/2005,Shipped,Qui_1,3.0,2005.0,Classic Cars,37.0,S24_2972,Office Supplies,Eraser,Mini Gifts Distributors Ltd.,4155551450,5677 Strong St.,Unknown,San Rafael,CA,97562,USA,,Nelson,Valarie,Medium,Nelson Valarie,EXPENSIVE,GOOD,1990.0,,,
10281.0,25.0,100.0,5.0,4191.25,8/19/2004,Shipped,Qui_3,8.0,2004.0,Classic Cars,169.0,S18_3232,Furniture,Table,Diecast Classics Inc.,2155551555,7586 Pompton St.,Unknown,Allentown,PA,70267,USA,,Yu,Kyung,Medium,Yu Kyung,EXPENSIVE,GOOD,1989.0,,,
10331.0,26.0,67.91,12.0,1765.66,11/17/2004,Shipped,Qui_4,11.0,2004.0,Classic Cars,141.0,S18_3685,Furniture,Bookshelf,Motor Mint Distributors Inc.,2155559857,11328 Douglas Av.,Unknown,Philadelphia,PA,71270,USA,,Hernandez,Rosa,Small,Hernandez Rosa,EXPENSIVE,GOOD,1983.0,,,
10284.0,22.0,100.0,3.0,2310.88,8/21/2004,Shipped,Qui_3,8.0,2004.0,Planes,109.0,S24_1785,Office Supplies,Ruler,"Norway Gifts By Mail, Co.",+47 2212 1555,"Drammensveien 126 A, PB 744 Sentrum",Unknown,Oslo,,N 0106,Norway,EMEA,Klaeboe,Jan,Small,Klaeboe Jan,EXPENSIVE,GOOD,1983.0,,,
10402.0,45.0,100.0,1.0,5833.8,4/7/2005,Shipped,Qui_2,4.0,2005.0,Motorcycles,118.0,S10_2016,Furniture,Chair,Auto Canal Petit,(1) 47.55.6555,"25, rue Lauriston",Unknown,Paris,,75016,France,EMEA,Perrier,Dominique,Medium,Perrier Dominique,EXPENSIVE,GOOD,1979.0,,,
10373.0,45.0,55.62,17.0,2502.9,1/31/2005,Shipped,Qui_1,1.0,2005.0,Planes,74.0,S700_4002,Technology,Laptop,"Oulu Toy Supplies, Inc.",981-443655,Torikatu 38,Unknown,Oulu,,90110,Finland,EMEA,Koskitalo,Pirkko,Small,Koskitalo Pirkko,CHEAP,GOOD,1965.0,,,
10314.0,28.0,100.0,12.0,3403.12,10/22/2004,Shipped,Qui_4,10.0,2004.0,Trucks and Buses,115.0,S50_1392,Accessories,Adapter,Heintze Collectables,86 21 3555,Smagsloget 45,Unknown,Aaarhus,,8200,Denmark,EMEA,Ibsen,Palle,Medium,Ibsen Palle,EXPENSIVE,GOOD,1975.0,,,
10288.0,23.0,73.41,7.0,1688.43,9/1/2004,Shipped,Qui_3,9.0,2004.0,Classic Cars,71.0,S18_4933,Furniture,Table,Handji Gifts& Co,+65 224 1555,Village Close - 106 Linden Road Sandown,2nd Floor,Singapore,,69045,Singapore,APAC,Victorino,Wendy,Small,Victorino Wendy,EXPENSIVE,GOOD,1999.0,,,
10196.0,27.0,100.0,8.0,4537.08,11/26/2003,Shipped,Qui_4,11.0,2003.0,Classic Cars,143.0,S18_4027,Furniture,Table,Super Scale Inc.,2035559545,567 North Pendale Street,Unknown,New Haven,CT,97823,USA,,Murphy,Leslie,Medium,Murphy Leslie,EXPENSIVE,GOOD,1990.0,,,
10121.0,32.0,76.88,2.0,2460.16,5/7/2003,Shipped,Qui_2,5.0,2003.0,Motorcycles,69.0,S24_2360,Office Supplies,Eraser,Reims Collectables,26.47.1555,59 rue de l'Abbaye,Unknown,Reims,,51100,France,EMEA,Henriot,Paul,Small,Henriot Paul,EXPENSIVE,GOOD,1995.0,,,
10281.0,29.0,57.73,7.0,1674.17,8/19/2004,Shipped,Qui_3,8.0,2004.0,Trucks and Buses,60.0,S18_2432,Furniture,Table,Diecast Classics Inc.,2155551555,7586 Pompton St.,Unknown,Allentown,PA,70267,USA,,Yu,Kyung,Small,Yu Kyung,CHEAP,GOOD,1979.0,,,
10262.0,32.0,84.3,15.0,2697.6,6/24/2004,Cancelled,Qui_2,6.0,2004.0,Ships,86.0,S18_3029,Furniture,Table,Euro Shopping Channel,(91) 555 94 44,"C/ Moralzarzal, 86",Unknown,Madrid,,28034,Spain,EMEA,Freyre,Diego,Small,Freyre Diego,EXPENSIVE,GOOD,1973.0,,,
10103.0,31.0,100.0,3.0,3224.31,1/29/2003,Shipped,Qui_1,1.0,2003.0,Trucks and Buses,96.0,S32_1268,Office Supplies,Eraser,Baane Mini Imports,07-98 9555,Erling Skakkes gate 78,Unknown,Stavern,,4110,Norway,EMEA,Bergulfsen,Jonas,Medium,Bergulfsen Jonas,EXPENSIVE,GOOD,1998.0,,,
10416.0,18.0,75.06,13.0,1351.08,5/10/2005,Shipped,Qui_2,5.0,2005.0,Planes,68.0,S24_3949,Office Supplies,Pencil,L'ordine Souveniers,0522-556555,Strada Provinciale 124,Unknown,Reggio Emilia,,42100,Italy,EMEA,Moroni,Maurizio,Small,Moroni Maurizio,EXPENSIVE,GOOD,1969.0,,,
10211.0,21.0,63.72,11.0,1338.12,1/15/2004,Shipped,Qui_1,1.0,2004.0,Motorcycles,69.0,S24_2360,Office Supplies,Eraser,Auto Canal Petit,(1) 47.55.6555,"25, rue Lauriston",Unknown,Paris,,75016,France,EMEA,Perrier,Dominique,Small,Perrier Dominique,CHEAP,GOOD,1970.0,,,
10162.0,29.0,100.0,9.0,5176.5,10/18/2003,Shipped,Qui_4,10.0,2003.0,Vintage Cars,170.0,S18_1749,Furniture,Desk,Corporate Gift Ideas Co.,6505551386,7734 Strong St.,Unknown,San Francisco,CA,,USA,,Brown,Julie,Medium,Brown Julie,EXPENSIVE,GOOD,1964.0,,,
10169.0,38.0,74.11,11.0,2816.18,11/4/2003,Shipped,Qui_4,11.0,2003.0,Motorcycles,69.0,S24_2360,Office Supplies,Eraser,"Anna's Decorations, Ltd",02 9936 8555,201 Miller Street,Level 15,North Sydney,NSW,2060,Australia,APAC,O'Hara,Anna,Small,O'Hara Anna,EXPENSIVE,GOOD,1983.0,,,
10122.0,28.0,100.0,15.0,3583.16,5/8/2003,Shipped,Qui_2,5.0,2003.0,Classic Cars,148.0,S18_4721,Furniture,Table,Marseille Mini Autos,91.24.4555,"12, rue des Bouchers",Unknown,Marseille,,13008,France,EMEA,Lebihan,Laurence,Medium,Lebihan Laurence,EXPENSIVE,GOOD,1970.0,,,
10210.0,46.0,79.91,5.0,3675.86,1/12/2004,Shipped,Qui_1,1.0,2004.0,Motorcycles,99.0,S32_1374,Office Supplies,Eraser,Osaka Souveniers Co.,+81 06 6342 5555,"Dojima Avanza 4F, 1-6-20 Dojima, Kita-ku",Unknown,Osaka,Osaka,530-0003,Japan,Japan,Kentary,Mory,Medium,Kentary Mory,EXPENSIVE,GOOD,1961.0,,,
10147.0,30.0,68.58,6.0,2057.4,9/5/2003,Shipped,Qui_3,9.0,2003.0,Classic Cars,61.0,S24_3371,Office Supplies,Eraser,Collectables For Less Inc.,6175558555,7825 Douglas Av.,Unknown,Brickhaven,MA,58339,USA,,Nelson,Allen,Small,Nelson Allen,EXPENSIVE,GOOD,1978.0,,,
10288.0,31.0,100.0,2.0,3822.92,9/1/2004,Shipped,Qui_3,9.0,2004.0,Vintage Cars,127.0,S18_2325,Furniture,Table,Handji Gifts& Co,+65 224 1555,Village Close - 106 Linden Road Sandown,2nd Floor,Singapore,,69045,Singapore,APAC,Victorino,Wendy,Medium,Victorino Wendy,EXPENSIVE,GOOD,1997.0,,,
10373.0,46.0,66.0,11.0,3036.0,1/31/2005,Shipped,Qui_1,1.0,2005.0,Vintage Cars,65.0,S24_3420,Office Supplies,Lamp,"Oulu Toy Supplies, Inc.",981-443655,Torikatu 38,Unknown,Oulu,,90110,Finland,EMEA,Koskitalo,Pirkko,Medium,Koskitalo Pirkko,EXPENSIVE,GOOD,1994.0,,,
10190.0,40.0,66.72,2.0,2668.8,11/19/2003,Shipped,Qui_4,11.0,2003.0,Motorcycles,81.0,S50_4713,Accessories,Headphone,Euro Shopping Channel,(91) 555 94 44,"C/ Moralzarzal, 86",Unknown,Madrid,,28034,Spain,EMEA,Freyre,Diego,Small,Freyre Diego,EXPENSIVE,GOOD,1994.0,,,
10313.0,30.0,99.13,9.0,2973.9,10/22/2004,Shipped,Qui_4,10.0,2004.0,Classic Cars,101.0,S700_2824,Technology,Desktop,Canadian Gift Exchange Network,(604) 555-3392,1900 Oak St.,Unknown,Vancouver,BC,V3F 2K1,Canada,,Tannamuri,Yoshi,Small,Tannamuri Yoshi,EXPENSIVE,GOOD,1977.0,,,
10212.0,40.0,100.0,11.0,5554.4,1/16/2004,Shipped,Qui_1,1.0,2004.0,Classic Cars,169.0,S18_3232,Furniture,Table,Euro Shopping Channel,(91) 555 94 44,"C/ Moralzarzal, 86",Unknown,Madrid,,28034,Spain,EMEA,Freyre,Diego,Medium,Freyre Diego,EXPENSIVE,GOOD,1973.0,,,
10403.0,45.0,100.0,5.0,5189.4,4/8/2005,Shipped,Qui_2,4.0,2005.0,Motorcycles,102.0,S32_4485,Office Supplies,Ruler,"UK Collectables, Ltd.",(171) 555-2282,Berkeley Gardens 12  Brewery,Unknown,Liverpool,,WX1 6LT,UK,EMEA,Devon,Elizabeth,Medium,Devon Elizabeth,EXPENSIVE,GOOD,1985.0,,,
10416.0,45.0,100.0,2.0,4764.6,5/10/2005,Shipped,Qui_2,5.0,2005.0,Motorcycles,99.0,S32_1374,Office Supplies,Eraser,L'ordine Souveniers,0522-556555,Strada Provinciale 124,Unknown,Reggio Emilia,,42100,Italy,EMEA,Moroni,Maurizio,Medium,Moroni Maurizio,EXPENSIVE,GOOD,1962.0,,,
10175.0,22.0,100.0,8.0,2436.72,11/6/2003,Shipped,Qui_4,11.0,2003.0,Trucks and Buses,96.0,S32_1268,Office Supplies,Eraser,"Stylish Desk Decors, Co.",(171) 555-0297,35 King George,Unknown,London,,WX3 6FW,UK,EMEA,Brown,Ann,Small,Brown Ann,EXPENSIVE,GOOD,1967.0,,,
10210.0,31.0,86.4,13.0,2678.4,1/12/2004,Shipped,Qui_1,1.0,2004.0,Planes,80.0,S700_3167,Technology,Smart watch,Osaka Souveniers Co.,+81 06 6342 5555,"Dojima Avanza 4F, 1-6-20 Dojima, Kita-ku",Unknown,Osaka,Osaka,530-0003,Japan,Japan,Kentary,Mory,Small,Kentary Mory,EXPENSIVE,GOOD,1961.0,,,
10280.0,34.0,100.0,2.0,8014.82,8/17/2004,Shipped,Qui_3,8.0,2004.0,Classic Cars,214.0,S10_1949,Furniture,Desk,Amica Models & Co.,011-4988555,Via Monte Bianco 34,Unknown,Torino,,10100,Italy,EMEA,Accorti,Paolo,Large,Accorti Paolo,EXPENSIVE,GOOD,1971.0,,,
10270.0,46.0,88.0,4.0,4048.0,7/19/2004,Shipped,Qui_3,7.0,2004.0,Classic Cars,101.0,S700_2824,Technology,Desktop,Souveniers And Things Co.,+61 2 9495 8555,"Monitor Money Building, 815 Pacific Hwy",Level 6,Chatswood,NSW,2067,Australia,APAC,Huxley,Adrian,Medium,Huxley Adrian,EXPENSIVE,GOOD,1971.0,,,
10176.0,23.0,100.0,9.0,3114.89,11/6/2003,Shipped,Qui_4,11.0,2003.0,Trucks and Buses,115.0,S50_1392,Accessories,Adapter,L'ordine Souveniers,0522-556555,Strada Provinciale 124,Unknown,Reggio Emilia,,42100,Italy,EMEA,Moroni,Maurizio,Medium,Moroni Maurizio,EXPENSIVE,GOOD,1993.0,,,
10348.0,32.0,82.83,7.0,2650.56,11/1/2004,Shipped,Qui_4,11.0,2004.0,Classic Cars,101.0,S700_2824,Technology,Desktop,"Corrida Auto Replicas, Ltd",(91) 555 22 82,"C/ Araquil, 67",Unknown,Madrid,,28023,Spain,EMEA,Sommer,Mart¡n,Small,Sommer Mart¡n,EXPENSIVE,GOOD,1985.0,,,
10373.0,28.0,57.55,4.0,1611.4,1/31/2005,Shipped,Qui_1,1.0,2005.0,Planes,157.0,S18_1662,Furniture,Cabinet,"Oulu Toy Supplies, Inc.",981-443655,Torikatu 38,Unknown,Oulu,,90110,Finland,EMEA,Koskitalo,Pirkko,Small,Koskitalo Pirkko,CHEAP,GOOD,1991.0,,,
10423.0,28.0,78.89,4.0,2208.92,5/30/2005,In Process,Qui_2,5.0,2005.0,Vintage Cars,97.0,S24_4258,Office Supplies,Pencil,Petit Auto,(02) 5554 67,Rue Joseph-Bens 532,Unknown,Bruxelles,,B-1180,Belgium,EMEA,Dewey,Catherine,Small,Dewey Catherine,EXPENSIVE,GOOD,1977.0,,,
10327.0,25.0,45.86,5.0,1146.5,11/10/2004,Resolved,Qui_4,11.0,2004.0,Ships,86.0,S18_3029,Furniture,Table,Danish Wholesale Imports,31 12 3555,Vinb'ltet 34,Unknown,Kobenhavn,,1734,Denmark,EMEA,Petersen,Jytte,Small,Petersen Jytte,CHEAP,GOOD,1997.0,,,
10278.0,31.0,100.0,4.0,4116.8,8/6/2004,Shipped,Qui_3,8.0,2004.0,Classic Cars,141.0,S18_3685,Furniture,Bookshelf,Signal Gift Stores,7025551838,8489 Strong St.,Unknown,Las Vegas,NV,83030,USA,,King,Sue,Medium,King Sue,EXPENSIVE,GOOD,1993.0,,,
10332.0,40.0,39.8,18.0,1592.0,11/17/2004,Shipped,Qui_4,11.0,2004.0,Vintage Cars,104.0,S18_3136,Furniture,Table,"AV Stores, Co.",(171) 555-1555,Fauntleroy Circus,Unknown,Manchester,,EC2 5NT,UK,EMEA,Ashworth,Victoria,Small,Ashworth Victoria,CHEAP,GOOD,1981.0,,,
10184.0,37.0,100.0,6.0,4516.22,11/14/2003,Shipped,Qui_4,11.0,2003.0,Trucks and Buses,118.0,S12_4473,Furniture,Cabinet,"Iberia Gift Imports, Corp.",(95) 555 82 82,"C/ Romero, 33",Unknown,Sevilla,,41101,Spain,EMEA,Roel,Jose Pedro,Medium,Roel JosePedro,EXPENSIVE,GOOD,1997.0,,,
10292.0,41.0,100.0,6.0,4983.14,9/8/2004,Shipped,Qui_3,9.0,2004.0,Trucks and Buses,115.0,S50_1392,Accessories,Adapter,Land of Toys Inc.,2125557818,897 Long Airport Avenue,Unknown,NYC,NY,10022,USA,,Yu,Kwai,Medium,Yu Kwai,EXPENSIVE,GOOD,1960.0,,,
10296.0,26.0,48.44,1.0,1259.44,9/15/2004,Shipped,Qui_3,9.0,2004.0,Vintage Cars,43.0,S50_1341,Accessories,Keyboard,"Bavarian Collectables Imports, Co.",+49 89 61 08 9555,Hansastr. 15,Unknown,Munich,,80686,Germany,EMEA,Donnermeyer,Michael,Small,Donnermeyer Michael,CHEAP,GOOD,1974.0,,,
10275.0,30.0,79.98,6.0,2399.4,7/23/2004,Shipped,Qui_3,7.0,2004.0,Motorcycles,76.0,S24_2000,Office Supplies,Pen,La Rochelle Gifts,40.67.8555,"67, rue des Cinquante Otages",Unknown,Nantes,,44000,France,EMEA,Labrune,Janine,Small,Labrune Janine,EXPENSIVE,GOOD,1997.0,,,
10383.0,27.0,100.0,11.0,3843.99,2/22/2005,Shipped,Qui_1,2.0,2005.0,Trucks and Buses,122.0,S18_2319,Furniture,Chair,Euro Shopping Channel,(91) 555 94 44,"C/ Moralzarzal, 86",Unknown,Madrid,,28034,Spain,EMEA,Freyre,Diego,Medium,Freyre Diego,EXPENSIVE,GOOD,1985.0,,,
10167.0,32.0,63.12,3.0,2019.84,10/23/2003,Cancelled,Qui_4,10.0,2003.0,Vintage Cars,65.0,S24_3420,Office Supplies,Lamp,Scandinavian Gift Ideas,0695-34 6555,?kergatan 24,Unknown,Boras,,S-844 67,Sweden,EMEA,Larsson,Maria,Small,Larsson Maria,CHEAP,GOOD,1984.0,,,
10131.0,21.0,100.0,4.0,2781.66,6/16/2003,Shipped,Qui_2,6.0,2003.0,Planes,157.0,S18_1662,Furniture,Cabinet,Gift Ideas Corp.,2035554407,2440 Pompton St.,Unknown,Glendale,CT,97561,USA,,Lewis,Dan,Small,Lewis Dan,EXPENSIVE,GOOD,1984.0,,,
10225.0,35.0,100.0,14.0,5260.15,2/22/2004,Shipped,Qui_1,2.0,2004.0,Classic Cars,148.0,S18_4721,Furniture,Table,"Vida Sport, Ltd",0897-034555,Grenzacherweg 237,Unknown,Gensve,,1203,Switzerland,EMEA,Holz,Michael,Medium,Holz Michael,EXPENSIVE,GOOD,1978.0,,,
10325.0,42.0,64.0,8.0,2688.0,11/5/2004,Shipped,Qui_4,11.0,2004.0,Classic Cars,207.0,S12_1108,Furniture,Chair,Baane Mini Imports,07-98 9555,Erling Skakkes gate 78,Unknown,Stavern,,4110,Norway,EMEA,Bergulfsen,Jonas,Small,Bergulfsen Jonas,CHEAP,GOOD,1968.0,,,
10312.0,23.0,37.63,12.0,865.49,10/21/2004,Shipped,Qui_4,10.0,2004.0,Vintage Cars,44.0,S24_2022,Office Supplies,Lamp,Mini Gifts Distributors Ltd.,4155551450,5677 Strong St.,Unknown,San Rafael,CA,97562,USA,,Nelson,Valarie,Small,Nelson Valarie,CHEAP,GOOD,1963.0,,,
10414.0,44.0,73.98,1.0,3255.12,5/6/2005,On Hold,Qui_2,5.0,2005.0,Ships,86.0,S18_3029,Furniture,Table,Gifts4AllAges.com,6175559555,8616 Spinnaker Dr.,Unknown,Boston,MA,51003,USA,,Yoshido,Juri,Medium,Yoshido Juri,EXPENSIVE,GOOD,1991.0,,,
10367.0,23.0,36.29,13.0,834.67,1/12/2005,Resolved,Qui_1,1.0,2005.0,Vintage Cars,33.0,S24_1937,Office Supplies,Lamp,Toys4GrownUps.com,6265557265,78934 Hillside Dr.,Unknown,Pasadena,CA,90003,USA,,Young,Julie,Small,Young Julie,CHEAP,GOOD,1982.0,,,
10332.0,41.0,77.24,14.0,3166.84,11/17/2004,Shipped,Qui_4,11.0,2004.0,Vintage Cars,41.0,S24_3969,Office Supplies,Eraser,"AV Stores, Co.",(171) 555-1555,Fauntleroy Circus,Unknown,Manchester,,EC2 5NT,UK,EMEA,Ashworth,Victoria,Medium,Ashworth Victoria,EXPENSIVE,GOOD,1986.0,,,
10104.0,44.0,39.6,10.0,1742.4,1/31/2003,Shipped,Qui_1,1.0,2003.0,Classic Cars,35.0,S24_2840,Office Supplies,Pencil,Euro Shopping Channel,(91) 555 94 44,"C/ Moralzarzal, 86",Unknown,Madrid,,28034,Spain,EMEA,Freyre,Diego,Small,Freyre Diego,CHEAP,GOOD,1975.0,,,
10207.0,49.0,80.9,14.0,3964.1,12/9/2003,Shipped,Qui_4,12.0,2003.0,Trucks and Buses,96.0,S32_1268,Office Supplies,Eraser,Diecast Collectables,6175552555,6251 Ingle Ln.,Unknown,Boston,MA,51003,USA,,Franco,Valarie,Medium,Franco Valarie,EXPENSIVE,GOOD,1960.0,,,
10184.0,46.0,100.0,5.0,7381.16,11/14/2003,Shipped,Qui_4,11.0,2003.0,Classic Cars,163.0,S18_2238,Furniture,Table,"Iberia Gift Imports, Corp.",(95) 555 82 82,"C/ Romero, 33",Unknown,Sevilla,,41101,Spain,EMEA,Roel,Jose Pedro,Large,Roel JosePedro,EXPENSIVE,GOOD,1976.0,,,
10237.0,23.0,100.0,7.0,2333.12,4/5/2004,Shipped,Qui_2,4.0,2004.0,Motorcycles,95.0,S10_1678,Furniture,Cabinet,Vitachrome Inc.,2125551500,2678 Kingston Rd.,Suite 101,NYC,NY,10022,USA,,Frick,Michael,Small,Frick Michael,EXPENSIVE,GOOD,1969.0,,,
10325.0,47.0,64.93,6.0,3051.71,11/5/2004,Shipped,Qui_4,11.0,2004.0,Classic Cars,136.0,S10_4757,Furniture,Desk,Baane Mini Imports,07-98 9555,Erling Skakkes gate 78,Unknown,Stavern,,4110,Norway,EMEA,Bergulfsen,Jonas,Medium,Bergulfsen Jonas,CHEAP,GOOD,1978.0,,,
10296.0,31.0,53.92,9.0,1671.52,9/15/2004,Shipped,Qui_3,9.0,2004.0,Vintage Cars,65.0,S24_3420,Office Supplies,Lamp,"Bavarian Collectables Imports, Co.",+49 89 61 08 9555,Hansastr. 15,Unknown,Munich,,80686,Germany,EMEA,Donnermeyer,Michael,Small,Donnermeyer Michael,CHEAP,GOOD,1981.0,,,
10168.0,36.0,96.66,1.0,3479.76,10/28/2003,Shipped,Qui_4,10.0,2003.0,Motorcycles,95.0,S10_1678,Furniture,Cabinet,Technics Stores Inc.,6505556809,9408 Furth Circle,Unknown,Burlingame,CA,94217,USA,,Hirano,Juri,Medium,Hirano Juri,EXPENSIVE,GOOD,1991.0,,,
10352.0,23.0,100.0,3.0,2352.67,12/3/2004,Shipped,Qui_4,12.0,2004.0,Ships,90.0,S700_2047,Technology,Tablet,Auto-Moto Classics Inc.,6175558428,16780 Pompton St.,Unknown,Brickhaven,MA,58339,USA,,Taylor,Leslie,Small,Taylor Leslie,EXPENSIVE,GOOD,1961.0,,,
10356.0,22.0,72.41,6.0,1593.02,12/9/2004,Shipped,Qui_4,12.0,2004.0,Vintage Cars,53.0,S18_1367,Furniture,Cabinet,Lyon Souveniers,+33 1 46 62 7555,27 rue du Colonel Pierre Avia,Unknown,Paris,,75508,France,EMEA,Da Cunha,Daniel,Small,DaCunha Daniel,EXPENSIVE,GOOD,1972.0,,,
10370.0,49.0,100.0,8.0,8470.14,1/20/2005,Shipped,Qui_1,1.0,2005.0,Trucks and Buses,136.0,S12_1666,Furniture,Cabinet,"Anna's Decorations, Ltd",02 9936 8555,201 Miller Street,Level 15,North Sydney,NSW,2060,Australia,APAC,O'Hara,Anna,Large,O'Hara Anna,EXPENSIVE,GOOD,1995.0,,,
10212.0,39.0,100.0,16.0,4946.76,1/16/2004,Shipped,Qui_1,1.0,2004.0,Classic Cars,117.0,S12_3380,Furniture,Bookshelf,Euro Shopping Channel,(91) 555 94 44,"C/ Moralzarzal, 86",Unknown,Madrid,,28034,Spain,EMEA,Freyre,Diego,Medium,Freyre Diego,EXPENSIVE,GOOD,1961.0,,,
10275.0,27.0,62.31,10.0,1682.37,7/23/2004,Shipped,Qui_3,7.0,2004.0,Planes,72.0,S24_4278,Office Supplies,Eraser,La Rochelle Gifts,40.67.8555,"67, rue des Cinquante Otages",Unknown,Nantes,,44000,France,EMEA,Labrune,Janine,Small,Labrune Janine,CHEAP,GOOD,1964.0,,,
10224.0,50.0,77.29,3.0,3864.5,2/21/2004,Shipped,Qui_1,2.0,2004.0,Motorcycles,81.0,S50_4713,Accessories,Headphone,Daedalus Designs Imports,20.16.1555,"184, chausse de Tournai",Unknown,Lille,,59000,France,EMEA,Rance,Martine,Medium,Rance Martine,EXPENSIVE,EXCELLENT,1974.0,,,
10198.0,48.0,67.82,5.0,3255.36,11/27/2003,Shipped,Qui_4,11.0,2003.0,Planes,68.0,S24_2841,Office Supplies,Pencil,Cruz & Sons Co.,+63 2 555 3587,15 McCallum Street - NatWest Center #13-03,Unknown,Makati City,,1227 MM,Philippines,Japan,Cruz,Arnold,Medium,Cruz Arnold,EXPENSIVE,GOOD,1974.0,,,
10276.0,48.0,75.18,7.0,3608.64,8/2/2004,Shipped,Qui_3,8.0,2004.0,Classic Cars,80.0,S24_4620,Office Supplies,Lamp,Online Mini Collectables,6175557555,7635 Spinnaker Dr.,Unknown,Brickhaven,MA,58339,USA,,Barajas,Miguel,Medium,Barajas Miguel,EXPENSIVE,GOOD,1975.0,,,
10415.0,21.0,67.82,1.0,1424.22,5/9/2005,Disputed,Qui_2,5.0,2005.0,Planes,68.0,S24_2841,Office Supplies,Pencil,"Australian Collectables, Ltd",61-9-3844-6555,7 Allen Street,Unknown,Glen Waverly,Victoria,3150,Australia,APAC,Connery,Sean,Small,Connery Sean,EXPENSIVE,GOOD,1993.0,,,
10336.0,23.0,100.0,8.0,3141.57,11/20/2004,Shipped,Qui_4,11.0,2004.0,Trucks and Buses,115.0,S50_1392,Accessories,Adapter,"La Corne D'abondance, Co.",(1) 42.34.2555,"265, boulevard Charonne",Unknown,Paris,,75012,France,EMEA,Bertrand,Marie,Medium,Bertrand Marie,EXPENSIVE,GOOD,1989.0,,,
10238.0,20.0,74.21,4.0,1484.2,4/9/2004,Shipped,Qui_2,4.0,2004.0,Classic Cars,79.0,S12_3990,Furniture,Bookshelf,Danish Wholesale Imports,31 12 3555,Vinb'ltet 34,Unknown,Kobenhavn,,1734,Denmark,EMEA,Petersen,Jytte,Small,Petersen Jytte,EXPENSIVE,GOOD,1998.0,,,
10350.0,25.0,60.34,10.0,1508.5,12/2/2004,Shipped,Qui_4,12.0,2004.0,Vintage Cars,83.0,S24_3816,Office Supplies,Pen,Euro Shopping Channel,(91) 555 94 44,"C/ Moralzarzal, 86",Unknown,Madrid,,28034,Spain,EMEA,Freyre,Diego,Small,Freyre Diego,CHEAP,GOOD,1994.0,,,
10262.0,49.0,87.21,16.0,4273.29,6/24/2004,Cancelled,Qui_2,6.0,2004.0,Vintage Cars,83.0,S24_3816,Office Supplies,Pen,Euro Shopping Channel,(91) 555 94 44,"C/ Moralzarzal, 86",Unknown,Madrid,,28034,Spain,EMEA,Freyre,Diego,Medium,Freyre Diego,EXPENSIVE,GOOD,1995.0,,,
10389.0,26.0,99.04,4.0,2575.04,3/3/2005,Shipped,Qui_1,3.0,2005.0,Classic Cars,194.0,S12_1099,Furniture,Bookshelf,Scandinavian Gift Ideas,0695-34 6555,?kergatan 24,Unknown,Boras,,S-844 67,Sweden,EMEA,Larsson,Maria,Small,Larsson Maria,EXPENSIVE,GOOD,1964.0,,,
10205.0,36.0,100.0,2.0,3735.72,12/3/2003,Shipped,Qui_4,12.0,2003.0,Vintage Cars,102.0,S18_1342,Furniture,Desk,Euro Shopping Channel,(91) 555 94 44,"C/ Moralzarzal, 86",Unknown,Madrid,,28034,Spain,EMEA,Freyre,Diego,Medium,Freyre Diego,EXPENSIVE,GOOD,1986.0,,,
10370.0,27.0,56.85,9.0,1534.95,1/20/2005,Shipped,Qui_1,1.0,2005.0,Classic Cars,169.0,S18_3232,Furniture,Table,"Anna's Decorations, Ltd",02 9936 8555,201 Miller Street,Level 15,North Sydney,NSW,2060,Australia,APAC,O'Hara,Anna,Small,O'Hara Anna,CHEAP,GOOD,1973.0,,,
10291.0,26.0,83.79,3.0,2178.54,9/8/2004,Shipped,Qui_3,9.0,2004.0,Trucks and Buses,96.0,S32_1268,Office Supplies,Eraser,Scandinavian Gift Ideas,0695-34 6555,?kergatan 24,Unknown,Boras,,S-844 67,Sweden,EMEA,Larsson,Maria,Small,Larsson Maria,EXPENSIVE,GOOD,1993.0,,,
10351.0,38.0,68.38,4.0,2598.44,12/3/2004,Shipped,Qui_4,12.0,2004.0,Vintage Cars,65.0,S24_3420,Office Supplies,Lamp,"Stylish Desk Decors, Co.",(171) 555-0297,35 King George,Unknown,London,,WX3 6FW,UK,EMEA,Brown,Ann,Small,Brown Ann,EXPENSIVE,GOOD,1977.0,,,
10312.0,48.0,100.0,3.0,11623.7,10/21/2004,Shipped,Qui_4,10.0,2004.0,Classic Cars,214.0,S10_1949,Furniture,Desk,Mini Gifts Distributors Ltd.,4155551450,5677 Strong St.,Unknown,San Rafael,CA,97562,USA,,Nelson,Valarie,Large,Nelson Valarie,EXPENSIVE,GOOD,1963.0,,,
10173.0,21.0,75.46,14.0,1584.66,11/5/2003,Shipped,Qui_4,11.0,2003.0,Vintage Cars,92.0,S18_4409,Furniture,Chair,Rovelli Gifts,035-640555,Via Ludovico il Moro 22,Unknown,Bergamo,,24100,Italy,EMEA,Rovelli,Giovanni,Small,Rovelli Giovanni,EXPENSIVE,GOOD,1970.0,,,
10151.0,26.0,100.0,1.0,3220.1,9/21/2003,Shipped,Qui_3,9.0,2003.0,Trucks and Buses,115.0,S50_1392,Accessories,Adapter,"Oulu Toy Supplies, Inc.",981-443655,Torikatu 38,Unknown,Oulu,,90110,Finland,EMEA,Koskitalo,Pirkko,Medium,Koskitalo Pirkko,EXPENSIVE,GOOD,1966.0,,,
10131.0,22.0,85.99,8.0,1891.78,6/16/2003,Shipped,Qui_2,6.0,2003.0,Ships,90.0,S700_2047,Technology,Tablet,Gift Ideas Corp.,2035554407,2440 Pompton St.,Unknown,Glendale,CT,97561,USA,,Lewis,Dan,Small,Lewis Dan,EXPENSIVE,GOOD,1989.0,,,
10149.0,50.0,100.0,4.0,5907.5,9/12/2003,Shipped,Qui_3,9.0,2003.0,Vintage Cars,102.0,S18_1342,Furniture,Desk,Signal Collectibles Ltd.,4155554312,2793 Furth Circle,Unknown,Brisbane,CA,94217,USA,,Taylor,Sue,Medium,Taylor Sue,EXPENSIVE,EXCELLENT,2000.0,,,
10359.0,22.0,100.0,7.0,2603.04,12/15/2004,Shipped,Qui_4,12.0,2004.0,Classic Cars,118.0,S24_4048,Office Supplies,Pencil,Reims Collectables,26.47.1555,59 rue de l'Abbaye,Unknown,Reims,,51100,France,EMEA,Henriot,Paul,Small,Henriot Paul,EXPENSIVE,GOOD,1981.0,,,
10400.0,42.0,72.96,8.0,3064.32,4/1/2005,Shipped,Qui_2,4.0,2005.0,Vintage Cars,83.0,S24_3816,Office Supplies,Pen,The Sharp Gifts Warehouse,4085553659,3086 Ingle Ln.,Unknown,San Jose,CA,94217,USA,,Frick,Sue,Medium,Frick Sue,EXPENSIVE,GOOD,1971.0,,,
10248.0,30.0,100.0,7.0,3245.4,5/7/2004,Cancelled,Qui_2,5.0,2004.0,Ships,100.0,S700_3505,Technology,Laptop,Land of Toys Inc.,2125557818,897 Long Airport Avenue,Unknown,NYC,NY,10022,USA,,Yu,Kwai,Medium,Yu Kwai,EXPENSIVE,GOOD,1967.0,,,
10225.0,24.0,50.21,8.0,1205.04,2/22/2004,Shipped,Qui_1,2.0,2004.0,Classic Cars,61.0,S24_3371,Office Supplies,Eraser,"Vida Sport, Ltd",0897-034555,Grenzacherweg 237,Unknown,Gensve,,1203,Switzerland,EMEA,Holz,Michael,Small,Holz Michael,CHEAP,GOOD,2000.0,,,
10359.0,46.0,100.0,2.0,4896.7,12/15/2004,Shipped,Qui_4,12.0,2004.0,Trucks and Buses,115.0,S50_1392,Accessories,Adapter,Reims Collectables,26.47.1555,59 rue de l'Abbaye,Unknown,Reims,,51100,France,EMEA,Henriot,Paul,Medium,Henriot Paul,EXPENSIVE,GOOD,1991.0,,,
10413.0,49.0,100.0,5.0,6896.75,5/5/2005,Shipped,Qui_2,5.0,2005.0,Classic Cars,143.0,S18_4027,Furniture,Table,Gift Depot Inc.,2035552570,25593 South Bay Ln.,Unknown,Bridgewater,CT,97562,USA,,King,Julie,Medium,King Julie,EXPENSIVE,GOOD,1998.0,,,
10251.0,28.0,100.0,2.0,3188.64,5/18/2004,Shipped,Qui_2,5.0,2004.0,Motorcycles,95.0,S10_1678,Furniture,Cabinet,Tekni Collectables Inc.,2015559350,7476 Moss Rd.,Unknown,Newark,NJ,94019,USA,,Brown,William,Medium,Brown William,EXPENSIVE,GOOD,1974.0,,,
10183.0,28.0,100.0,1.0,3433.36,11/13/2003,Shipped,Qui_4,11.0,2003.0,Classic Cars,147.0,S10_4962,Furniture,Cabinet,"Classic Gift Ideas, Inc",2155554695,782 First Street,Unknown,Philadelphia,PA,71270,USA,,Cervantes,Francisca,Medium,Cervantes Francisca,EXPENSIVE,GOOD,1979.0,,,
10362.0,23.0,49.67,3.0,1142.41,1/5/2005,Shipped,Qui_1,1.0,2005.0,Motorcycles,60.0,S18_2625,Furniture,Table,Technics Stores Inc.,6505556809,9408 Furth Circle,Unknown,Burlingame,CA,94217,USA,,Hirano,Juri,Small,Hirano Juri,CHEAP,GOOD,1964.0,,,
10159.0,49.0,100.0,14.0,5205.27,10/10/2003,Shipped,Qui_4,10.0,2003.0,Motorcycles,95.0,S10_1678,Furniture,Cabinet,Corporate Gift Ideas Co.,6505551386,7734 Strong St.,Unknown,San Francisco,CA,,USA,,Brown,Julie,Medium,Brown Julie,EXPENSIVE,GOOD,1960.0,,,
10173.0,31.0,100.0,10.0,4492.83,11/5/2003,Shipped,Qui_4,11.0,2003.0,Vintage Cars,127.0,S18_2325,Furniture,Table,Rovelli Gifts,035-640555,Via Ludovico il Moro 22,Unknown,Bergamo,,24100,Italy,EMEA,Rovelli,Giovanni,Medium,Rovelli Giovanni,EXPENSIVE,GOOD,1988.0,,,
10129.0,32.0,64.97,8.0,2079.04,6/12/2003,Shipped,Qui_2,6.0,2003.0,Ships,54.0,S72_3212,Accessories,Headphone,"Stylish Desk Decors, Co.",(171) 555-0297,35 King George,Unknown,London,,WX3 6FW,UK,EMEA,Brown,Ann,Small,Brown Ann,CHEAP,GOOD,1976.0,,,
10327.0,20.0,100.0,7.0,3469.2,11/10/2004,Resolved,Qui_4,11.0,2004.0,Ships,86.0,S700_1938,Technology,Desktop,Danish Wholesale Imports,31 12 3555,Vinb'ltet 34,Unknown,Kobenhavn,,1734,Denmark,EMEA,Petersen,Jytte,Medium,Petersen Jytte,EXPENSIVE,GOOD,1971.0,,,
10322.0,35.0,61.21,11.0,2142.35,11/4/2004,Shipped,Qui_4,11.0,2004.0,Trucks and Buses,60.0,S18_2432,Furniture,Table,Online Diecast Creations Co.,6035558647,2304 Long Airport Avenue,Unknown,Nashua,NH,62005,USA,,Young,Valarie,Small,Young Valarie,CHEAP,GOOD,1990.0,,,
10180.0,25.0,64.2,13.0,1605.0,11/11/2003,Shipped,Qui_4,11.0,2003.0,Motorcycles,60.0,S18_2625,Furniture,Table,Daedalus Designs Imports,20.16.1555,"184, chausse de Tournai",Unknown,Lille,,59000,France,EMEA,Rance,Martine,Small,Rance Martine,CHEAP,GOOD,1982.0,,,
10124.0,21.0,100.0,6.0,2856.0,5/21/2003,Shipped,Qui_2,5.0,2003.0,Vintage Cars,170.0,S18_1749,Furniture,Desk,Signal Gift Stores,7025551838,8489 Strong St.,Unknown,Las Vegas,NV,83030,USA,,King,Sue,Small,King Sue,EXPENSIVE,GOOD,1972.0,,,
10223.0,20.0,66.04,12.0,1320.8,2/20/2004,Shipped,Qui_1,2.0,2004.0,Vintage Cars,68.0,S32_4289,Office Supplies,Ruler,"Australian Collectors, Co.",03 9520 4555,636 St Kilda Road,Level 3,Melbourne,Victoria,3004,Australia,APAC,Ferguson,Peter,Small,Ferguson Peter,EXPENSIVE,GOOD,1971.0,,,
10425.0,38.0,100.0,13.0,4325.16,5/31/2005,In Process,Qui_2,5.0,2005.0,Trucks and Buses,121.0,S18_4600,Furniture,Chair,La Rochelle Gifts,40.67.8555,"67, rue des Cinquante Otages",Unknown,Nantes,,44000,France,EMEA,Labrune,Janine,Medium,Labrune Janine,EXPENSIVE,GOOD,1968.0,,,
10191.0,23.0,100.0,5.0,3414.58,11/20/2003,Shipped,Qui_4,11.0,2003.0,Classic Cars,146.0,S18_3482,Furniture,Bookshelf,"Toms Spezialitten, Ltd",0221-5554327,Mehrheimerstr. 369,Unknown,Koln,,50739,Germany,EMEA,Pfalzheim,Henriette,Medium,Pfalzheim Henriette,EXPENSIVE,GOOD,1988.0,,,
10184.0,48.0,50.95,1.0,2445.6,11/14/2003,Shipped,Qui_4,11.0,2003.0,Trains,62.0,S32_3207,Office Supplies,Pen,"Iberia Gift Imports, Corp.",(95) 555 82 82,"C/ Romero, 33",Unknown,Sevilla,,41101,Spain,EMEA,Roel,Jose Pedro,Small,Roel JosePedro,CHEAP,GOOD,1990.0,,,
10288.0,35.0,80.87,9.0,2830.45,9/1/2004,Shipped,Qui_3,9.0,2004.0,Classic Cars,90.0,S24_2766,Office Supplies,Eraser,Handji Gifts& Co,+65 224 1555,Village Close - 106 Linden Road Sandown,2nd Floor,Singapore,,69045,Singapore,APAC,Victorino,Wendy,Small,Victorino Wendy,EXPENSIVE,GOOD,1989.0,,,
10183.0,21.0,96.84,7.0,2033.64,11/13/2003,Shipped,Qui_4,11.0,2003.0,Trucks and Buses,116.0,S18_1097,Furniture,Bookshelf,"Classic Gift Ideas, Inc",2155554695,782 First Street,Unknown,Philadelphia,PA,71270,USA,,Cervantes,Francisca,Small,Cervantes Francisca,EXPENSIVE,GOOD,1980.0,,,
10272.0,25.0,100.0,5.0,3734.0,7/20/2004,Shipped,Qui_3,7.0,2004.0,Classic Cars,143.0,S18_4027,Furniture,Table,Diecast Classics Inc.,2155551555,7586 Pompton St.,Unknown,Allentown,PA,70267,USA,,Yu,Kyung,Medium,Yu Kyung,EXPENSIVE,GOOD,1976.0,,,
10134.0,31.0,100.0,4.0,7023.98,7/1/2003,Shipped,Qui_3,7.0,2003.0,Motorcycles,193.0,S10_4698,Furniture,Bookshelf,Lyon Souveniers,+33 1 46 62 7555,27 rue du Colonel Pierre Avia,Unknown,Paris,,75508,France,EMEA,Da Cunha,Daniel,Large,DaCunha Daniel,EXPENSIVE,GOOD,1962.0,,,
10106.0,30.0,100.0,16.0,3177.3,2/17/2003,Shipped,Qui_1,2.0,2003.0,Ships,90.0,S700_2047,Technology,Tablet,Rovelli Gifts,035-640555,Via Ludovico il Moro 22,Unknown,Bergamo,,24100,Italy,EMEA,Rovelli,Giovanni,Medium,Rovelli Giovanni,EXPENSIVE,GOOD,1977.0,,,
10387.0,44.0,94.9,1.0,4175.6,3/2/2005,Shipped,Qui_1,3.0,2005.0,Motorcycles,99.0,S32_1374,Office Supplies,Eraser,"Dragon Souveniers, Ltd.",+65 221 7555,"Bronz Sok., Bronz Apt. 3/6 Tesvikiye",Unknown,Singapore,,79903,Singapore,Japan,Natividad,Eric,Medium,Natividad Eric,EXPENSIVE,GOOD,1980.0,,,
10385.0,25.0,77.34,1.0,1933.5,2/28/2005,Shipped,Qui_1,2.0,2005.0,Ships,66.0,S700_1138,Technology,Desktop,Mini Gifts Distributors Ltd.,4155551450,5677 Strong St.,Unknown,San Rafael,CA,97562,USA,,Nelson,Valarie,Small,Nelson Valarie,EXPENSIVE,GOOD,1999.0,,,
10165.0,24.0,99.36,8.0,2384.64,10/22/2003,Shipped,Qui_4,10.0,2003.0,Classic Cars,118.0,S24_4048,Office Supplies,Pencil,"Dragon Souveniers, Ltd.",+65 221 7555,"Bronz Sok., Bronz Apt. 3/6 Tesvikiye",Unknown,Singapore,,79903,Singapore,Japan,Natividad,Eric,Small,Natividad Eric,EXPENSIVE,GOOD,1977.0,,,
10291.0,32.0,71.75,7.0,2296.0,9/8/2004,Shipped,Qui_3,9.0,2004.0,Trucks and Buses,64.0,S32_3522,Office Supplies,Lamp,Scandinavian Gift Ideas,0695-34 6555,?kergatan 24,Unknown,Boras,,S-844 67,Sweden,EMEA,Larsson,Maria,Small,Larsson Maria,EXPENSIVE,GOOD,1974.0,,,
10390.0,34.0,43.05,15.0,1463.7,3/4/2005,Shipped,Qui_1,3.0,2005.0,Classic Cars,142.0,S18_1984,Furniture,Bookshelf,Mini Gifts Distributors Ltd.,4155551450,5677 Strong St.,Unknown,San Rafael,CA,97562,USA,,Nelson,Valarie,Small,Nelson Valarie,CHEAP,GOOD,1990.0,,,
10150.0,34.0,100.0,7.0,4641.0,9/19/2003,Shipped,Qui_3,9.0,2003.0,Trucks and Buses,116.0,S18_1097,Furniture,Bookshelf,"Dragon Souveniers, Ltd.",+65 221 7555,"Bronz Sok., Bronz Apt. 3/6 Tesvikiye",Unknown,Singapore,,79903,Singapore,Japan,Natividad,Eric,Medium,Natividad Eric,EXPENSIVE,GOOD,1966.0,,,
10280.0,45.0,47.49,11.0,2137.05,8/17/2004,Shipped,Qui_3,8.0,2004.0,Vintage Cars,44.0,S24_2022,Office Supplies,Lamp,Amica Models & Co.,011-4988555,Via Monte Bianco 34,Unknown,Torino,,10100,Italy,EMEA,Accorti,Paolo,Small,Accorti Paolo,CHEAP,GOOD,1980.0,,,
10275.0,23.0,81.91,7.0,1883.93,7/23/2004,Shipped,Qui_3,7.0,2004.0,Motorcycles,99.0,S32_1374,Office Supplies,Eraser,La Rochelle Gifts,40.67.8555,"67, rue des Cinquante Otages",Unknown,Nantes,,44000,France,EMEA,Labrune,Janine,Small,Labrune Janine,EXPENSIVE,GOOD,1988.0,,,
10229.0,33.0,32.88,2.0,1085.04,3/11/2004,Shipped,Qui_1,3.0,2004.0,Classic Cars,35.0,S24_2840,Office Supplies,Pencil,Mini Gifts Distributors Ltd.,4155551450,5677 Strong St.,Unknown,San Rafael,CA,97562,USA,,Nelson,Valarie,Small,Nelson Valarie,CHEAP,GOOD,1983.0,,,
10212.0,46.0,87.81,4.0,4039.26,1/16/2004,Shipped,Qui_1,1.0,2004.0,Classic Cars,107.0,S24_3432,Office Supplies,Lamp,Euro Shopping Channel,(91) 555 94 44,"C/ Moralzarzal, 86",Unknown,Madrid,,28034,Spain,EMEA,Freyre,Diego,Medium,Freyre Diego,EXPENSIVE,GOOD,1960.0,,,
10182.0,23.0,42.26,8.0,971.98,11/12/2003,Shipped,Qui_4,11.0,2003.0,Vintage Cars,41.0,S24_3969,Office Supplies,Eraser,Mini Gifts Distributors Ltd.,4155551450,5677 Strong St.,Unknown,San Rafael,CA,97562,USA,,Nelson,Valarie,Small,Nelson Valarie,CHEAP,GOOD,1966.0,,,
10180.0,40.0,100.0,8.0,6747.6,11/11/2003,Shipped,Qui_4,11.0,2003.0,Motorcycles,150.0,S12_2823,Furniture,Table,Daedalus Designs Imports,20.16.1555,"184, chausse de Tournai",Unknown,Lille,,59000,France,EMEA,Rance,Martine,Medium,Rance Martine,EXPENSIVE,GOOD,1962.0,,,
10104.0,33.0,100.0,7.0,3705.24,1/31/2003,Shipped,Qui_1,1.0,2003.0,Trucks and Buses,115.0,S50_1392,Accessories,Adapter,Euro Shopping Channel,(91) 555 94 44,"C/ Moralzarzal, 86",Unknown,Madrid,,28034,Spain,EMEA,Freyre,Diego,Medium,Freyre Diego,EXPENSIVE,GOOD,1971.0,,,
10329.0,38.0,100.0,12.0,5266.04,11/15/2004,Shipped,Qui_4,11.0,2004.0,Motorcycles,60.0,S18_2625,Furniture,Table,Land of Toys Inc.,2125557818,897 Long Airport Avenue,Unknown,NYC,NY,10022,USA,,Yu,Kwai,Medium,Yu Kwai,EXPENSIVE,GOOD,1976.0,,,
10110.0,42.0,100.0,7.0,6069.0,3/18/2003,Shipped,Qui_1,3.0,2003.0,Vintage Cars,170.0,S18_1749,Furniture,Desk,"AV Stores, Co.",(171) 555-1555,Fauntleroy Circus,Unknown,Manchester,,EC2 5NT,UK,EMEA,Ashworth,Victoria,Medium,Ashworth Victoria,EXPENSIVE,GOOD,1972.0,,,
10384.0,28.0,80.54,3.0,2255.12,2/23/2005,Shipped,Qui_1,2.0,2005.0,Ships,122.0,S24_2011,Office Supplies,Pen,Corporate Gift Ideas Co.,6505551386,7734 Strong St.,Unknown,San Francisco,CA,,USA,,Brown,Julie,Small,Brown Julie,EXPENSIVE,GOOD,1968.0,,,
10262.0,46.0,70.35,11.0,3236.1,6/24/2004,Cancelled,Qui_2,6.0,2004.0,Vintage Cars,65.0,S24_3420,Office Supplies,Lamp,Euro Shopping Channel,(91) 555 94 44,"C/ Moralzarzal, 86",Unknown,Madrid,,28034,Spain,EMEA,Freyre,Diego,Medium,Freyre Diego,EXPENSIVE,GOOD,1960.0,,,
10401.0,62.0,77.73,6.0,4819.26,4/3/2005,On Hold,Qui_2,4.0,2005.0,Vintage Cars,68.0,S32_4289,Office Supplies,Ruler,Tekni Collectables Inc.,2015559350,7476 Moss Rd.,Unknown,Newark,NJ,94019,USA,,Brown,William,Medium,Brown William,EXPENSIVE,EXCELLENT,1965.0,,,
10167.0,43.0,75.34,12.0,3239.62,10/23/2003,Cancelled,Qui_4,10.0,2003.0,Ships,66.0,S700_1138,Technology,Desktop,Scandinavian Gift Ideas,0695-34 6555,?kergatan 24,Unknown,Boras,,S-844 67,Sweden,EMEA,Larsson,Maria,Medium,Larsson Maria,EXPENSIVE,GOOD,1960.0,,,
10311.0,29.0,100.0,9.0,2923.2,10/16/2004,Shipped,Qui_4,10.0,2004.0,Classic Cars,124.0,S18_1589,Furniture,Bookshelf,Euro Shopping Channel,(91) 555 94 44,"C/ Moralzarzal, 86",Unknown,Madrid,,28034,Spain,EMEA,Freyre,Diego,Small,Freyre Diego,EXPENSIVE,GOOD,1988.0,,,
10214.0,27.0,100.0,4.0,3604.23,1/26/2004,Shipped,Qui_1,1.0,2004.0,Vintage Cars,127.0,S18_2325,Furniture,Table,"Corrida Auto Replicas, Ltd",(91) 555 22 82,"C/ Araquil, 67",Unknown,Madrid,,28023,Spain,EMEA,Sommer,Mart¡n,Medium,Sommer Mart¡n,EXPENSIVE,GOOD,1972.0,,,
10300.0,22.0,76.61,6.0,1685.42,10/4/2003,Shipped,Qui_4,10.0,2003.0,Classic Cars,79.0,S12_3990,Furniture,Bookshelf,"Blauer See Auto, Co.",+49 69 66 90 2555,Lyonerstr. 34,Unknown,Frankfurt,,60528,Germany,EMEA,Keitel,Roland,Small,Keitel Roland,EXPENSIVE,GOOD,1992.0,,,
10401.0,64.0,60.05,12.0,3843.2,4/3/2005,On Hold,Qui_2,4.0,2005.0,Planes,68.0,S24_3949,Office Supplies,Pencil,Tekni Collectables Inc.,2015559350,7476 Moss Rd.,Unknown,Newark,NJ,94019,USA,,Brown,William,Medium,Brown William,CHEAP,EXCELLENT,1999.0,,,
10104.0,49.0,65.87,4.0,3227.63,1/31/2003,Shipped,Qui_1,1.0,2003.0,Trains,62.0,S32_3207,Office Supplies,Pen,Euro Shopping Channel,(91) 555 94 44,"C/ Moralzarzal, 86",Unknown,Madrid,,28034,Spain,EMEA,Freyre,Diego,Medium,Freyre Diego,EXPENSIVE,GOOD,1988.0,,,
10142.0,47.0,100.0,8.0,6034.33,8/8/2003,Shipped,Qui_3,8.0,2003.0,Vintage Cars,136.0,S18_3140,Furniture,Desk,Mini Gifts Distributors Ltd.,4155551450,5677 Strong St.,Unknown,San Rafael,CA,97562,USA,,Nelson,Valarie,Medium,Nelson Valarie,EXPENSIVE,GOOD,1976.0,,,
10299.0,32.0,80.84,1.0,2586.88,9/30/2004,Shipped,Qui_3,9.0,2004.0,Classic Cars,80.0,S24_4620,Office Supplies,Lamp,"Toys of Finland, Co.",90-224 8555,Keskuskatu 45,Unknown,Helsinki,,21240,Finland,EMEA,Karttunen,Matti,Small,Karttunen Matti,EXPENSIVE,GOOD,1995.0,,,
10127.0,46.0,100.0,3.0,7366.44,6/3/2003,Shipped,Qui_2,6.0,2003.0,Classic Cars,151.0,S12_3148,Furniture,Desk,Muscle Machine Inc,2125557413,4092 Furth Circle,Suite 400,NYC,NY,10022,USA,,Young,Jeff,Large,Young Jeff,EXPENSIVE,GOOD,1990.0,,,
10185.0,39.0,57.82,1.0,2254.98,11/14/2003,Shipped,Qui_4,11.0,2003.0,Ships,72.0,S700_2610,Technology,Laptop,Mini Creations Ltd.,5085559555,4575 Hillside Dr.,Unknown,New Bedford,MA,50553,USA,,Tam,Wing C,Small,Tam WingC,CHEAP,GOOD,1996.0,,,
10349.0,23.0,100.0,2.0,3182.97,12/1/2004,Shipped,Qui_4,12.0,2004.0,Classic Cars,118.0,S24_4048,Office Supplies,Pencil,Muscle Machine Inc,2125557413,4092 Furth Circle,Suite 400,NYC,NY,10022,USA,,Young,Jeff,Medium,Young Jeff,EXPENSIVE,GOOD,1999.0,,,
10383.0,21.0,93.91,4.0,1972.11,2/22/2005,Shipped,Qui_1,2.0,2005.0,Classic Cars,118.0,S24_4048,Office Supplies,Pencil,Euro Shopping Channel,(91) 555 94 44,"C/ Moralzarzal, 86",Unknown,Madrid,,28034,Spain,EMEA,Freyre,Diego,Small,Freyre Diego,EXPENSIVE,GOOD,1960.0,,,
10176.0,27.0,68.78,8.0,1857.06,11/6/2003,Shipped,Qui_4,11.0,2003.0,Classic Cars,57.0,S24_1444,Office Supplies,Pencil,L'ordine Souveniers,0522-556555,Strada Provinciale 124,Unknown,Reggio Emilia,,42100,Italy,EMEA,Moroni,Maurizio,Small,Moroni Maurizio,EXPENSIVE,GOOD,1970.0,,,
10342.0,48.0,62.45,10.0,2997.6,11/24/2004,Shipped,Qui_4,11.0,2004.0,Classic Cars,61.0,S24_3371,Office Supplies,Eraser,"Australian Collectors, Co.",03 9520 4555,636 St Kilda Road,Level 3,Melbourne,Victoria,3004,Australia,APAC,Ferguson,Peter,Small,Ferguson Peter,CHEAP,GOOD,1990.0,,,
10155.0,43.0,86.4,1.0,3715.2,10/6/2003,Shipped,Qui_4,10.0,2003.0,Planes,80.0,S700_3167,Technology,Smart watch,"Toys of Finland, Co.",90-224 8555,Keskuskatu 45,Unknown,Helsinki,,21240,Finland,EMEA,Karttunen,Matti,Medium,Karttunen Matti,EXPENSIVE,GOOD,1985.0,,,
10203.0,34.0,64.9,7.0,2206.6,12/2/2003,Shipped,Qui_4,12.0,2003.0,Classic Cars,61.0,S24_3371,Office Supplies,Eraser,Euro Shopping Channel,(91) 555 94 44,"C/ Moralzarzal, 86",Unknown,Madrid,,28034,Spain,EMEA,Freyre,Diego,Small,Freyre Diego,CHEAP,GOOD,1978.0,,,
10295.0,24.0,100.0,1.0,3427.2,9/10/2004,Shipped,Qui_3,9.0,2004.0,Classic Cars,136.0,S10_4757,Furniture,Desk,Gifts4AllAges.com,6175559555,8616 Spinnaker Dr.,Unknown,Boston,MA,51003,USA,,Yoshido,Juri,Medium,Yoshido Juri,EXPENSIVE,GOOD,1982.0,,,
10192.0,45.0,100.0,9.0,5340.6,11/20/2003,Shipped,Qui_4,11.0,2003.0,Classic Cars,141.0,S18_3685,Furniture,Bookshelf,Online Diecast Creations Co.,6035558647,2304 Long Airport Avenue,Unknown,Nashua,NH,62005,USA,,Young,Valarie,Medium,Young Valarie,EXPENSIVE,GOOD,1975.0,,,
10425.0,28.0,100.0,3.0,5318.04,5/31/2005,In Process,Qui_2,5.0,2005.0,Classic Cars,163.0,S18_2238,Furniture,Table,La Rochelle Gifts,40.67.8555,"67, rue des Cinquante Otages",Unknown,Nantes,,44000,France,EMEA,Labrune,Janine,Medium,Labrune Janine,EXPENSIVE,GOOD,1975.0,,,
10291.0,28.0,100.0,6.0,3256.96,9/8/2004,Shipped,Qui_3,9.0,2004.0,Classic Cars,101.0,S700_2824,Technology,Desktop,Scandinavian Gift Ideas,0695-34 6555,?kergatan 24,Unknown,Boras,,S-844 67,Sweden,EMEA,Larsson,Maria,Medium,Larsson Maria,EXPENSIVE,GOOD,1996.0,,,
10356.0,50.0,50.18,9.0,2509.0,12/9/2004,Shipped,Qui_4,12.0,2004.0,Vintage Cars,102.0,S18_1342,Furniture,Desk,Lyon Souveniers,+33 1 46 62 7555,27 rue du Colonel Pierre Avia,Unknown,Paris,,75508,France,EMEA,Da Cunha,Daniel,Small,DaCunha Daniel,CHEAP,EXCELLENT,1962.0,,,
10380.0,27.0,68.35,5.0,1845.45,2/16/2005,Shipped,Qui_1,2.0,2005.0,Vintage Cars,44.0,S24_2022,Office Supplies,Lamp,Euro Shopping Channel,(91) 555 94 44,"C/ Moralzarzal, 86",Unknown,Madrid,,28034,Spain,EMEA,Freyre,Diego,Small,Freyre Diego,EXPENSIVE,GOOD,1995.0,,,
10245.0,29.0,100.0,8.0,3451.0,5/4/2004,Shipped,Qui_2,5.0,2004.0,Trucks and Buses,116.0,S18_1097,Furniture,Bookshelf,Super Scale Inc.,2035559545,567 North Pendale Street,Unknown,New Haven,CT,97823,USA,,Murphy,Leslie,Medium,Murphy Leslie,EXPENSIVE,GOOD,1970.0,,,
10368.0,31.0,100.0,5.0,4223.13,1/19/2005,Shipped,Qui_1,1.0,2005.0,Classic Cars,117.0,S24_2887,Office Supplies,Ruler,Mini Gifts Distributors Ltd.,4155551450,5677 Strong St.,Unknown,San Rafael,CA,97562,USA,,Nelson,Valarie,Medium,Nelson Valarie,EXPENSIVE,GOOD,1966.0,,,
10184.0,31.0,60.11,3.0,1863.41,11/14/2003,Shipped,Qui_4,11.0,2003.0,Classic Cars,57.0,S24_1444,Office Supplies,Pencil,"Iberia Gift Imports, Corp.",(95) 555 82 82,"C/ Romero, 33",Unknown,Sevilla,,41101,Spain,EMEA,Roel,Jose Pedro,Small,Roel JosePedro,CHEAP,GOOD,1977.0,,,
10232.0,24.0,49.69,3.0,1192.56,3/20/2004,Shipped,Qui_1,3.0,2004.0,Ships,54.0,S72_3212,Accessories,Headphone,giftsbymail.co.uk,(198) 555-8888,Garden House Crowther Way,Unknown,Cowes,Isle of Wight,PO31 7PJ,UK,EMEA,Bennett,Helen,Small,Bennett Helen,CHEAP,GOOD,1966.0,,,
10151.0,39.0,69.28,9.0,2701.92,9/21/2003,Shipped,Qui_3,9.0,2003.0,Trucks and Buses,60.0,S18_2432,Furniture,Table,"Oulu Toy Supplies, Inc.",981-443655,Torikatu 38,Unknown,Oulu,,90110,Finland,EMEA,Koskitalo,Pirkko,Small,Koskitalo Pirkko,EXPENSIVE,GOOD,1960.0,,,
10123.0,26.0,100.0,2.0,3073.72,5/20/2003,Shipped,Qui_2,5.0,2003.0,Classic Cars,124.0,S18_1589,Furniture,Bookshelf,Atelier graphique,40.32.2555,"54, rue Royale",Unknown,Nantes,,44000,France,EMEA,Schmitt,Carine,Medium,Schmitt Carine,EXPENSIVE,GOOD,1982.0,,,
10117.0,26.0,100.0,5.0,3551.34,4/16/2003,Shipped,Qui_2,4.0,2003.0,Vintage Cars,136.0,S18_3140,Furniture,Desk,"Dragon Souveniers, Ltd.",+65 221 7555,"Bronz Sok., Bronz Apt. 3/6 Tesvikiye",Unknown,Singapore,,79903,Singapore,Japan,Natividad,Eric,Medium,Natividad Eric,EXPENSIVE,GOOD,1970.0,,,
10196.0,46.0,62.09,7.0,2856.14,11/26/2003,Shipped,Qui_4,11.0,2003.0,Trains,58.0,S50_1514,Accessories,Headphone,Super Scale Inc.,2035559545,567 North Pendale Street,Unknown,New Haven,CT,97823,USA,,Murphy,Leslie,Small,Murphy Leslie,CHEAP,GOOD,1976.0,,,
10188.0,48.0,100.0,1.0,5512.32,11/18/2003,Shipped,Qui_4,11.0,2003.0,Motorcycles,95.0,S10_1678,Furniture,Cabinet,Herkku Gifts,+47 2267 3215,"Drammen 121, PR 744 Sentrum",Unknown,Bergen,,N 5804,Norway,EMEA,Oeztan,Veysel,Medium,Oeztan Veysel,EXPENSIVE,GOOD,1970.0,,,
10281.0,48.0,100.0,4.0,5773.44,8/19/2004,Shipped,Qui_3,8.0,2004.0,Trucks and Buses,122.0,S18_2319,Furniture,Chair,Diecast Classics Inc.,2155551555,7586 Pompton St.,Unknown,Allentown,PA,70267,USA,,Yu,Kyung,Medium,Yu Kyung,EXPENSIVE,GOOD,1990.0,,,
10292.0,41.0,100.0,11.0,4528.86,9/8/2004,Shipped,Qui_3,9.0,2004.0,Trucks and Buses,122.0,S18_2319,Furniture,Chair,Land of Toys Inc.,2125557818,897 Long Airport Avenue,Unknown,NYC,NY,10022,USA,,Yu,Kwai,Medium,Yu Kwai,EXPENSIVE,GOOD,1973.0,,,
10283.0,33.0,72.96,5.0,2407.68,8/20/2004,Shipped,Qui_3,8.0,2004.0,Vintage Cars,83.0,S24_3816,Office Supplies,Pen,"Royal Canadian Collectables, Ltd.",(604) 555-4555,23 Tsawassen Blvd.,Unknown,Tsawassen,BC,T2F 8M4,Canada,,Lincoln,Elizabeth,Small,Lincoln Elizabeth,EXPENSIVE,GOOD,1963.0,,,
10262.0,35.0,71.07,7.0,2487.45,6/24/2004,Cancelled,Qui_2,6.0,2004.0,Planes,74.0,S700_4002,Technology,Laptop,Euro Shopping Channel,(91) 555 94 44,"C/ Moralzarzal, 86",Unknown,Madrid,,28034,Spain,EMEA,Freyre,Diego,Small,Freyre Diego,EXPENSIVE,GOOD,1986.0,,,
10328.0,33.0,64.0,13.0,2112.0,11/12/2004,Shipped,Qui_4,11.0,2004.0,Planes,80.0,S700_3167,Technology,Smart watch,Rovelli Gifts,035-640555,Via Ludovico il Moro 22,Unknown,Bergamo,,24100,Italy,EMEA,Rovelli,Giovanni,Small,Rovelli Giovanni,CHEAP,GOOD,1988.0,,,
10270.0,32.0,100.0,2.0,4302.08,7/19/2004,Shipped,Qui_3,7.0,2004.0,Classic Cars,147.0,S10_4962,Furniture,Cabinet,Souveniers And Things Co.,+61 2 9495 8555,"Monitor Money Building, 815 Pacific Hwy",Level 6,Chatswood,NSW,2067,Australia,APAC,Huxley,Adrian,Medium,Huxley Adrian,EXPENSIVE,GOOD,1981.0,,,
10332.0,23.0,56.84,4.0,1307.32,11/17/2004,Shipped,Qui_4,11.0,2004.0,Classic Cars,73.0,S24_1046,Office Supplies,Pencil,"AV Stores, Co.",(171) 555-1555,Fauntleroy Circus,Unknown,Manchester,,EC2 5NT,UK,EMEA,Ashworth,Victoria,Small,Ashworth Victoria,CHEAP,GOOD,1989.0,,,
10400.0,24.0,61.66,2.0,1479.84,4/1/2005,Shipped,Qui_2,4.0,2005.0,Planes,68.0,S24_2841,Office Supplies,Pencil,The Sharp Gifts Warehouse,4085553659,3086 Ingle Ln.,Unknown,San Jose,CA,94217,USA,,Frick,Sue,Small,Frick Sue,CHEAP,GOOD,1978.0,,,
10420.0,26.0,100.0,12.0,2617.16,5/29/2005,In Process,Qui_2,5.0,2005.0,Classic Cars,107.0,S24_3432,Office Supplies,Lamp,Souveniers And Things Co.,+61 2 9495 8555,"Monitor Money Building, 815 Pacific Hwy",Level 6,Chatswood,NSW,2067,Australia,APAC,Huxley,Adrian,Small,Huxley Adrian,EXPENSIVE,GOOD,1979.0,,,
10365.0,30.0,87.06,1.0,2611.8,1/7/2005,Shipped,Qui_1,1.0,2005.0,Classic Cars,141.0,S18_1129,Furniture,Table,Mini Creations Ltd.,5085559555,4575 Hillside Dr.,Unknown,New Bedford,MA,50553,USA,,Tam,Wing C,Small,Tam WingC,EXPENSIVE,GOOD,1987.0,,,
10264.0,20.0,32.59,4.0,651.8,6/30/2004,Shipped,Qui_2,6.0,2004.0,Motorcycles,40.0,S32_2206,Office Supplies,Pen,Gifts4AllAges.com,6175559555,8616 Spinnaker Dr.,Unknown,Boston,MA,51003,USA,,Yoshido,Juri,Small,Yoshido Juri,CHEAP,GOOD,1964.0,,,
10326.0,41.0,85.85,3.0,3519.85,11/9/2004,Shipped,Qui_4,11.0,2004.0,Vintage Cars,88.0,S24_3151,Office Supplies,Pencil,"Volvo Model Replicas, Co",0921-12 3555,Berguvsv„gen  8,Unknown,Lule,,S-958 22,Sweden,EMEA,Berglund,Christina,Medium,Berglund Christina,EXPENSIVE,GOOD,1970.0,,,
10379.0,32.0,70.83,4.0,2266.56,2/10/2005,Shipped,Qui_1,2.0,2005.0,Classic Cars,141.0,S18_3685,Furniture,Bookshelf,Euro Shopping Channel,(91) 555 94 44,"C/ Moralzarzal, 86",Unknown,Madrid,,28034,Spain,EMEA,Freyre,Diego,Small,Freyre Diego,EXPENSIVE,GOOD,1998.0,,,
10304.0,34.0,49.3,4.0,1676.2,10/11/2004,Shipped,Qui_4,10.0,2004.0,Vintage Cars,50.0,S18_4668,Furniture,Cabinet,Auto Assoc. & Cie.,30.59.8555,"67, avenue de l'Europe",Unknown,Versailles,,78000,France,EMEA,Tonini,Daniel,Small,Tonini Daniel,CHEAP,GOOD,1997.0,,,
10398.0,43.0,100.0,16.0,5552.16,3/30/2005,Shipped,Qui_1,3.0,2005.0,Planes,109.0,S24_1785,Office Supplies,Ruler,Reims Collectables,26.47.1555,59 rue de l'Abbaye,Unknown,Reims,,51100,France,EMEA,Henriot,Paul,Medium,Henriot Paul,EXPENSIVE,GOOD,1998.0,,,
10219.0,43.0,100.0,1.0,8448.64,2/10/2004,Shipped,Qui_1,2.0,2004.0,Classic Cars,163.0,S18_2238,Furniture,Table,Signal Collectibles Ltd.,4155554312,2793 Furth Circle,Unknown,Brisbane,CA,94217,USA,,Taylor,Sue,Large,Taylor Sue,EXPENSIVE,GOOD,1970.0,,,
10223.0,49.0,100.0,3.0,9774.03,2/20/2004,Shipped,Qui_1,2.0,2004.0,Motorcycles,193.0,S10_4698,Furniture,Bookshelf,"Australian Collectors, Co.",03 9520 4555,636 St Kilda Road,Level 3,Melbourne,Victoria,3004,Australia,APAC,Ferguson,Peter,Large,Ferguson Peter,EXPENSIVE,GOOD,1970.0,,,
10341.0,44.0,95.93,1.0,4220.92,11/24/2004,Shipped,Qui_4,11.0,2004.0,Classic Cars,117.0,S12_3380,Furniture,Bookshelf,Salzburg Collectables,6562-9555,Geislweg 14,Unknown,Salzburg,,5020,Austria,EMEA,Pipps,Georg,Medium,Pipps Georg,EXPENSIVE,GOOD,1963.0,,,
10420.0,60.0,64.67,11.0,3880.2,5/29/2005,In Process,Qui_2,5.0,2005.0,Classic Cars,73.0,S24_1046,Office Supplies,Pencil,Souveniers And Things Co.,+61 2 9495 8555,"Monitor Money Building, 815 Pacific Hwy",Level 6,Chatswood,NSW,2067,Australia,APAC,Huxley,Adrian,Medium,Huxley Adrian,CHEAP,EXCELLENT,1993.0,,,
10336.0,21.0,100.0,7.0,2230.41,11/20/2004,Shipped,Qui_4,11.0,2004.0,Trains,100.0,S18_3259,Furniture,Desk,"La Corne D'abondance, Co.",(1) 42.34.2555,"265, boulevard Charonne",Unknown,Paris,,75012,France,EMEA,Bertrand,Marie,Small,Bertrand Marie,EXPENSIVE,GOOD,1968.0,,,
10249.0,46.0,100.0,5.0,5600.5,5/8/2004,Shipped,Qui_2,5.0,2004.0,Vintage Cars,105.0,S18_3856,Furniture,Desk,Cambridge Collectables Co.,6175555555,4658 Baden Av.,Unknown,Cambridge,MA,51247,USA,,Tseng,Kyung,Medium,Tseng Kyung,EXPENSIVE,GOOD,1975.0,,,
10313.0,42.0,100.0,4.0,5581.8,10/22/2004,Shipped,Qui_4,10.0,2004.0,Trucks and Buses,127.0,S24_2300,Office Supplies,Pen,Canadian Gift Exchange Network,(604) 555-3392,1900 Oak St.,Unknown,Vancouver,BC,V3F 2K1,Canada,,Tannamuri,Yoshi,Medium,Tannamuri Yoshi,EXPENSIVE,GOOD,1971.0,,,
10374.0,22.0,100.0,1.0,3834.38,2/2/2005,Shipped,Qui_1,2.0,2005.0,Motorcycles,193.0,S10_4698,Furniture,Bookshelf,"Australian Gift Network, Co",61-7-3844-6555,31 Duncan St. West End,Unknown,South Brisbane,Queensland,4101,Australia,APAC,Calaghan,Tony,Medium,Calaghan Tony,EXPENSIVE,GOOD,1991.0,,,
10167.0,20.0,79.66,11.0,1593.2,10/23/2003,Cancelled,Qui_4,10.0,2003.0,Vintage Cars,88.0,S24_3151,Office Supplies,Pencil,Scandinavian Gift Ideas,0695-34 6555,?kergatan 24,Unknown,Boras,,S-844 67,Sweden,EMEA,Larsson,Maria,Small,Larsson Maria,EXPENSIVE,GOOD,1960.0,,,
10162.0,48.0,100.0,3.0,7209.12,10/18/2003,Shipped,Qui_4,10.0,2003.0,Vintage Cars,168.0,S18_2795,Furniture,Bookshelf,Corporate Gift Ideas Co.,6505551386,7734 Strong St.,Unknown,San Francisco,CA,,USA,,Brown,Julie,Large,Brown Julie,EXPENSIVE,GOOD,1991.0,,,
10232.0,46.0,100.0,4.0,5652.94,3/20/2004,Shipped,Qui_1,3.0,2004.0,Ships,122.0,S24_2011,Office Supplies,Pen,giftsbymail.co.uk,(198) 555-8888,Garden House Crowther Way,Unknown,Cowes,Isle of Wight,PO31 7PJ,UK,EMEA,Bennett,Helen,Medium,Bennett Helen,EXPENSIVE,GOOD,1998.0,,,
10250.0,31.0,100.0,2.0,3282.28,5/11/2004,Shipped,Qui_2,5.0,2004.0,Motorcycles,99.0,S32_1374,Office Supplies,Eraser,The Sharp Gifts Warehouse,4085553659,3086 Ingle Ln.,Unknown,San Jose,CA,94217,USA,,Frick,Sue,Medium,Frick Sue,EXPENSIVE,GOOD,1968.0,,,
10193.0,24.0,97.55,15.0,2341.2,11/21/2003,Shipped,Qui_4,11.0,2003.0,Vintage Cars,92.0,S18_4409,Furniture,Chair,"Australian Collectables, Ltd",61-9-3844-6555,7 Allen Street,Unknown,Glen Waverly,Victoria,3150,Australia,APAC,Connery,Sean,Small,Connery Sean,EXPENSIVE,GOOD,1993.0,,,
10244.0,40.0,100.0,7.0,4684.8,4/29/2004,Shipped,Qui_2,4.0,2004.0,Vintage Cars,102.0,S18_1342,Furniture,Desk,Euro Shopping Channel,(91) 555 94 44,"C/ Moralzarzal, 86",Unknown,Madrid,,28034,Spain,EMEA,Freyre,Diego,Medium,Freyre Diego,EXPENSIVE,GOOD,1970.0,,,
10412.0,21.0,52.6,2.0,1104.6,5/3/2005,Shipped,Qui_2,5.0,2005.0,Classic Cars,57.0,S24_1444,Office Supplies,Pencil,Euro Shopping Channel,(91) 555 94 44,"C/ Moralzarzal, 86",Unknown,Madrid,,28034,Spain,EMEA,Freyre,Diego,Small,Freyre Diego,CHEAP,GOOD,1975.0,,,
10316.0,47.0,86.81,14.0,4080.07,11/1/2004,Shipped,Qui_4,11.0,2004.0,Vintage Cars,105.0,S18_3856,Furniture,Desk,giftsbymail.co.uk,(198) 555-8888,Garden House Crowther Way,Unknown,Cowes,Isle of Wight,PO31 7PJ,UK,EMEA,Bennett,Helen,Medium,Bennett Helen,EXPENSIVE,GOOD,1972.0,,,
10166.0,43.0,100.0,2.0,6930.74,10/21/2003,Shipped,Qui_4,10.0,2003.0,Vintage Cars,136.0,S18_3140,Furniture,Desk,FunGiftIdeas.com,5085552555,1785 First Street,Unknown,New Bedford,MA,50553,USA,,Benitez,Violeta,Medium,Benitez Violeta,EXPENSIVE,GOOD,2000.0,,,
10312.0,38.0,100.0,5.0,4457.02,10/21/2004,Shipped,Qui_4,10.0,2004.0,Vintage Cars,104.0,S18_3136,Furniture,Table,Mini Gifts Distributors Ltd.,4155551450,5677 Strong St.,Unknown,San Rafael,CA,97562,USA,,Nelson,Valarie,Medium,Nelson Valarie,EXPENSIVE,GOOD,1987.0,,,
10351.0,20.0,100.0,2.0,3374.6,12/3/2004,Shipped,Qui_4,12.0,2004.0,Vintage Cars,105.0,S18_3856,Furniture,Desk,"Stylish Desk Decors, Co.",(171) 555-0297,35 King George,Unknown,London,,WX3 6FW,UK,EMEA,Brown,Ann,Medium,Brown Ann,EXPENSIVE,GOOD,1962.0,,,
10238.0,49.0,100.0,5.0,6554.24,4/9/2004,Shipped,Qui_2,4.0,2004.0,Classic Cars,146.0,S18_3482,Furniture,Bookshelf,Danish Wholesale Imports,31 12 3555,Vinb'ltet 34,Unknown,Kobenhavn,,1734,Denmark,EMEA,Petersen,Jytte,Medium,Petersen Jytte,EXPENSIVE,GOOD,1984.0,,,
10122.0,21.0,100.0,12.0,2469.39,5/8/2003,Shipped,Qui_2,5.0,2003.0,Classic Cars,146.0,S18_3482,Furniture,Bookshelf,Marseille Mini Autos,91.24.4555,"12, rue des Bouchers",Unknown,Marseille,,13008,France,EMEA,Lebihan,Laurence,Small,Lebihan Laurence,EXPENSIVE,GOOD,1981.0,,,
10291.0,41.0,100.0,10.0,4687.94,9/8/2004,Shipped,Qui_3,9.0,2004.0,Trucks and Buses,116.0,S18_1097,Furniture,Bookshelf,Scandinavian Gift Ideas,0695-34 6555,?kergatan 24,Unknown,Boras,,S-844 67,Sweden,EMEA,Larsson,Maria,Medium,Larsson Maria,EXPENSIVE,GOOD,1964.0,,,
10106.0,34.0,90.39,2.0,3073.26,2/17/2003,Shipped,Qui_1,2.0,2003.0,Planes,84.0,S18_2581,Furniture,Bookshelf,Rovelli Gifts,035-640555,Via Ludovico il Moro 22,Unknown,Bergamo,,24100,Italy,EMEA,Rovelli,Giovanni,Medium,Rovelli Giovanni,EXPENSIVE,GOOD,1961.0,,,
10278.0,35.0,45.28,1.0,1584.8,8/6/2004,Shipped,Qui_3,8.0,2004.0,Classic Cars,50.0,S24_1628,Office Supplies,Lamp,Signal Gift Stores,7025551838,8489 Strong St.,Unknown,Las Vegas,NV,83030,USA,,King,Sue,Small,King Sue,CHEAP,GOOD,1962.0,,,
10222.0,48.0,56.64,3.0,2718.72,2/19/2004,Shipped,Qui_1,2.0,2004.0,Planes,68.0,S24_3949,Office Supplies,Pencil,Collectable Mini Designs Co.,7605558146,361 Furth Circle,Unknown,San Diego,CA,91217,USA,,Thompson,Valarie,Small,Thompson Valarie,CHEAP,GOOD,1995.0,,,
10389.0,47.0,100.0,8.0,5243.79,3/3/2005,Shipped,Qui_1,3.0,2005.0,Classic Cars,115.0,S12_4675,Furniture,Cabinet,Scandinavian Gift Ideas,0695-34 6555,?kergatan 24,Unknown,Boras,,S-844 67,Sweden,EMEA,Larsson,Maria,Medium,Larsson Maria,EXPENSIVE,GOOD,1963.0,,,
10167.0,34.0,100.0,6.0,3599.58,10/23/2003,Cancelled,Qui_4,10.0,2003.0,Vintage Cars,105.0,S18_3856,Furniture,Desk,Scandinavian Gift Ideas,0695-34 6555,?kergatan 24,Unknown,Boras,,S-844 67,Sweden,EMEA,Larsson,Maria,Medium,Larsson Maria,EXPENSIVE,GOOD,1989.0,,,
10331.0,27.0,42.24,13.0,1140.48,11/17/2004,Shipped,Qui_4,11.0,2004.0,Classic Cars,37.0,S24_2972,Office Supplies,Eraser,Motor Mint Distributors Inc.,2155559857,11328 Douglas Av.,Unknown,Philadelphia,PA,71270,USA,,Hernandez,Rosa,Small,Hernandez Rosa,CHEAP,GOOD,1998.0,,,
10219.0,21.0,40.31,3.0,846.51,2/10/2004,Shipped,Qui_1,2.0,2004.0,Classic Cars,35.0,S24_2840,Office Supplies,Pencil,Signal Collectibles Ltd.,4155554312,2793 Furth Circle,Unknown,Brisbane,CA,94217,USA,,Taylor,Sue,Small,Taylor Sue,CHEAP,GOOD,1985.0,,,
10262.0,24.0,67.14,10.0,1611.36,6/24/2004,Cancelled,Qui_2,6.0,2004.0,Planes,68.0,S24_2841,Office Supplies,Pencil,Euro Shopping Channel,(91) 555 94 44,"C/ Moralzarzal, 86",Unknown,Madrid,,28034,Spain,EMEA,Freyre,Diego,Small,Freyre Diego,EXPENSIVE,GOOD,1970.0,,,
10108.0,40.0,100.0,1.0,5448.8,3/3/2003,Shipped,Qui_1,3.0,2003.0,Classic Cars,140.0,S24_3856,Office Supplies,Pencil,Cruz & Sons Co.,+63 2 555 3587,15 McCallum Street - NatWest Center #13-03,Unknown,Makati City,,1227 MM,Philippines,Japan,Cruz,Arnold,Medium,Cruz Arnold,EXPENSIVE,GOOD,1974.0,,,
10288.0,28.0,61.75,4.0,1729.0,9/1/2004,Shipped,Qui_3,9.0,2004.0,Vintage Cars,60.0,S18_2248,Furniture,Desk,Handji Gifts& Co,+65 224 1555,Village Close - 106 Linden Road Sandown,2nd Floor,Singapore,,69045,Singapore,APAC,Victorino,Wendy,Small,Victorino Wendy,CHEAP,GOOD,1996.0,,,
10241.0,28.0,98.65,5.0,2762.2,4/13/2004,Shipped,Qui_2,4.0,2004.0,Classic Cars,117.0,S24_2887,Office Supplies,Ruler,Mini Caravy,88.60.1555,"24, place Kluber",Unknown,Strasbourg,,67000,France,EMEA,Citeaux,Frederique,Small,Citeaux Frederique,EXPENSIVE,GOOD,1969.0,,,
10348.0,31.0,100.0,5.0,3139.99,11/1/2004,Shipped,Qui_4,11.0,2004.0,Trucks and Buses,64.0,S32_3522,Office Supplies,Lamp,"Corrida Auto Replicas, Ltd",(91) 555 22 82,"C/ Araquil, 67",Unknown,Madrid,,28023,Spain,EMEA,Sommer,Mart¡n,Medium,Sommer Mart¡n,EXPENSIVE,GOOD,1976.0,,,
10117.0,41.0,100.0,3.0,5189.78,4/16/2003,Shipped,Qui_2,4.0,2003.0,Ships,122.0,S24_2011,Office Supplies,Pen,"Dragon Souveniers, Ltd.",+65 221 7555,"Bronz Sok., Bronz Apt. 3/6 Tesvikiye",Unknown,Singapore,,79903,Singapore,Japan,Natividad,Eric,Medium,Natividad Eric,EXPENSIVE,GOOD,1978.0,,,
10122.0,43.0,72.38,6.0,3112.34,5/8/2003,Shipped,Qui_2,5.0,2003.0,Classic Cars,77.0,S18_1889,Furniture,Bookshelf,Marseille Mini Autos,91.24.4555,"12, rue des Bouchers",Unknown,Marseille,,13008,France,EMEA,Lebihan,Laurence,Medium,Lebihan Laurence,EXPENSIVE,GOOD,1984.0,,,
10119.0,35.0,90.57,10.0,3169.95,4/28/2003,Shipped,Qui_2,4.0,2003.0,Vintage Cars,83.0,S24_3816,Office Supplies,Pen,Salzburg Collectables,6562-9555,Geislweg 14,Unknown,Salzburg,,5020,Austria,EMEA,Pipps,Georg,Medium,Pipps Georg,EXPENSIVE,GOOD,1977.0,,,
10145.0,30.0,85.32,14.0,2559.6,8/25/2003,Shipped,Qui_3,8.0,2003.0,Planes,84.0,S18_2581,Furniture,Bookshelf,Toys4GrownUps.com,6265557265,78934 Hillside Dr.,Unknown,Pasadena,CA,90003,USA,,Young,Julie,Small,Young Julie,EXPENSIVE,GOOD,1997.0,,,
10331.0,25.0,100.0,9.0,3078.5,11/17/2004,Shipped,Qui_4,11.0,2004.0,Classic Cars,61.0,S24_3371,Office Supplies,Eraser,Motor Mint Distributors Inc.,2155559857,11328 Douglas Av.,Unknown,Philadelphia,PA,71270,USA,,Hernandez,Rosa,Medium,Hernandez Rosa,EXPENSIVE,GOOD,1973.0,,,
10301.0,23.0,100.0,9.0,4011.66,10/5/2003,Shipped,Qui_4,10.0,2003.0,Classic Cars,169.0,S18_3232,Furniture,Table,"Norway Gifts By Mail, Co.",+47 2212 1555,"Drammensveien 126 A, PB 744 Sentrum",Unknown,Oslo,,N 0106,Norway,EMEA,Klaeboe,Jan,Medium,Klaeboe Jan,EXPENSIVE,GOOD,1979.0,,,
10173.0,31.0,89.01,1.0,2759.31,11/5/2003,Shipped,Qui_4,11.0,2003.0,Vintage Cars,104.0,S18_3136,Furniture,Table,Rovelli Gifts,035-640555,Via Ludovico il Moro 22,Unknown,Bergamo,,24100,Italy,EMEA,Rovelli,Giovanni,Small,Rovelli Giovanni,EXPENSIVE,GOOD,1991.0,,,
10331.0,28.0,100.0,3.0,4102.56,11/17/2004,Shipped,Qui_4,11.0,2004.0,Motorcycles,40.0,S32_2206,Office Supplies,Pen,Motor Mint Distributors Inc.,2155559857,11328 Douglas Av.,Unknown,Philadelphia,PA,71270,USA,,Hernandez,Rosa,Medium,Hernandez Rosa,EXPENSIVE,GOOD,1962.0,,,
10289.0,38.0,100.0,2.0,4567.98,9/3/2004,Shipped,Qui_3,9.0,2004.0,Vintage Cars,102.0,S18_1342,Furniture,Desk,Herkku Gifts,+47 2267 3215,"Drammen 121, PR 744 Sentrum",Unknown,Bergen,,N 5804,Norway,EMEA,Oeztan,Veysel,Medium,Oeztan Veysel,EXPENSIVE,GOOD,1990.0,,,
10391.0,39.0,63.2,9.0,2464.8,3/9/2005,Shipped,Qui_1,3.0,2005.0,Trucks and Buses,136.0,S12_1666,Furniture,Cabinet,"Anna's Decorations, Ltd",02 9936 8555,201 Miller Street,Level 15,North Sydney,NSW,2060,Australia,APAC,O'Hara,Anna,Small,O'Hara Anna,CHEAP,GOOD,1995.0,,,
10333.0,31.0,90.17,5.0,2795.27,11/18/2004,Shipped,Qui_4,11.0,2004.0,Vintage Cars,101.0,S18_2949,Furniture,Desk,Mini Wheels Co.,6505555787,5557 North Pendale Street,Unknown,San Francisco,CA,,USA,,Murphy,Julie,Small,Murphy Julie,EXPENSIVE,GOOD,1976.0,,,
10413.0,47.0,100.0,3.0,8236.75,5/5/2005,Shipped,Qui_2,5.0,2005.0,Classic Cars,151.0,S12_3148,Furniture,Desk,Gift Depot Inc.,2035552570,25593 South Bay Ln.,Unknown,Bridgewater,CT,97562,USA,,King,Julie,Large,King Julie,EXPENSIVE,GOOD,1989.0,,,
10293.0,45.0,100.0,7.0,8253.0,9/9/2004,Shipped,Qui_3,9.0,2004.0,Classic Cars,173.0,S12_3891,Furniture,Bookshelf,Amica Models & Co.,011-4988555,Via Monte Bianco 34,Unknown,Torino,,10100,Italy,EMEA,Accorti,Paolo,Large,Accorti Paolo,EXPENSIVE,GOOD,1977.0,,,
10227.0,42.0,29.21,6.0,1226.82,3/2/2004,Shipped,Qui_1,3.0,2004.0,Vintage Cars,33.0,S24_1937,Office Supplies,Lamp,"Saveley & Henriot, Co.",78.32.5555,"2, rue du Commerce",Unknown,Lyon,,69004,France,EMEA,Saveley,Mary,Small,Saveley Mary,CHEAP,GOOD,1978.0,,,
10262.0,40.0,84.03,4.0,3361.2,6/24/2004,Cancelled,Qui_2,6.0,2004.0,Planes,91.0,S700_1691,Technology,Smart phone,Euro Shopping Channel,(91) 555 94 44,"C/ Moralzarzal, 86",Unknown,Madrid,,28034,Spain,EMEA,Freyre,Diego,Medium,Freyre Diego,EXPENSIVE,GOOD,1986.0,,,
10331.0,30.0,32.47,8.0,974.1,11/17/2004,Shipped,Qui_4,11.0,2004.0,Classic Cars,142.0,S18_1984,Furniture,Bookshelf,Motor Mint Distributors Inc.,2155559857,11328 Douglas Av.,Unknown,Philadelphia,PA,71270,USA,,Hernandez,Rosa,Small,Hernandez Rosa,CHEAP,GOOD,1970.0,,,
10329.0,38.0,59.1,10.0,2245.8,11/15/2004,Shipped,Qui_4,11.0,2004.0,Classic Cars,80.0,S18_3278,Furniture,Cabinet,Land of Toys Inc.,2125557818,897 Long Airport Avenue,Unknown,NYC,NY,10022,USA,,Yu,Kwai,Small,Yu Kwai,CHEAP,GOOD,1976.0,,,
10308.0,27.0,82.79,7.0,2235.33,10/15/2004,Shipped,Qui_4,10.0,2004.0,Planes,84.0,S18_2581,Furniture,Bookshelf,Mini Classics,9145554562,3758 North Pendale Street,Unknown,White Plains,NY,24067,USA,,Frick,Steve,Small,Frick Steve,EXPENSIVE,GOOD,1987.0,,,
10169.0,26.0,39.83,9.0,1035.58,11/4/2003,Shipped,Qui_4,11.0,2003.0,Motorcycles,40.0,S32_2206,Office Supplies,Pen,"Anna's Decorations, Ltd",02 9936 8555,201 Miller Street,Level 15,North Sydney,NSW,2060,Australia,APAC,O'Hara,Anna,Small,O'Hara Anna,CHEAP,GOOD,1985.0,,,
10188.0,44.0,98.89,7.0,4351.16,11/18/2003,Shipped,Qui_4,11.0,2003.0,Motorcycles,99.0,S32_1374,Office Supplies,Eraser,Herkku Gifts,+47 2267 3215,"Drammen 121, PR 744 Sentrum",Unknown,Bergen,,N 5804,Norway,EMEA,Oeztan,Veysel,Medium,Oeztan Veysel,EXPENSIVE,GOOD,1982.0,,,
10153.0,31.0,100.0,7.0,3641.57,9/28/2003,Shipped,Qui_3,9.0,2003.0,Vintage Cars,136.0,S18_3140,Furniture,Desk,Euro Shopping Channel,(91) 555 94 44,"C/ Moralzarzal, 86",Unknown,Madrid,,28034,Spain,EMEA,Freyre,Diego,Medium,Freyre Diego,EXPENSIVE,GOOD,1993.0,,,
10381.0,40.0,68.08,4.0,2723.2,2/17/2005,Shipped,Qui_1,2.0,2005.0,Vintage Cars,62.0,S18_2957,Furniture,Desk,Corporate Gift Ideas Co.,6505551386,7734 Strong St.,Unknown,San Francisco,CA,,USA,,Brown,Julie,Small,Brown Julie,EXPENSIVE,GOOD,1985.0,,,
10307.0,22.0,100.0,9.0,2692.8,10/14/2004,Shipped,Qui_4,10.0,2004.0,Classic Cars,136.0,S10_4757,Furniture,Desk,"Classic Gift Ideas, Inc",2155554695,782 First Street,Unknown,Philadelphia,PA,71270,USA,,Cervantes,Francisca,Small,Cervantes Francisca,EXPENSIVE,GOOD,1982.0,,,
10381.0,36.0,100.0,3.0,8254.8,2/17/2005,Shipped,Qui_1,2.0,2005.0,Classic Cars,214.0,S10_1949,Furniture,Desk,Corporate Gift Ideas Co.,6505551386,7734 Strong St.,Unknown,San Francisco,CA,,USA,,Brown,Julie,Large,Brown Julie,EXPENSIVE,GOOD,1982.0,,,
10281.0,44.0,100.0,9.0,7020.64,8/19/2004,Shipped,Qui_3,8.0,2004.0,Classic Cars,147.0,S10_4962,Furniture,Cabinet,Diecast Classics Inc.,2155551555,7586 Pompton St.,Unknown,Allentown,PA,70267,USA,,Yu,Kyung,Large,Yu Kyung,EXPENSIVE,GOOD,1997.0,,,
10169.0,34.0,100.0,12.0,3920.88,11/4/2003,Shipped,Qui_4,11.0,2003.0,Motorcycles,102.0,S32_4485,Office Supplies,Ruler,"Anna's Decorations, Ltd",02 9936 8555,201 Miller Street,Level 15,North Sydney,NSW,2060,Australia,APAC,O'Hara,Anna,Medium,O'Hara Anna,EXPENSIVE,GOOD,1960.0,,,
10211.0,41.0,100.0,7.0,5673.58,1/15/2004,Shipped,Qui_1,1.0,2004.0,Classic Cars,148.0,S18_4721,Furniture,Table,Auto Canal Petit,(1) 47.55.6555,"25, rue Lauriston",Unknown,Paris,,75016,France,EMEA,Perrier,Dominique,Medium,Perrier Dominique,EXPENSIVE,GOOD,1961.0,,,
10205.0,32.0,37.17,5.0,1189.44,12/3/2003,Shipped,Qui_4,12.0,2003.0,Vintage Cars,33.0,S24_1937,Office Supplies,Lamp,Euro Shopping Channel,(91) 555 94 44,"C/ Moralzarzal, 86",Unknown,Madrid,,28034,Spain,EMEA,Freyre,Diego,Small,Freyre Diego,CHEAP,GOOD,1968.0,,,
10159.0,42.0,51.48,18.0,2162.16,10/10/2003,Shipped,Qui_4,10.0,2003.0,Motorcycles,60.0,S18_2625,Furniture,Table,Corporate Gift Ideas Co.,6505551386,7734 Strong St.,Unknown,San Francisco,CA,,USA,,Brown,Julie,Small,Brown Julie,CHEAP,GOOD,1960.0,,,
10380.0,36.0,37.5,6.0,1350.0,2/16/2005,Shipped,Qui_1,2.0,2005.0,Classic Cars,90.0,S24_2766,Office Supplies,Eraser,Euro Shopping Channel,(91) 555 94 44,"C/ Moralzarzal, 86",Unknown,Madrid,,28034,Spain,EMEA,Freyre,Diego,Small,Freyre Diego,CHEAP,GOOD,1969.0,,,
10334.0,46.0,100.0,6.0,5814.86,11/19/2004,On Hold,Qui_4,11.0,2004.0,Trucks and Buses,122.0,S18_2319,Furniture,Chair,"Volvo Model Replicas, Co",0921-12 3555,Berguvsv„gen  8,Unknown,Lule,,S-958 22,Sweden,EMEA,Berglund,Christina,Medium,Berglund Christina,EXPENSIVE,GOOD,1986.0,,,
10105.0,50.0,79.67,1.0,3983.5,2/11/2003,Shipped,Qui_1,2.0,2003.0,Vintage Cars,83.0,S24_3816,Office Supplies,Pen,Danish Wholesale Imports,31 12 3555,Vinb'ltet 34,Unknown,Kobenhavn,,1734,Denmark,EMEA,Petersen,Jytte,Medium,Petersen Jytte,EXPENSIVE,EXCELLENT,1996.0,,,
10344.0,21.0,100.0,4.0,2203.11,11/25/2004,Shipped,Qui_4,11.0,2004.0,Vintage Cars,92.0,S18_4409,Furniture,Chair,Marseille Mini Autos,91.24.4555,"12, rue des Bouchers",Unknown,Marseille,,13008,France,EMEA,Lebihan,Laurence,Small,Lebihan Laurence,EXPENSIVE,GOOD,1988.0,,,
10274.0,24.0,90.52,5.0,2172.48,7/21/2004,Shipped,Qui_3,7.0,2004.0,Ships,90.0,S700_2047,Technology,Tablet,Collectables For Less Inc.,6175558555,7825 Douglas Av.,Unknown,Brickhaven,MA,58339,USA,,Nelson,Allen,Small,Nelson Allen,EXPENSIVE,GOOD,1974.0,,,
10181.0,25.0,100.0,9.0,3861.75,11/12/2003,Shipped,Qui_4,11.0,2003.0,Classic Cars,140.0,S24_3856,Office Supplies,Pencil,Herkku Gifts,+47 2267 3215,"Drammen 121, PR 744 Sentrum",Unknown,Bergen,,N 5804,Norway,EMEA,Oeztan,Veysel,Medium,Oeztan Veysel,EXPENSIVE,GOOD,1974.0,,,
10241.0,41.0,100.0,2.0,7597.3,4/13/2004,Shipped,Qui_2,4.0,2004.0,Vintage Cars,170.0,S18_1749,Furniture,Desk,Mini Caravy,88.60.1555,"24, place Kluber",Unknown,Strasbourg,,67000,France,EMEA,Citeaux,Frederique,Large,Citeaux Frederique,EXPENSIVE,GOOD,1990.0,,,
10201.0,30.0,64.81,6.0,1944.3,12/1/2003,Shipped,Qui_4,12.0,2003.0,Motorcycles,60.0,S18_2625,Furniture,Table,Mini Wheels Co.,6505555787,5557 North Pendale Street,Unknown,San Francisco,CA,,USA,,Murphy,Julie,Small,Murphy Julie,CHEAP,GOOD,1971.0,,,
10329.0,29.0,100.0,9.0,2954.81,11/15/2004,Shipped,Qui_4,11.0,2004.0,Classic Cars,77.0,S18_1889,Furniture,Bookshelf,Land of Toys Inc.,2125557818,897 Long Airport Avenue,Unknown,NYC,NY,10022,USA,,Yu,Kwai,Small,Yu Kwai,EXPENSIVE,GOOD,1986.0,,,
10336.0,31.0,84.71,9.0,2626.01,11/20/2004,Shipped,Qui_4,11.0,2004.0,Trains,62.0,S32_3207,Office Supplies,Pen,"La Corne D'abondance, Co.",(1) 42.34.2555,"265, boulevard Charonne",Unknown,Paris,,75012,France,EMEA,Bertrand,Marie,Small,Bertrand Marie,EXPENSIVE,GOOD,1999.0,,,
10169.0,33.0,100.0,7.0,4910.4,11/4/2003,Shipped,Qui_4,11.0,2003.0,Classic Cars,148.0,S18_4721,Furniture,Table,"Anna's Decorations, Ltd",02 9936 8555,201 Miller Street,Level 15,North Sydney,NSW,2060,Australia,APAC,O'Hara,Anna,Medium,O'Hara Anna,EXPENSIVE,GOOD,1994.0,,,
10314.0,23.0,100.0,3.0,2481.7,10/22/2004,Shipped,Qui_4,10.0,2004.0,Trains,100.0,S18_3259,Furniture,Desk,Heintze Collectables,86 21 3555,Smagsloget 45,Unknown,Aaarhus,,8200,Denmark,EMEA,Ibsen,Palle,Small,Ibsen Palle,EXPENSIVE,GOOD,1978.0,,,
10208.0,37.0,100.0,4.0,4447.4,1/2/2004,Shipped,Qui_1,1.0,2004.0,Ships,100.0,S700_3505,Technology,Laptop,"Saveley & Henriot, Co.",78.32.5555,"2, rue du Commerce",Unknown,Lyon,,69004,France,EMEA,Saveley,Mary,Medium,Saveley Mary,EXPENSIVE,GOOD,1961.0,,,
10419.0,55.0,100.0,2.0,7695.6,5/17/2005,Shipped,Qui_2,5.0,2005.0,Classic Cars,132.0,S18_2870,Furniture,Cabinet,Salzburg Collectables,6562-9555,Geislweg 14,Unknown,Salzburg,,5020,Austria,EMEA,Pipps,Georg,Large,Pipps Georg,EXPENSIVE,EXCELLENT,1978.0,,,
10396.0,49.0,100.0,6.0,5720.75,3/23/2005,Shipped,Qui_1,3.0,2005.0,Ships,122.0,S24_2011,Office Supplies,Pen,Mini Gifts Distributors Ltd.,4155551450,5677 Strong St.,Unknown,San Rafael,CA,97562,USA,,Nelson,Valarie,Medium,Nelson Valarie,EXPENSIVE,GOOD,1964.0,,,
10169.0,48.0,80.55,10.0,3866.4,11/4/2003,Shipped,Qui_4,11.0,2003.0,Motorcycles,81.0,S50_4713,Accessories,Headphone,"Anna's Decorations, Ltd",02 9936 8555,201 Miller Street,Level 15,North Sydney,NSW,2060,Australia,APAC,O'Hara,Anna,Medium,O'Hara Anna,EXPENSIVE,GOOD,1962.0,,,
10272.0,27.0,100.0,3.0,4283.01,7/20/2004,Shipped,Qui_3,7.0,2004.0,Classic Cars,151.0,S12_3148,Furniture,Desk,Diecast Classics Inc.,2155551555,7586 Pompton St.,Unknown,Allentown,PA,70267,USA,,Yu,Kyung,Medium,Yu Kyung,EXPENSIVE,GOOD,1991.0,,,
10350.0,44.0,100.0,1.0,5191.12,12/2/2004,Shipped,Qui_4,12.0,2004.0,Vintage Cars,136.0,S18_3140,Furniture,Desk,Euro Shopping Channel,(91) 555 94 44,"C/ Moralzarzal, 86",Unknown,Madrid,,28034,Spain,EMEA,Freyre,Diego,Medium,Freyre Diego,EXPENSIVE,GOOD,1960.0,,,
10106.0,33.0,72.92,5.0,2406.36,2/17/2003,Shipped,Qui_1,2.0,2003.0,Vintage Cars,68.0,S32_4289,Office Supplies,Ruler,Rovelli Gifts,035-640555,Via Ludovico il Moro 22,Unknown,Bergamo,,24100,Italy,EMEA,Rovelli,Giovanni,Small,Rovelli Giovanni,EXPENSIVE,GOOD,1991.0,,,
10274.0,32.0,58.6,4.0,1875.2,7/21/2004,Shipped,Qui_3,7.0,2004.0,Planes,49.0,S72_1253,Accessories,Keyboard,Collectables For Less Inc.,6175558555,7825 Douglas Av.,Unknown,Brickhaven,MA,58339,USA,,Nelson,Allen,Small,Nelson Allen,CHEAP,GOOD,1977.0,,,
10270.0,44.0,58.36,7.0,2567.84,7/19/2004,Shipped,Qui_3,7.0,2004.0,Vintage Cars,50.0,S18_4668,Furniture,Cabinet,Souveniers And Things Co.,+61 2 9495 8555,"Monitor Money Building, 815 Pacific Hwy",Level 6,Chatswood,NSW,2067,Australia,APAC,Huxley,Adrian,Small,Huxley Adrian,CHEAP,GOOD,1998.0,,,
10292.0,21.0,100.0,8.0,2214.87,9/8/2004,Shipped,Qui_3,9.0,2004.0,Trucks and Buses,118.0,S12_4473,Furniture,Cabinet,Land of Toys Inc.,2125557818,897 Long Airport Avenue,Unknown,NYC,NY,10022,USA,,Yu,Kwai,Small,Yu Kwai,EXPENSIVE,GOOD,1961.0,,,
10285.0,39.0,78.92,2.0,3077.88,8/27/2004,Shipped,Qui_3,8.0,2004.0,Motorcycles,81.0,S50_4713,Accessories,Headphone,Marta's Replicas Co.,6175558555,39323 Spinnaker Dr.,Unknown,Cambridge,MA,51247,USA,,Hernandez,Marta,Medium,Hernandez Marta,EXPENSIVE,GOOD,1972.0,,,
10342.0,25.0,66.74,5.0,1668.5,11/24/2004,Shipped,Qui_4,11.0,2004.0,Classic Cars,80.0,S18_3278,Furniture,Cabinet,"Australian Collectors, Co.",03 9520 4555,636 St Kilda Road,Level 3,Melbourne,Victoria,3004,Australia,APAC,Ferguson,Peter,Small,Ferguson Peter,EXPENSIVE,GOOD,1965.0,,,
10244.0,36.0,84.33,5.0,3035.88,4/29/2004,Shipped,Qui_2,4.0,2004.0,Vintage Cars,99.0,S18_3320,Furniture,Table,Euro Shopping Channel,(91) 555 94 44,"C/ Moralzarzal, 86",Unknown,Madrid,,28034,Spain,EMEA,Freyre,Diego,Medium,Freyre Diego,EXPENSIVE,GOOD,1993.0,,,
10289.0,45.0,48.38,4.0,2177.1,9/3/2004,Shipped,Qui_3,9.0,2004.0,Vintage Cars,44.0,S24_2022,Office Supplies,Lamp,Herkku Gifts,+47 2267 3215,"Drammen 121, PR 744 Sentrum",Unknown,Bergen,,N 5804,Norway,EMEA,Oeztan,Veysel,Small,Oeztan Veysel,CHEAP,GOOD,1986.0,,,
10330.0,29.0,69.63,2.0,2019.27,11/16/2004,Shipped,Qui_4,11.0,2004.0,Motorcycles,62.0,S18_3782,Furniture,Bookshelf,Cruz & Sons Co.,+63 2 555 3587,15 McCallum Street - NatWest Center #13-03,Unknown,Makati City,,1227 MM,Philippines,Japan,Cruz,Arnold,Small,Cruz Arnold,EXPENSIVE,GOOD,1994.0,,,
10324.0,49.0,100.0,13.0,5379.71,11/5/2004,Shipped,Qui_4,11.0,2004.0,Classic Cars,143.0,S18_4027,Furniture,Table,Vitachrome Inc.,2125551500,2678 Kingston Rd.,Suite 101,NYC,NY,10022,USA,,Frick,Michael,Medium,Frick Michael,EXPENSIVE,GOOD,1965.0,,,
10357.0,39.0,98.0,1.0,3822.0,12/10/2004,Shipped,Qui_4,12.0,2004.0,Trucks and Buses,116.0,S18_1097,Furniture,Bookshelf,Mini Gifts Distributors Ltd.,4155551450,5677 Strong St.,Unknown,San Rafael,CA,97562,USA,,Nelson,Valarie,Medium,Nelson Valarie,EXPENSIVE,GOOD,1962.0,,,
10280.0,20.0,28.88,12.0,577.6,8/17/2004,Shipped,Qui_3,8.0,2004.0,Vintage Cars,33.0,S24_1937,Office Supplies,Lamp,Amica Models & Co.,011-4988555,Via Monte Bianco 34,Unknown,Torino,,10100,Italy,EMEA,Accorti,Paolo,Small,Accorti Paolo,CHEAP,GOOD,1963.0,,,
10263.0,33.0,86.17,10.0,2843.61,6/28/2004,Shipped,Qui_2,6.0,2004.0,Planes,84.0,S18_2581,Furniture,Bookshelf,Gift Depot Inc.,2035552570,25593 South Bay Ln.,Unknown,Bridgewater,CT,97562,USA,,King,Julie,Small,King Julie,EXPENSIVE,GOOD,1975.0,,,
10166.0,26.0,73.73,1.0,1916.98,10/21/2003,Shipped,Qui_4,10.0,2003.0,Vintage Cars,87.0,S18_4522,Furniture,Table,FunGiftIdeas.com,5085552555,1785 First Street,Unknown,New Bedford,MA,50553,USA,,Benitez,Violeta,Small,Benitez Violeta,EXPENSIVE,GOOD,1997.0,,,
10348.0,37.0,100.0,1.0,5981.42,11/1/2004,Shipped,Qui_4,11.0,2004.0,Trucks and Buses,127.0,S24_2300,Office Supplies,Pen,"Corrida Auto Replicas, Ltd",(91) 555 22 82,"C/ Araquil, 67",Unknown,Madrid,,28023,Spain,EMEA,Sommer,Mart¡n,Medium,Sommer Mart¡n,EXPENSIVE,GOOD,1986.0,,,
10358.0,27.0,100.0,3.0,3761.37,12/10/2004,Shipped,Qui_4,12.0,2004.0,Classic Cars,101.0,S700_2824,Technology,Desktop,Euro Shopping Channel,(91) 555 94 44,"C/ Moralzarzal, 86",Unknown,Madrid,,28034,Spain,EMEA,Freyre,Diego,Medium,Freyre Diego,EXPENSIVE,GOOD,1978.0,,,
10329.0,37.0,94.43,4.0,3493.91,11/15/2004,Shipped,Qui_4,11.0,2004.0,Motorcycles,76.0,S24_2000,Office Supplies,Pen,Land of Toys Inc.,2125557818,897 Long Airport Avenue,Unknown,NYC,NY,10022,USA,,Yu,Kwai,Medium,Yu Kwai,EXPENSIVE,GOOD,1993.0,,,
10327.0,37.0,86.61,3.0,3204.57,11/10/2004,Resolved,Qui_4,11.0,2004.0,Ships,99.0,S700_3962,Technology,Smart watch,Danish Wholesale Imports,31 12 3555,Vinb'ltet 34,Unknown,Kobenhavn,,1734,Denmark,EMEA,Petersen,Jytte,Medium,Petersen Jytte,EXPENSIVE,GOOD,1974.0,,,
10186.0,32.0,100.0,1.0,6004.8,11/14/2003,Shipped,Qui_4,11.0,2003.0,Planes,157.0,S18_1662,Furniture,Cabinet,"Double Decker Gift Stores, Ltd",(171) 555-7555,120 Hanover Sq.,Unknown,London,,WA1 1DP,UK,EMEA,Hardy,Thomas,Medium,Hardy Thomas,EXPENSIVE,GOOD,1988.0,,,
10215.0,31.0,58.71,6.0,1820.01,1/29/2004,Shipped,Qui_1,1.0,2004.0,Vintage Cars,62.0,S18_2957,Furniture,Desk,West Coast Collectables Co.,3105553722,3675 Furth Circle,Unknown,Burbank,CA,94019,USA,,Thompson,Steve,Small,Thompson Steve,CHEAP,GOOD,1967.0,,,
10175.0,29.0,74.98,12.0,2174.42,11/6/2003,Shipped,Qui_4,11.0,2003.0,Trucks and Buses,64.0,S32_3522,Office Supplies,Lamp,"Stylish Desk Decors, Co.",(171) 555-0297,35 King George,Unknown,London,,WX3 6FW,UK,EMEA,Brown,Ann,Small,Brown Ann,EXPENSIVE,GOOD,1981.0,,,
10208.0,38.0,74.67,3.0,2837.46,1/2/2004,Shipped,Qui_1,1.0,2004.0,Ships,66.0,S700_1138,Technology,Desktop,"Saveley & Henriot, Co.",78.32.5555,"2, rue du Commerce",Unknown,Lyon,,69004,France,EMEA,Saveley,Mary,Small,Saveley Mary,EXPENSIVE,GOOD,1981.0,,,
,10.0,100.0,1.0,1000.0,,,4,10.0,2023.0,Classic Cars,150.0,S10_1678,,,John Doe,123-456-7890,123 Elm St,Apt 456,Anytown,CA,90210,USA,NA,Doe,John,Small,,Y,5000,1980.0,,,
10297.0,26.0,100.0,2.0,2856.88,9/16/2004,Shipped,Qui_3,9.0,2004.0,Motorcycles,99.0,S32_1374,Office Supplies,Eraser,"Clover Collections, Co.",+353 1862 1555,25 Maiden Lane,Floor No. 4,Dublin,,2,Ireland,EMEA,Cassidy,Dean,Small,Cassidy Dean,EXPENSIVE,GOOD,1991.0,,,
10279.0,32.0,74.96,5.0,2398.72,8/9/2004,Shipped,Qui_3,8.0,2004.0,Classic Cars,73.0,S24_1046,Office Supplies,Pencil,Euro Shopping Channel,(91) 555 94 44,"C/ Moralzarzal, 86",Unknown,Madrid,,28034,Spain,EMEA,Freyre,Diego,Small,Freyre Diego,EXPENSIVE,GOOD,1966.0,,,
10105.0,22.0,100.0,11.0,3065.04,2/11/2003,Shipped,Qui_1,2.0,2003.0,Vintage Cars,136.0,S18_3140,Furniture,Desk,Danish Wholesale Imports,31 12 3555,Vinb'ltet 34,Unknown,Kobenhavn,,1734,Denmark,EMEA,Petersen,Jytte,Medium,Petersen Jytte,EXPENSIVE,GOOD,1981.0,,,
10166.0,29.0,100.0,3.0,3013.97,10/21/2003,Shipped,Qui_4,10.0,2003.0,Ships,86.0,S700_1938,Technology,Desktop,FunGiftIdeas.com,5085552555,1785 First Street,Unknown,New Bedford,MA,50553,USA,,Benitez,Violeta,Medium,Benitez Violeta,EXPENSIVE,GOOD,1969.0,,,
10194.0,38.0,100.0,8.0,4933.92,11/25/2003,Shipped,Qui_4,11.0,2003.0,Trucks and Buses,136.0,S12_1666,Furniture,Cabinet,"Saveley & Henriot, Co.",78.32.5555,"2, rue du Commerce",Unknown,Lyon,,69004,France,EMEA,Saveley,Mary,Medium,Saveley Mary,EXPENSIVE,GOOD,1968.0,,,
10225.0,47.0,64.68,5.0,3039.96,2/22/2004,Shipped,Qui_1,2.0,2004.0,Classic Cars,77.0,S18_1889,Furniture,Bookshelf,"Vida Sport, Ltd",0897-034555,Grenzacherweg 237,Unknown,Gensve,,1203,Switzerland,EMEA,Holz,Michael,Medium,Holz Michael,CHEAP,GOOD,1998.0,,,
10267.0,40.0,80.1,5.0,3204.0,7/7/2004,Shipped,Qui_3,7.0,2004.0,Classic Cars,73.0,S24_1046,Office Supplies,Pencil,Muscle Machine Inc,2125557413,4092 Furth Circle,Suite 400,NYC,NY,10022,USA,,Young,Jeff,Medium,Young Jeff,EXPENSIVE,GOOD,1977.0,,,
10386.0,35.0,63.76,9.0,2231.6,3/1/2005,Resolved,Qui_1,3.0,2005.0,Vintage Cars,65.0,S24_3420,Office Supplies,Lamp,Euro Shopping Channel,(91) 555 94 44,"C/ Moralzarzal, 86",Unknown,Madrid,,28034,Spain,EMEA,Freyre,Diego,Small,Freyre Diego,CHEAP,GOOD,1975.0,,,
10355.0,28.0,95.39,9.0,2670.92,12/7/2004,Shipped,Qui_4,12.0,2004.0,Classic Cars,80.0,S24_4620,Office Supplies,Lamp,Euro Shopping Channel,(91) 555 94 44,"C/ Moralzarzal, 86",Unknown,Madrid,,28034,Spain,EMEA,Freyre,Diego,Small,Freyre Diego,EXPENSIVE,GOOD,1992.0,,,
10222.0,32.0,81.53,5.0,2608.96,2/19/2004,Shipped,Qui_1,2.0,2004.0,Planes,68.0,S24_2841,Office Supplies,Pencil,Collectable Mini Designs Co.,7605558146,361 Furth Circle,Unknown,San Diego,CA,91217,USA,,Thompson,Valarie,Small,Thompson Valarie,EXPENSIVE,GOOD,1975.0,,,
10312.0,33.0,100.0,8.0,3535.95,10/21/2004,Shipped,Qui_4,10.0,2004.0,Vintage Cars,99.0,S18_3320,Furniture,Table,Mini Gifts Distributors Ltd.,4155551450,5677 Strong St.,Unknown,San Rafael,CA,97562,USA,,Nelson,Valarie,Medium,Nelson Valarie,EXPENSIVE,GOOD,1994.0,,,
10316.0,34.0,63.71,10.0,2166.14,11/1/2004,Shipped,Qui_4,11.0,2004.0,Planes,68.0,S24_2841,Office Supplies,Pencil,giftsbymail.co.uk,(198) 555-8888,Garden House Crowther Way,Unknown,Cowes,Isle of Wight,PO31 7PJ,UK,EMEA,Bennett,Helen,Small,Bennett Helen,CHEAP,GOOD,1981.0,,,
10375.0,49.0,100.0,8.0,5406.66,2/3/2005,Shipped,Qui_1,2.0,2005.0,Motorcycles,81.0,S50_4713,Accessories,Headphone,La Rochelle Gifts,40.67.8555,"67, rue des Cinquante Otages",Unknown,Nantes,,44000,France,EMEA,Labrune,Janine,Medium,Labrune Janine,EXPENSIVE,GOOD,1961.0,,,
10107.0,38.0,83.03,7.0,3155.14,2/24/2003,Shipped,Qui_1,2.0,2003.0,Motorcycles,76.0,S24_2000,Office Supplies,Pen,Land of Toys Inc.,2125557818,897 Long Airport Avenue,Unknown,NYC,NY,10022,USA,,Yu,Kwai,Medium,Yu Kwai,EXPENSIVE,GOOD,1981.0,,,
10346.0,22.0,97.44,4.0,2143.68,11/29/2004,Shipped,Qui_4,11.0,2004.0,Vintage Cars,41.0,S24_3969,Office Supplies,Eraser,Signal Gift Stores,7025551838,8489 Strong St.,Unknown,Las Vegas,NV,83030,USA,,King,Sue,Small,King Sue,EXPENSIVE,GOOD,1990.0,,,
10211.0,37.0,100.0,12.0,4040.03,1/15/2004,Shipped,Qui_1,1.0,2004.0,Motorcycles,102.0,S32_4485,Office Supplies,Ruler,Auto Canal Petit,(1) 47.55.6555,"25, rue Lauriston",Unknown,Paris,,75016,France,EMEA,Perrier,Dominique,Medium,Perrier Dominique,EXPENSIVE,GOOD,1970.0,,,
10325.0,24.0,69.12,9.0,1658.88,11/5/2004,Shipped,Qui_4,11.0,2004.0,Vintage Cars,136.0,S18_3140,Furniture,Desk,Baane Mini Imports,07-98 9555,Erling Skakkes gate 78,Unknown,Stavern,,4110,Norway,EMEA,Bergulfsen,Jonas,Small,Bergulfsen Jonas,EXPENSIVE,GOOD,1986.0,,,
10261.0,29.0,50.78,7.0,1472.62,6/17/2004,Shipped,Qui_2,6.0,2004.0,Ships,54.0,S72_3212,Accessories,Headphone,Quebec Home Shopping Network,(514) 555-8054,43 rue St. Laurent,Unknown,Montreal,Quebec,H1J 1C3,Canada,,Fresnisre,Jean,Small,Fresnisre Jean,CHEAP,GOOD,1981.0,,,
10141.0,39.0,100.0,4.0,5938.53,8/1/2003,Shipped,Qui_3,8.0,2003.0,Classic Cars,163.0,S18_2238,Furniture,Table,Suominen Souveniers,+358 9 8045 555,"Software Engineering Center, SEC Oy",Unknown,Espoo,,FIN-02271,Finland,EMEA,Suominen,Kalle,Medium,Suominen Kalle,EXPENSIVE,GOOD,1993.0,,,
10142.0,42.0,49.79,14.0,2091.18,8/8/2003,Shipped,Qui_3,8.0,2003.0,Trains,58.0,S50_1514,Accessories,Headphone,Mini Gifts Distributors Ltd.,4155551450,5677 Strong St.,Unknown,San Rafael,CA,97562,USA,,Nelson,Valarie,Small,Nelson Valarie,CHEAP,GOOD,1984.0,,,
10373.0,22.0,86.74,5.0,1908.28,1/31/2005,Shipped,Qui_1,1.0,2005.0,Ships,86.0,S18_3029,Furniture,Table,"Oulu Toy Supplies, Inc.",981-443655,Torikatu 38,Unknown,Oulu,,90110,Finland,EMEA,Koskitalo,Pirkko,Small,Koskitalo Pirkko,EXPENSIVE,GOOD,1975.0,,,
10183.0,40.0,49.3,6.0,1972.0,11/13/2003,Shipped,Qui_4,11.0,2003.0,Vintage Cars,50.0,S18_4668,Furniture,Cabinet,"Classic Gift Ideas, Inc",2155554695,782 First Street,Unknown,Philadelphia,PA,71270,USA,,Cervantes,Francisca,Small,Cervantes Francisca,CHEAP,GOOD,1979.0,,,
10337.0,36.0,70.3,9.0,2530.8,11/21/2004,Shipped,Qui_4,11.0,2004.0,Ships,86.0,S700_1938,Technology,Desktop,Classic Legends Inc.,2125558493,5905 Pompton St.,Suite 750,NYC,NY,10022,USA,,Hernandez,Maria,Small,Hernandez Maria,EXPENSIVE,GOOD,1980.0,,,
10119.0,28.0,48.17,6.0,1348.76,4/28/2003,Shipped,Qui_2,4.0,2003.0,Planes,49.0,S72_1253,Accessories,Keyboard,Salzburg Collectables,6562-9555,Geislweg 14,Unknown,Salzburg,,5020,Austria,EMEA,Pipps,Georg,Small,Pipps Georg,CHEAP,GOOD,1966.0,,,
10198.0,42.0,100.0,4.0,7483.98,11/27/2003,Shipped,Qui_4,11.0,2003.0,Planes,157.0,S18_1662,Furniture,Cabinet,Cruz & Sons Co.,+63 2 555 3587,15 McCallum Street - NatWest Center #13-03,Unknown,Makati City,,1227 MM,Philippines,Japan,Cruz,Arnold,Large,Cruz Arnold,EXPENSIVE,GOOD,1973.0,,,
10225.0,46.0,70.33,13.0,3235.18,2/22/2004,Shipped,Qui_1,2.0,2004.0,Classic Cars,80.0,S24_4620,Office Supplies,Lamp,"Vida Sport, Ltd",0897-034555,Grenzacherweg 237,Unknown,Gensve,,1203,Switzerland,EMEA,Holz,Michael,Medium,Holz Michael,EXPENSIVE,GOOD,1993.0,,,
10309.0,21.0,100.0,6.0,2650.62,10/15/2004,Shipped,Qui_4,10.0,2004.0,Motorcycles,112.0,S24_1578,Office Supplies,Eraser,Baane Mini Imports,07-98 9555,Erling Skakkes gate 78,Unknown,Stavern,,4110,Norway,EMEA,Bergulfsen,Jonas,Small,Bergulfsen Jonas,EXPENSIVE,GOOD,1968.0,,,
10221.0,23.0,80.67,5.0,1855.41,2/18/2004,Shipped,Qui_1,2.0,2004.0,Trains,100.0,S18_3259,Furniture,Desk,Petit Auto,(02) 5554 67,Rue Joseph-Bens 532,Unknown,Bruxelles,,B-1180,Belgium,EMEA,Dewey,Catherine,Small,Dewey Catherine,EXPENSIVE,GOOD,1974.0,,,
10177.0,45.0,72.58,2.0,3266.1,11/7/2003,Shipped,Qui_4,11.0,2003.0,Vintage Cars,88.0,S24_3151,Office Supplies,Pencil,CAF Imports,+34 913 728 555,"Merchants House, 27-30 Merchant's Quay",Unknown,Madrid,,28023,Spain,EMEA,Fernandez,Jesus,Medium,Fernandez Jesus,EXPENSIVE,GOOD,1994.0,,,
10386.0,32.0,94.34,17.0,3018.88,3/1/2005,Resolved,Qui_1,3.0,2005.0,Planes,80.0,S700_3167,Technology,Smart watch,Euro Shopping Channel,(91) 555 94 44,"C/ Moralzarzal, 86",Unknown,Madrid,,28034,Spain,EMEA,Freyre,Diego,Medium,Freyre Diego,EXPENSIVE,GOOD,1970.0,,,
10256.0,34.0,95.55,2.0,3248.7,6/8/2004,Shipped,Qui_2,6.0,2004.0,Vintage Cars,102.0,S18_1342,Furniture,Desk,Danish Wholesale Imports,31 12 3555,Vinb'ltet 34,Unknown,Kobenhavn,,1734,Denmark,EMEA,Petersen,Jytte,Medium,Petersen Jytte,EXPENSIVE,GOOD,1993.0,,,
10182.0,36.0,73.6,14.0,2649.6,11/12/2003,Shipped,Qui_4,11.0,2003.0,Classic Cars,90.0,S24_2766,Office Supplies,Eraser,Mini Gifts Distributors Ltd.,4155551450,5677 Strong St.,Unknown,San Rafael,CA,97562,USA,,Nelson,Valarie,Small,Nelson Valarie,EXPENSIVE,GOOD,1960.0,,,
10287.0,36.0,100.0,5.0,5852.52,8/30/2004,Shipped,Qui_3,8.0,2004.0,Classic Cars,169.0,S18_3232,Furniture,Table,"Vida Sport, Ltd",0897-034555,Grenzacherweg 237,Unknown,Gensve,,1203,Switzerland,EMEA,Holz,Michael,Medium,Holz Michael,EXPENSIVE,GOOD,1966.0,,,
10206.0,33.0,100.0,1.0,3871.89,12/5/2003,Shipped,Qui_4,12.0,2003.0,Classic Cars,101.0,S700_2824,Technology,Desktop,Canadian Gift Exchange Network,(604) 555-3392,1900 Oak St.,Unknown,Vancouver,BC,V3F 2K1,Canada,,Tannamuri,Yoshi,Medium,Tannamuri Yoshi,EXPENSIVE,GOOD,1965.0,,,
10148.0,27.0,100.0,10.0,3528.36,9/11/2003,Shipped,Qui_3,9.0,2003.0,Classic Cars,132.0,S18_2870,Furniture,Cabinet,"Anna's Decorations, Ltd",02 9936 8555,201 Miller Street,Level 15,North Sydney,NSW,2060,Australia,APAC,O'Hara,Anna,Medium,O'Hara Anna,EXPENSIVE,GOOD,1972.0,,,
10163.0,31.0,100.0,2.0,3329.09,10/20/2003,Shipped,Qui_4,10.0,2003.0,Vintage Cars,101.0,S18_2949,Furniture,Desk,Classic Legends Inc.,2125558493,5905 Pompton St.,Suite 750,NYC,NY,10022,USA,,Hernandez,Maria,Medium,Hernandez Maria,EXPENSIVE,GOOD,1971.0,,,
10283.0,42.0,100.0,13.0,5316.36,8/20/2004,Shipped,Qui_3,8.0,2004.0,Ships,122.0,S24_2011,Office Supplies,Pen,"Royal Canadian Collectables, Ltd.",(604) 555-4555,23 Tsawassen Blvd.,Unknown,Tsawassen,BC,T2F 8M4,Canada,,Lincoln,Elizabeth,Medium,Lincoln Elizabeth,EXPENSIVE,GOOD,1972.0,,,
10258.0,41.0,100.0,5.0,5453.0,6/15/2004,Shipped,Qui_2,6.0,2004.0,Trucks and Buses,116.0,S18_1097,Furniture,Bookshelf,"Tokyo Collectables, Ltd",+81 3 3584 0555,2-2-8 Roppongi,Unknown,Minato-ku,Tokyo,106-0032,Japan,Japan,Shimamura,Akiko,Medium,Shimamura Akiko,EXPENSIVE,GOOD,1967.0,,,
10208.0,30.0,65.61,15.0,1968.3,1/2/2004,Shipped,Qui_1,1.0,2004.0,Trains,58.0,S50_1514,Accessories,Headphone,"Saveley & Henriot, Co.",78.32.5555,"2, rue du Commerce",Unknown,Lyon,,69004,France,EMEA,Saveley,Mary,Small,Saveley Mary,EXPENSIVE,GOOD,1981.0,,,
10110.0,29.0,59.37,15.0,1721.73,3/18/2003,Shipped,Qui_1,3.0,2003.0,Classic Cars,50.0,S24_1628,Office Supplies,Lamp,"AV Stores, Co.",(171) 555-1555,Fauntleroy Circus,Unknown,Manchester,,EC2 5NT,UK,EMEA,Ashworth,Victoria,Small,Ashworth Victoria,CHEAP,GOOD,1966.0,,,
10279.0,48.0,100.0,6.0,6168.0,8/9/2004,Shipped,Qui_3,8.0,2004.0,Classic Cars,107.0,S24_3432,Office Supplies,Lamp,Euro Shopping Channel,(91) 555 94 44,"C/ Moralzarzal, 86",Unknown,Madrid,,28034,Spain,EMEA,Freyre,Diego,Medium,Freyre Diego,EXPENSIVE,GOOD,1977.0,,,
10329.0,42.0,100.0,1.0,4396.14,11/15/2004,Shipped,Qui_4,11.0,2004.0,Motorcycles,95.0,S10_1678,Furniture,Cabinet,Land of Toys Inc.,2125557818,897 Long Airport Avenue,Unknown,NYC,NY,10022,USA,,Yu,Kwai,Medium,Yu Kwai,EXPENSIVE,GOOD,1962.0,,,
10305.0,22.0,99.29,14.0,2184.38,10/13/2004,Shipped,Qui_4,10.0,2004.0,Trucks and Buses,121.0,S18_4600,Furniture,Chair,Marta's Replicas Co.,6175558555,39323 Spinnaker Dr.,Unknown,Cambridge,MA,51247,USA,,Hernandez,Marta,Small,Hernandez Marta,EXPENSIVE,GOOD,1981.0,,,
10121.0,50.0,100.0,4.0,8284.0,5/7/2003,Shipped,Qui_2,5.0,2003.0,Motorcycles,150.0,S12_2823,Furniture,Table,Reims Collectables,26.47.1555,59 rue de l'Abbaye,Unknown,Reims,,51100,France,EMEA,Henriot,Paul,Large,Henriot Paul,EXPENSIVE,EXCELLENT,1984.0,,,
10203.0,32.0,100.0,10.0,5127.04,12/2/2003,Shipped,Qui_4,12.0,2003.0,Classic Cars,146.0,S18_3482,Furniture,Bookshelf,Euro Shopping Channel,(91) 555 94 44,"C/ Moralzarzal, 86",Unknown,Madrid,,28034,Spain,EMEA,Freyre,Diego,Medium,Freyre Diego,EXPENSIVE,GOOD,1971.0,,,
10363.0,22.0,100.0,7.0,3686.54,1/6/2005,Shipped,Qui_1,1.0,2005.0,Classic Cars,77.0,S18_1889,Furniture,Bookshelf,Suominen Souveniers,+358 9 8045 555,"Software Engineering Center, SEC Oy",Unknown,Espoo,,FIN-02271,Finland,EMEA,Suominen,Kalle,Medium,Suominen Kalle,EXPENSIVE,GOOD,1992.0,,,
10148.0,21.0,73.6,4.0,1545.6,9/11/2003,Shipped,Qui_3,9.0,2003.0,Classic Cars,90.0,S24_2766,Office Supplies,Eraser,"Anna's Decorations, Ltd",02 9936 8555,201 Miller Street,Level 15,North Sydney,NSW,2060,Australia,APAC,O'Hara,Anna,Small,O'Hara Anna,EXPENSIVE,GOOD,1991.0,,,
10382.0,39.0,100.0,2.0,7827.3,2/17/2005,Shipped,Qui_1,2.0,2005.0,Vintage Cars,50.0,S18_4668,Furniture,Cabinet,Mini Gifts Distributors Ltd.,4155551450,5677 Strong St.,Unknown,San Rafael,CA,97562,USA,,Nelson,Valarie,Large,Nelson Valarie,EXPENSIVE,GOOD,1994.0,,,
10192.0,30.0,30.59,13.0,917.7,11/20/2003,Shipped,Qui_4,11.0,2003.0,Classic Cars,37.0,S24_2972,Office Supplies,Eraser,Online Diecast Creations Co.,6035558647,2304 Long Airport Avenue,Unknown,Nashua,NH,62005,USA,,Young,Valarie,Small,Young Valarie,CHEAP,GOOD,1991.0,,,
10271.0,35.0,47.62,7.0,1666.7,7/20/2004,Shipped,Qui_3,7.0,2004.0,Trucks and Buses,54.0,S32_2509,Office Supplies,Pen,Mini Gifts Distributors Ltd.,4155551450,5677 Strong St.,Unknown,San Rafael,CA,97562,USA,,Nelson,Valarie,Small,Nelson Valarie,CHEAP,GOOD,1969.0,,,
10378.0,41.0,100.0,7.0,5856.85,2/10/2005,Shipped,Qui_1,2.0,2005.0,Classic Cars,37.0,S24_2972,Office Supplies,Eraser,Euro Shopping Channel,(91) 555 94 44,"C/ Moralzarzal, 86",Unknown,Madrid,,28034,Spain,EMEA,Freyre,Diego,Medium,Freyre Diego,EXPENSIVE,GOOD,1996.0,,,
10397.0,36.0,100.0,2.0,3789.72,3/28/2005,Shipped,Qui_1,3.0,2005.0,Ships,99.0,S700_3962,Technology,Smart watch,Alpha Cognac,61.77.6555,1 rue Alsace-Lorraine,Unknown,Toulouse,,31000,France,EMEA,Roulet,Annette,Medium,Roulet Annette,EXPENSIVE,GOOD,1961.0,,,
10120.0,24.0,100.0,7.0,3417.12,4/29/2003,Shipped,Qui_2,4.0,2003.0,Planes,118.0,S700_2834,Technology,Desktop,"Australian Collectors, Co.",03 9520 4555,636 St Kilda Road,Level 3,Melbourne,Victoria,3004,Australia,APAC,Ferguson,Peter,Medium,Ferguson Peter,EXPENSIVE,GOOD,1999.0,,,
10328.0,37.0,100.0,10.0,4021.53,11/12/2004,Shipped,Qui_4,11.0,2004.0,Planes,99.0,S700_2466,Technology,Smart watch,Rovelli Gifts,035-640555,Via Ludovico il Moro 22,Unknown,Bergamo,,24100,Italy,EMEA,Rovelli,Giovanni,Medium,Rovelli Giovanni,EXPENSIVE,GOOD,1980.0,,,
10131.0,50.0,81.89,3.0,4094.5,6/16/2003,Shipped,Qui_2,6.0,2003.0,Planes,68.0,S24_3949,Office Supplies,Pencil,Gift Ideas Corp.,2035554407,2440 Pompton St.,Unknown,Glendale,CT,97561,USA,,Lewis,Dan,Medium,Lewis Dan,EXPENSIVE,EXCELLENT,1995.0,,,
10211.0,41.0,42.24,9.0,1731.84,1/15/2004,Shipped,Qui_1,1.0,2004.0,Motorcycles,40.0,S32_2206,Office Supplies,Pen,Auto Canal Petit,(1) 47.55.6555,"25, rue Lauriston",Unknown,Paris,,75016,France,EMEA,Perrier,Dominique,Small,Perrier Dominique,CHEAP,GOOD,1994.0,,,
10100.0,50.0,67.8,2.0,3390.0,1/6/2003,Shipped,Qui_1,1.0,2003.0,Vintage Cars,60.0,S18_2248,Furniture,Desk,Online Diecast Creations Co.,6035558647,2304 Long Airport Avenue,Unknown,Nashua,NH,62005,USA,,Young,Valarie,Medium,Young Valarie,EXPENSIVE,EXCELLENT,1973.0,,,
10151.0,43.0,100.0,2.0,7110.91,9/21/2003,Shipped,Qui_3,9.0,2003.0,Classic Cars,163.0,S18_2238,Furniture,Table,"Oulu Toy Supplies, Inc.",981-443655,Torikatu 38,Unknown,Oulu,,90110,Finland,EMEA,Koskitalo,Pirkko,Large,Koskitalo Pirkko,EXPENSIVE,GOOD,1960.0,,,
10148.0,25.0,60.26,6.0,1506.5,9/11/2003,Shipped,Qui_3,9.0,2003.0,Classic Cars,73.0,S24_1046,Office Supplies,Pencil,"Anna's Decorations, Ltd",02 9936 8555,201 Miller Street,Level 15,North Sydney,NSW,2060,Australia,APAC,O'Hara,Anna,Small,O'Hara Anna,CHEAP,GOOD,1971.0,,,
10177.0,40.0,50.23,6.0,2009.2,11/7/2003,Shipped,Qui_4,11.0,2003.0,Ships,54.0,S72_3212,Accessories,Headphone,CAF Imports,+34 913 728 555,"Merchants House, 27-30 Merchant's Quay",Unknown,Madrid,,28023,Spain,EMEA,Fernandez,Jesus,Small,Fernandez Jesus,CHEAP,GOOD,1984.0,,,
10288.0,32.0,100.0,5.0,5875.2,9/1/2004,Shipped,Qui_3,9.0,2004.0,Vintage Cars,170.0,S18_1749,Furniture,Desk,Handji Gifts& Co,+65 224 1555,Village Close - 106 Linden Road Sandown,2nd Floor,Singapore,,69045,Singapore,APAC,Victorino,Wendy,Medium,Victorino Wendy,EXPENSIVE,GOOD,1976.0,,,
10248.0,32.0,100.0,12.0,3802.56,5/7/2004,Cancelled,Qui_2,5.0,2004.0,Vintage Cars,136.0,S18_3140,Furniture,Desk,Land of Toys Inc.,2125557818,897 Long Airport Avenue,Unknown,NYC,NY,10022,USA,,Yu,Kwai,Medium,Yu Kwai,EXPENSIVE,GOOD,1983.0,,,
10140.0,26.0,100.0,4.0,3188.12,7/24/2003,Shipped,Qui_3,7.0,2003.0,Classic Cars,147.0,S10_4962,Furniture,Cabinet,Technics Stores Inc.,6505556809,9408 Furth Circle,Unknown,Burlingame,CA,94217,USA,,Hirano,Juri,Medium,Hirano Juri,EXPENSIVE,GOOD,1962.0,,,
10249.0,32.0,57.61,3.0,1843.52,5/8/2004,Shipped,Qui_2,5.0,2004.0,Planes,49.0,S72_1253,Accessories,Keyboard,Cambridge Collectables Co.,6175555555,4658 Baden Av.,Unknown,Cambridge,MA,51247,USA,,Tseng,Kyung,Small,Tseng Kyung,CHEAP,GOOD,1965.0,,,
10398.0,49.0,36.66,5.0,1796.34,3/30/2005,Shipped,Qui_1,3.0,2005.0,Vintage Cars,43.0,S50_1341,Accessories,Keyboard,Reims Collectables,26.47.1555,59 rue de l'Abbaye,Unknown,Reims,,51100,France,EMEA,Henriot,Paul,Small,Henriot Paul,CHEAP,GOOD,1964.0,,,
10416.0,43.0,62.19,12.0,2674.17,5/10/2005,Shipped,Qui_2,5.0,2005.0,Planes,74.0,S700_4002,Technology,Laptop,L'ordine Souveniers,0522-556555,Strada Provinciale 124,Unknown,Reggio Emilia,,42100,Italy,EMEA,Moroni,Maurizio,Small,Moroni Maurizio,CHEAP,GOOD,1990.0,,,
10145.0,33.0,84.77,15.0,2797.41,8/25/2003,Shipped,Qui_3,8.0,2003.0,Planes,72.0,S24_4278,Office Supplies,Eraser,Toys4GrownUps.com,6265557265,78934 Hillside Dr.,Unknown,Pasadena,CA,90003,USA,,Young,Julie,Small,Young Julie,EXPENSIVE,GOOD,1967.0,,,
10252.0,31.0,52.84,5.0,1638.04,5/26/2004,Shipped,Qui_2,5.0,2004.0,Motorcycles,62.0,S18_3782,Furniture,Bookshelf,Auto Canal Petit,(1) 47.55.6555,"25, rue Lauriston",Unknown,Paris,,75016,France,EMEA,Perrier,Dominique,Small,Perrier Dominique,CHEAP,GOOD,1960.0,,,
10154.0,36.0,64.33,1.0,2315.88,10/2/2003,Shipped,Qui_4,10.0,2003.0,Ships,72.0,S700_2610,Technology,Laptop,Boards & Toys Co.,3105552373,4097 Douglas Av.,Unknown,Glendale,CA,92561,USA,,Young,Leslie,Small,Young Leslie,CHEAP,GOOD,1960.0,,,
10120.0,47.0,82.21,13.0,3863.87,4/29/2003,Shipped,Qui_2,4.0,2003.0,Planes,91.0,S700_1691,Technology,Smart phone,"Australian Collectors, Co.",03 9520 4555,636 St Kilda Road,Level 3,Melbourne,Victoria,3004,Australia,APAC,Ferguson,Peter,Medium,Ferguson Peter,EXPENSIVE,GOOD,1973.0,,,
10297.0,28.0,79.8,7.0,2234.4,9/16/2004,Shipped,Qui_3,9.0,2004.0,Vintage Cars,68.0,S32_4289,Office Supplies,Ruler,"Clover Collections, Co.",+353 1862 1555,25 Maiden Lane,Floor No. 4,Dublin,,2,Ireland,EMEA,Cassidy,Dean,Small,Cassidy Dean,EXPENSIVE,GOOD,1960.0,,,
10258.0,21.0,59.87,4.0,1257.27,6/15/2004,Shipped,Qui_2,6.0,2004.0,Vintage Cars,50.0,S18_4668,Furniture,Cabinet,"Tokyo Collectables, Ltd",+81 3 3584 0555,2-2-8 Roppongi,Unknown,Minato-ku,Tokyo,106-0032,Japan,Japan,Shimamura,Akiko,Small,Shimamura Akiko,CHEAP,GOOD,2000.0,,,
10227.0,26.0,100.0,10.0,3712.8,3/2/2004,Shipped,Qui_1,3.0,2004.0,Vintage Cars,170.0,S18_1749,Furniture,Desk,"Saveley & Henriot, Co.",78.32.5555,"2, rue du Commerce",Unknown,Lyon,,69004,France,EMEA,Saveley,Mary,Medium,Saveley Mary,EXPENSIVE,GOOD,1967.0,,,
10419.0,15.0,42.67,7.0,640.05,5/17/2005,Shipped,Qui_2,5.0,2005.0,Classic Cars,37.0,S24_2972,Office Supplies,Eraser,Salzburg Collectables,6562-9555,Geislweg 14,Unknown,Salzburg,,5020,Austria,EMEA,Pipps,Georg,Small,Pipps Georg,CHEAP,GOOD,1994.0,,,
10414.0,19.0,100.0,3.0,2764.88,5/6/2005,On Hold,Qui_2,5.0,2005.0,Classic Cars,136.0,S10_4757,Furniture,Desk,Gifts4AllAges.com,6175559555,8616 Spinnaker Dr.,Unknown,Boston,MA,51003,USA,,Yoshido,Juri,Small,Yoshido Juri,EXPENSIVE,GOOD,1965.0,,,
10108.0,39.0,89.38,7.0,3485.82,3/3/2003,Shipped,Qui_1,3.0,2003.0,Classic Cars,79.0,S12_3990,Furniture,Bookshelf,Cruz & Sons Co.,+63 2 555 3587,15 McCallum Street - NatWest Center #13-03,Unknown,Makati City,,1227 MM,Philippines,Japan,Cruz,Arnold,Medium,Cruz Arnold,EXPENSIVE,GOOD,2000.0,,,
10350.0,44.0,100.0,17.0,6490.88,12/2/2004,Shipped,Qui_4,12.0,2004.0,Trains,58.0,S50_1514,Accessories,Headphone,Euro Shopping Channel,(91) 555 94 44,"C/ Moralzarzal, 86",Unknown,Madrid,,28034,Spain,EMEA,Freyre,Diego,Medium,Freyre Diego,EXPENSIVE,GOOD,1963.0,,,
10165.0,44.0,53.44,7.0,2351.36,10/22/2003,Shipped,Qui_4,10.0,2003.0,Trains,62.0,S32_3207,Office Supplies,Pen,"Dragon Souveniers, Ltd.",+65 221 7555,"Bronz Sok., Bronz Apt. 3/6 Tesvikiye",Unknown,Singapore,,79903,Singapore,Japan,Natividad,Eric,Small,Natividad Eric,CHEAP,GOOD,1989.0,,,
10246.0,30.0,61.99,11.0,1859.7,5/5/2004,Shipped,Qui_2,5.0,2004.0,Trucks and Buses,60.0,S18_2432,Furniture,Table,Euro Shopping Channel,(91) 555 94 44,"C/ Moralzarzal, 86",Unknown,Madrid,,28034,Spain,EMEA,Freyre,Diego,Small,Freyre Diego,CHEAP,GOOD,1973.0,,,
10205.0,48.0,63.61,1.0,3053.28,12/3/2003,Shipped,Qui_4,12.0,2003.0,Vintage Cars,53.0,S18_1367,Furniture,Cabinet,Euro Shopping Channel,(91) 555 94 44,"C/ Moralzarzal, 86",Unknown,Madrid,,28034,Spain,EMEA,Freyre,Diego,Medium,Freyre Diego,CHEAP,GOOD,1965.0,,,
10424.0,44.0,61.41,2.0,2702.04,5/31/2005,In Process,Qui_2,5.0,2005.0,Trucks and Buses,64.0,S32_3522,Office Supplies,Lamp,Euro Shopping Channel,(91) 555 94 44,"C/ Moralzarzal, 86",Unknown,Madrid,,28034,Spain,EMEA,Freyre,Diego,Small,Freyre Diego,CHEAP,GOOD,1961.0,,,
10241.0,27.0,86.73,9.0,2341.71,4/13/2004,Shipped,Qui_2,4.0,2004.0,Classic Cars,107.0,S24_3432,Office Supplies,Lamp,Mini Caravy,88.60.1555,"24, place Kluber",Unknown,Strasbourg,,67000,France,EMEA,Citeaux,Frederique,Small,Citeaux Frederique,EXPENSIVE,GOOD,1962.0,,,
10419.0,55.0,52.66,12.0,2896.3,5/17/2005,Shipped,Qui_2,5.0,2005.0,Classic Cars,61.0,S24_3371,Office Supplies,Eraser,Salzburg Collectables,6562-9555,Geislweg 14,Unknown,Salzburg,,5020,Austria,EMEA,Pipps,Georg,Small,Pipps Georg,CHEAP,EXCELLENT,1984.0,,,
10308.0,43.0,76.43,16.0,3286.49,10/15/2004,Shipped,Qui_4,10.0,2004.0,Planes,68.0,S24_3949,Office Supplies,Pencil,Mini Classics,9145554562,3758 North Pendale Street,Unknown,White Plains,NY,24067,USA,,Frick,Steve,Medium,Frick Steve,EXPENSIVE,GOOD,1968.0,,,
10371.0,49.0,35.71,4.0,1749.79,1/23/2005,Shipped,Qui_1,1.0,2005.0,Trucks and Buses,118.0,S12_4473,Furniture,Cabinet,Mini Gifts Distributors Ltd.,4155551450,5677 Strong St.,Unknown,San Rafael,CA,97562,USA,,Nelson,Valarie,Small,Nelson Valarie,CHEAP,GOOD,1967.0,,,
10135.0,44.0,96.0,15.0,4224.0,7/2/2003,Shipped,Qui_3,7.0,2003.0,Motorcycles,81.0,S50_4713,Accessories,Headphone,Mini Gifts Distributors Ltd.,4155551450,5677 Strong St.,Unknown,San Rafael,CA,97562,USA,,Nelson,Valarie,Medium,Nelson Valarie,EXPENSIVE,GOOD,1978.0,,,
10177.0,24.0,76.0,3.0,1824.0,11/7/2003,Shipped,Qui_4,11.0,2003.0,Ships,66.0,S700_1138,Technology,Desktop,CAF Imports,+34 913 728 555,"Merchants House, 27-30 Merchant's Quay",Unknown,Madrid,,28023,Spain,EMEA,Fernandez,Jesus,Small,Fernandez Jesus,EXPENSIVE,GOOD,1994.0,,,
10378.0,43.0,96.49,10.0,4149.07,2/10/2005,Shipped,Qui_1,2.0,2005.0,Classic Cars,146.0,S18_3482,Furniture,Bookshelf,Euro Shopping Channel,(91) 555 94 44,"C/ Moralzarzal, 86",Unknown,Madrid,,28034,Spain,EMEA,Freyre,Diego,Medium,Freyre Diego,EXPENSIVE,GOOD,1995.0,,,
10135.0,48.0,100.0,5.0,6031.68,7/2/2003,Shipped,Qui_3,7.0,2003.0,Classic Cars,117.0,S12_3380,Furniture,Bookshelf,Mini Gifts Distributors Ltd.,4155551450,5677 Strong St.,Unknown,San Rafael,CA,97562,USA,,Nelson,Valarie,Medium,Nelson Valarie,EXPENSIVE,GOOD,1986.0,,,
10144.0,20.0,81.86,1.0,1637.2,8/13/2003,Shipped,Qui_3,8.0,2003.0,Vintage Cars,68.0,S32_4289,Office Supplies,Ruler,Royale Belge,(071) 23 67 2555,"Boulevard Tirou, 255",Unknown,Charleroi,,B-6000,Belgium,EMEA,Cartrain,Pascale,Small,Cartrain Pascale,EXPENSIVE,GOOD,1965.0,,,
10356.0,48.0,100.0,5.0,9720.0,12/9/2004,Shipped,Qui_4,12.0,2004.0,Vintage Cars,33.0,S24_1937,Office Supplies,Lamp,Lyon Souveniers,+33 1 46 62 7555,27 rue du Colonel Pierre Avia,Unknown,Paris,,75508,France,EMEA,Da Cunha,Daniel,Large,DaCunha Daniel,EXPENSIVE,GOOD,1995.0,,,
10225.0,27.0,100.0,11.0,4564.08,2/22/2004,Shipped,Qui_1,2.0,2004.0,Classic Cars,146.0,S18_3482,Furniture,Bookshelf,"Vida Sport, Ltd",0897-034555,Grenzacherweg 237,Unknown,Gensve,,1203,Switzerland,EMEA,Holz,Michael,Medium,Holz Michael,EXPENSIVE,GOOD,1974.0,,,
10291.0,48.0,100.0,1.0,5398.08,9/8/2004,Shipped,Qui_3,9.0,2004.0,Trucks and Buses,127.0,S24_2300,Office Supplies,Pen,Scandinavian Gift Ideas,0695-34 6555,?kergatan 24,Unknown,Boras,,S-844 67,Sweden,EMEA,Larsson,Maria,Medium,Larsson Maria,EXPENSIVE,GOOD,1993.0,,,
10312.0,30.0,61.15,16.0,1834.5,10/21/2004,Shipped,Qui_4,10.0,2004.0,Vintage Cars,60.0,S18_2248,Furniture,Desk,Mini Gifts Distributors Ltd.,4155551450,5677 Strong St.,Unknown,San Rafael,CA,97562,USA,,Nelson,Valarie,Small,Nelson Valarie,CHEAP,GOOD,1984.0,,,
10120.0,22.0,100.0,6.0,2461.36,4/29/2003,Shipped,Qui_2,4.0,2003.0,Motorcycles,99.0,S32_1374,Office Supplies,Eraser,"Australian Collectors, Co.",03 9520 4555,636 St Kilda Road,Level 3,Melbourne,Victoria,3004,Australia,APAC,Ferguson,Peter,Small,Ferguson Peter,EXPENSIVE,GOOD,1963.0,,,
10135.0,48.0,79.31,3.0,3806.88,7/2/2003,Shipped,Qui_3,7.0,2003.0,Classic Cars,77.0,S18_1889,Furniture,Bookshelf,Mini Gifts Distributors Ltd.,4155551450,5677 Strong St.,Unknown,San Rafael,CA,97562,USA,,Nelson,Valarie,Medium,Nelson Valarie,EXPENSIVE,GOOD,1996.0,,,
10145.0,38.0,81.36,2.0,3091.68,8/25/2003,Shipped,Qui_3,8.0,2003.0,Motorcycles,81.0,S50_4713,Accessories,Headphone,Toys4GrownUps.com,6265557265,78934 Hillside Dr.,Unknown,Pasadena,CA,90003,USA,,Young,Julie,Medium,Young Julie,EXPENSIVE,GOOD,1965.0,,,
10103.0,35.0,100.0,10.0,3920.0,1/29/2003,Shipped,Qui_1,1.0,2003.0,Trucks and Buses,116.0,S18_1097,Furniture,Bookshelf,Baane Mini Imports,07-98 9555,Erling Skakkes gate 78,Unknown,Stavern,,4110,Norway,EMEA,Bergulfsen,Jonas,Medium,Bergulfsen Jonas,EXPENSIVE,GOOD,1997.0,,,
10222.0,38.0,100.0,16.0,4187.22,2/19/2004,Shipped,Qui_1,2.0,2004.0,Ships,100.0,S700_3505,Technology,Laptop,Collectable Mini Designs Co.,7605558146,361 Furth Circle,Unknown,San Diego,CA,91217,USA,,Thompson,Valarie,Medium,Thompson Valarie,EXPENSIVE,GOOD,1987.0,,,
10332.0,50.0,100.0,2.0,7310.0,11/17/2004,Shipped,Qui_4,11.0,2004.0,Vintage Cars,92.0,S18_4409,Furniture,Chair,"AV Stores, Co.",(171) 555-1555,Fauntleroy Circus,Unknown,Manchester,,EC2 5NT,UK,EMEA,Ashworth,Victoria,Large,Ashworth Victoria,EXPENSIVE,EXCELLENT,1997.0,,,
10223.0,28.0,60.57,5.0,1695.96,2/20/2004,Shipped,Qui_1,2.0,2004.0,Motorcycles,60.0,S18_2625,Furniture,Table,"Australian Collectors, Co.",03 9520 4555,636 St Kilda Road,Level 3,Melbourne,Victoria,3004,Australia,APAC,Ferguson,Peter,Small,Ferguson Peter,CHEAP,GOOD,1993.0,,,
10359.0,42.0,100.0,8.0,4764.48,12/15/2004,Shipped,Qui_4,12.0,2004.0,Classic Cars,207.0,S12_1108,Furniture,Chair,Reims Collectables,26.47.1555,59 rue de l'Abbaye,Unknown,Reims,,51100,France,EMEA,Henriot,Paul,Medium,Henriot Paul,EXPENSIVE,GOOD,1968.0,,,
10261.0,50.0,81.43,6.0,4071.5,6/17/2004,Shipped,Qui_2,6.0,2004.0,Ships,99.0,S700_3962,Technology,Smart watch,Quebec Home Shopping Network,(514) 555-8054,43 rue St. Laurent,Unknown,Montreal,Quebec,H1J 1C3,Canada,,Fresnisre,Jean,Medium,Fresnisre Jean,EXPENSIVE,EXCELLENT,1971.0,,,
10235.0,38.0,88.75,10.0,3372.5,4/2/2004,Shipped,Qui_2,4.0,2004.0,Planes,99.0,S700_2466,Technology,Smart watch,"Royal Canadian Collectables, Ltd.",(604) 555-4555,23 Tsawassen Blvd.,Unknown,Tsawassen,BC,T2F 8M4,Canada,,Lincoln,Elizabeth,Medium,Lincoln Elizabeth,EXPENSIVE,GOOD,1964.0,,,
10379.0,29.0,100.0,5.0,5127.2,2/10/2005,Shipped,Qui_1,2.0,2005.0,Classic Cars,132.0,S18_2870,Furniture,Cabinet,Euro Shopping Channel,(91) 555 94 44,"C/ Moralzarzal, 86",Unknown,Madrid,,28034,Spain,EMEA,Freyre,Diego,Medium,Freyre Diego,EXPENSIVE,GOOD,1981.0,,,
10143.0,37.0,50.65,10.0,1874.05,8/10/2003,Shipped,Qui_3,8.0,2003.0,Planes,49.0,S72_1253,Accessories,Keyboard,Mini Creations Ltd.,5085559555,4575 Hillside Dr.,Unknown,New Bedford,MA,50553,USA,,Tam,Wing C,Small,Tam WingC,CHEAP,GOOD,1986.0,,,
10104.0,35.0,55.49,6.0,1942.15,1/31/2003,Shipped,Qui_1,1.0,2003.0,Classic Cars,57.0,S24_1444,Office Supplies,Pencil,Euro Shopping Channel,(91) 555 94 44,"C/ Moralzarzal, 86",Unknown,Madrid,,28034,Spain,EMEA,Freyre,Diego,Small,Freyre Diego,CHEAP,GOOD,1984.0,,,
10152.0,23.0,100.0,3.0,2802.09,9/25/2003,Shipped,Qui_3,9.0,2003.0,Classic Cars,118.0,S24_4048,Office Supplies,Pencil,"Australian Gift Network, Co",61-7-3844-6555,31 Duncan St. West End,Unknown,South Brisbane,Queensland,4101,Australia,APAC,Calaghan,Tony,Small,Calaghan Tony,EXPENSIVE,GOOD,1992.0,,,
10155.0,29.0,100.0,10.0,3622.97,10/6/2003,Shipped,Qui_4,10.0,2003.0,Vintage Cars,105.0,S18_3856,Furniture,Desk,"Toys of Finland, Co.",90-224 8555,Keskuskatu 45,Unknown,Helsinki,,21240,Finland,EMEA,Karttunen,Matti,Medium,Karttunen Matti,EXPENSIVE,GOOD,1967.0,,,
10142.0,24.0,70.22,7.0,1685.28,8/8/2003,Shipped,Qui_3,8.0,2003.0,Vintage Cars,87.0,S18_4522,Furniture,Table,Mini Gifts Distributors Ltd.,4155551450,5677 Strong St.,Unknown,San Rafael,CA,97562,USA,,Nelson,Valarie,Small,Nelson Valarie,EXPENSIVE,GOOD,1997.0,,,
10147.0,23.0,100.0,2.0,2906.97,9/5/2003,Shipped,Qui_3,9.0,2003.0,Classic Cars,140.0,S24_3856,Office Supplies,Pencil,Collectables For Less Inc.,6175558555,7825 Douglas Av.,Unknown,Brickhaven,MA,58339,USA,,Nelson,Allen,Small,Nelson Allen,EXPENSIVE,GOOD,1961.0,,,
10181.0,23.0,65.52,13.0,1506.96,11/12/2003,Shipped,Qui_4,11.0,2003.0,Classic Cars,61.0,S24_3371,Office Supplies,Eraser,Herkku Gifts,+47 2267 3215,"Drammen 121, PR 744 Sentrum",Unknown,Bergen,,N 5804,Norway,EMEA,Oeztan,Veysel,Small,Oeztan Veysel,EXPENSIVE,GOOD,1980.0,,,
10172.0,32.0,75.69,3.0,2422.08,11/5/2003,Shipped,Qui_4,11.0,2003.0,Classic Cars,73.0,S24_1046,Office Supplies,Pencil,Gift Depot Inc.,2035552570,25593 South Bay Ln.,Unknown,Bridgewater,CT,97562,USA,,King,Julie,Small,King Julie,EXPENSIVE,GOOD,1964.0,,,
10244.0,30.0,100.0,1.0,3525.6,4/29/2004,Shipped,Qui_2,4.0,2004.0,Vintage Cars,101.0,S18_2949,Furniture,Desk,Euro Shopping Channel,(91) 555 94 44,"C/ Moralzarzal, 86",Unknown,Madrid,,28034,Spain,EMEA,Freyre,Diego,Medium,Freyre Diego,EXPENSIVE,GOOD,1965.0,,,
10321.0,27.0,100.0,7.0,2851.2,11/4/2004,Shipped,Qui_4,11.0,2004.0,Classic Cars,132.0,S18_2870,Furniture,Cabinet,FunGiftIdeas.com,5085552555,1785 First Street,Unknown,New Bedford,MA,50553,USA,,Benitez,Violeta,Small,Benitez Violeta,EXPENSIVE,GOOD,1997.0,,,
10386.0,43.0,100.0,4.0,5417.57,3/1/2005,Resolved,Qui_1,3.0,2005.0,Ships,54.0,S72_3212,Accessories,Headphone,Euro Shopping Channel,(91) 555 94 44,"C/ Moralzarzal, 86",Unknown,Madrid,,28034,Spain,EMEA,Freyre,Diego,Medium,Freyre Diego,EXPENSIVE,GOOD,1966.0,,,
10103.0,42.0,100.0,6.0,4460.82,1/29/2003,Shipped,Qui_1,1.0,2003.0,Classic Cars,101.0,S700_2824,Technology,Desktop,Baane Mini Imports,07-98 9555,Erling Skakkes gate 78,Unknown,Stavern,,4110,Norway,EMEA,Bergulfsen,Jonas,Medium,Bergulfsen Jonas,EXPENSIVE,GOOD,1980.0,,,
10377.0,50.0,100.0,1.0,5182.0,2/9/2005,Shipped,Qui_1,2.0,2005.0,Classic Cars,115.0,S12_4675,Furniture,Cabinet,"Toys of Finland, Co.",90-224 8555,Keskuskatu 45,Unknown,Helsinki,,21240,Finland,EMEA,Karttunen,Matti,Medium,Karttunen Matti,EXPENSIVE,EXCELLENT,1979.0,,,
,,,,,,,,,,,,,,,,,,,,,,,,,,,,,,,Jane,29.0,Los Angeles
10270.0,32.0,85.72,1.0,2743.04,7/19/2004,Shipped,Qui_3,7.0,2004.0,Trucks and Buses,96.0,S32_1268,Office Supplies,Eraser,Souveniers And Things Co.,+61 2 9495 8555,"Monitor Money Building, 815 Pacific Hwy",Level 6,Chatswood,NSW,2067,Australia,APAC,Huxley,Adrian,Small,Huxley Adrian,EXPENSIVE,GOOD,1988.0,,,
10229.0,41.0,100.0,10.0,4716.23,3/11/2004,Shipped,Qui_1,3.0,2004.0,Trucks and Buses,121.0,S18_4600,Furniture,Chair,Mini Gifts Distributors Ltd.,4155551450,5677 Strong St.,Unknown,San Rafael,CA,97562,USA,,Nelson,Valarie,Medium,Nelson Valarie,EXPENSIVE,GOOD,1993.0,,,
10296.0,42.0,100.0,2.0,4296.6,9/15/2004,Shipped,Qui_3,9.0,2004.0,Planes,91.0,S700_1691,Technology,Smart phone,"Bavarian Collectables Imports, Co.",+49 89 61 08 9555,Hansastr. 15,Unknown,Munich,,80686,Germany,EMEA,Donnermeyer,Michael,Medium,Donnermeyer Michael,EXPENSIVE,GOOD,1994.0,,,
10193.0,21.0,100.0,14.0,3141.6,11/21/2003,Shipped,Qui_4,11.0,2003.0,Vintage Cars,170.0,S18_1749,Furniture,Desk,"Australian Collectables, Ltd",61-9-3844-6555,7 Allen Street,Unknown,Glen Waverly,Victoria,3150,Australia,APAC,Connery,Sean,Medium,Connery Sean,EXPENSIVE,GOOD,1994.0,,,
10281.0,25.0,99.29,10.0,2482.25,8/19/2004,Shipped,Qui_3,8.0,2004.0,Trucks and Buses,121.0,S18_4600,Furniture,Chair,Diecast Classics Inc.,2155551555,7586 Pompton St.,Unknown,Allentown,PA,70267,USA,,Yu,Kyung,Small,Yu Kyung,EXPENSIVE,GOOD,1982.0,,,
10178.0,41.0,81.72,10.0,3350.52,11/8/2003,Shipped,Qui_4,11.0,2003.0,Ships,86.0,S18_3029,Furniture,Table,Alpha Cognac,61.77.6555,1 rue Alsace-Lorraine,Unknown,Toulouse,,31000,France,EMEA,Roulet,Annette,Medium,Roulet Annette,EXPENSIVE,GOOD,1997.0,,,
10253.0,37.0,100.0,2.0,5177.04,6/1/2004,Cancelled,Qui_2,6.0,2004.0,Classic Cars,132.0,S18_2870,Furniture,Cabinet,"UK Collectables, Ltd.",(171) 555-2282,Berkeley Gardens 12  Brewery,Unknown,Liverpool,,WX1 6LT,UK,EMEA,Devon,Elizabeth,Medium,Devon Elizabeth,EXPENSIVE,GOOD,1975.0,,,
10219.0,48.0,100.0,2.0,4891.68,2/10/2004,Shipped,Qui_1,2.0,2004.0,Trucks and Buses,118.0,S12_4473,Furniture,Cabinet,Signal Collectibles Ltd.,4155554312,2793 Furth Circle,Unknown,Brisbane,CA,94217,USA,,Taylor,Sue,Medium,Taylor Sue,EXPENSIVE,GOOD,1978.0,,,
10150.0,30.0,100.0,5.0,4100.1,9/19/2003,Shipped,Qui_3,9.0,2003.0,Trucks and Buses,136.0,S12_1666,Furniture,Cabinet,"Dragon Souveniers, Ltd.",+65 221 7555,"Bronz Sok., Bronz Apt. 3/6 Tesvikiye",Unknown,Singapore,,79903,Singapore,Japan,Natividad,Eric,Medium,Natividad Eric,EXPENSIVE,GOOD,1992.0,,,
10152.0,33.0,50.95,2.0,1681.35,9/25/2003,Shipped,Qui_3,9.0,2003.0,Trains,62.0,S32_3207,Office Supplies,Pen,"Australian Gift Network, Co",61-7-3844-6555,31 Duncan St. West End,Unknown,South Brisbane,Queensland,4101,Australia,APAC,Calaghan,Tony,Small,Calaghan Tony,CHEAP,GOOD,1974.0,,,
10287.0,45.0,100.0,10.0,4756.5,8/30/2004,Shipped,Qui_3,8.0,2004.0,Classic Cars,117.0,S12_3380,Furniture,Bookshelf,"Vida Sport, Ltd",0897-034555,Grenzacherweg 237,Unknown,Gensve,,1203,Switzerland,EMEA,Holz,Michael,Medium,Holz Michael,EXPENSIVE,GOOD,1968.0,,,
10373.0,25.0,64.97,9.0,1624.25,1/31/2005,Shipped,Qui_1,1.0,2005.0,Planes,49.0,S72_1253,Accessories,Keyboard,"Oulu Toy Supplies, Inc.",981-443655,Torikatu 38,Unknown,Oulu,,90110,Finland,EMEA,Koskitalo,Pirkko,Small,Koskitalo Pirkko,CHEAP,GOOD,1985.0,,,
10131.0,21.0,41.71,7.0,875.91,6/16/2003,Shipped,Qui_2,6.0,2003.0,Planes,49.0,S72_1253,Accessories,Keyboard,Gift Ideas Corp.,2035554407,2440 Pompton St.,Unknown,Glendale,CT,97561,USA,,Lewis,Dan,Small,Lewis Dan,CHEAP,GOOD,1989.0,,,
10173.0,29.0,95.24,4.0,2761.96,11/5/2003,Shipped,Qui_4,11.0,2003.0,Vintage Cars,99.0,S18_3320,Furniture,Table,Rovelli Gifts,035-640555,Via Ludovico il Moro 22,Unknown,Bergamo,,24100,Italy,EMEA,Rovelli,Giovanni,Small,Rovelli Giovanni,EXPENSIVE,GOOD,1983.0,,,
10114.0,31.0,100.0,8.0,4305.28,4/1/2003,Shipped,Qui_2,4.0,2003.0,Classic Cars,147.0,S10_4962,Furniture,Cabinet,"La Corne D'abondance, Co.",(1) 42.34.2555,"265, boulevard Charonne",Unknown,Paris,,75012,France,EMEA,Bertrand,Marie,Medium,Bertrand Marie,EXPENSIVE,GOOD,1969.0,,,
10288.0,35.0,80.99,6.0,2834.65,9/1/2004,Shipped,Qui_3,9.0,2004.0,Vintage Cars,92.0,S18_4409,Furniture,Chair,Handji Gifts& Co,+65 224 1555,Village Close - 106 Linden Road Sandown,2nd Floor,Singapore,,69045,Singapore,APAC,Victorino,Wendy,Small,Victorino Wendy,EXPENSIVE,GOOD,1986.0,,,
10227.0,29.0,100.0,4.0,5579.02,3/2/2004,Shipped,Qui_1,3.0,2004.0,Vintage Cars,168.0,S18_2795,Furniture,Bookshelf,"Saveley & Henriot, Co.",78.32.5555,"2, rue du Commerce",Unknown,Lyon,,69004,France,EMEA,Saveley,Mary,Medium,Saveley Mary,EXPENSIVE,GOOD,1975.0,,,
10307.0,22.0,71.67,3.0,1576.74,10/14/2004,Shipped,Qui_4,10.0,2004.0,Vintage Cars,65.0,S24_3420,Office Supplies,Lamp,"Classic Gift Ideas, Inc",2155554695,782 First Street,Unknown,Philadelphia,PA,71270,USA,,Cervantes,Francisca,Small,Cervantes Francisca,EXPENSIVE,GOOD,1971.0,,,
10253.0,31.0,100.0,3.0,4029.38,6/1/2004,Cancelled,Qui_2,6.0,2004.0,Classic Cars,141.0,S18_3685,Furniture,Bookshelf,"UK Collectables, Ltd.",(171) 555-2282,Berkeley Gardens 12  Brewery,Unknown,Liverpool,,WX1 6LT,UK,EMEA,Devon,Elizabeth,Medium,Devon Elizabeth,EXPENSIVE,GOOD,1980.0,,,
10127.0,42.0,100.0,1.0,8138.76,6/3/2003,Shipped,Qui_2,6.0,2003.0,Classic Cars,173.0,S12_3891,Furniture,Bookshelf,Muscle Machine Inc,2125557413,4092 Furth Circle,Suite 400,NYC,NY,10022,USA,,Young,Jeff,Large,Young Jeff,EXPENSIVE,GOOD,1997.0,,,
10361.0,20.0,60.54,4.0,1210.8,12/17/2004,Shipped,Qui_4,12.0,2004.0,Planes,91.0,S700_1691,Technology,Smart phone,Souveniers And Things Co.,+61 2 9495 8555,"Monitor Money Building, 815 Pacific Hwy",Level 6,Chatswood,NSW,2067,Australia,APAC,Huxley,Adrian,Small,Huxley Adrian,CHEAP,GOOD,1977.0,,,
10248.0,21.0,73.98,1.0,1553.58,5/7/2004,Cancelled,Qui_2,5.0,2004.0,Ships,86.0,S18_3029,Furniture,Table,Land of Toys Inc.,2125557818,897 Long Airport Avenue,Unknown,NYC,NY,10022,USA,,Yu,Kwai,Small,Yu Kwai,EXPENSIVE,GOOD,1987.0,,,
10222.0,36.0,80.95,13.0,2914.2,2/19/2004,Shipped,Qui_1,2.0,2004.0,Ships,72.0,S700_2610,Technology,Laptop,Collectable Mini Designs Co.,7605558146,361 Furth Circle,Unknown,San Diego,CA,91217,USA,,Thompson,Valarie,Small,Thompson Valarie,EXPENSIVE,GOOD,1974.0,,,
10283.0,43.0,57.61,1.0,2477.23,8/20/2004,Shipped,Qui_3,8.0,2004.0,Planes,49.0,S72_1253,Accessories,Keyboard,"Royal Canadian Collectables, Ltd.",(604) 555-4555,23 Tsawassen Blvd.,Unknown,Tsawassen,BC,T2F 8M4,Canada,,Lincoln,Elizabeth,Small,Lincoln Elizabeth,CHEAP,GOOD,1979.0,,,
10183.0,21.0,100.0,2.0,2441.04,11/13/2003,Shipped,Qui_4,11.0,2003.0,Trucks and Buses,121.0,S18_4600,Furniture,Chair,"Classic Gift Ideas, Inc",2155554695,782 First Street,Unknown,Philadelphia,PA,71270,USA,,Cervantes,Francisca,Small,Cervantes Francisca,EXPENSIVE,GOOD,1971.0,,,
10158.0,22.0,67.03,1.0,1474.66,10/10/2003,Shipped,Qui_4,10.0,2003.0,Motorcycles,76.0,S24_2000,Office Supplies,Pen,Baane Mini Imports,07-98 9555,Erling Skakkes gate 78,Unknown,Stavern,,4110,Norway,EMEA,Bergulfsen,Jonas,Small,Bergulfsen Jonas,EXPENSIVE,GOOD,1972.0,,,
10103.0,27.0,100.0,8.0,3394.98,1/29/2003,Shipped,Qui_1,1.0,2003.0,Trucks and Buses,136.0,S12_1666,Furniture,Cabinet,Baane Mini Imports,07-98 9555,Erling Skakkes gate 78,Unknown,Stavern,,4110,Norway,EMEA,Bergulfsen,Jonas,Medium,Bergulfsen Jonas,EXPENSIVE,GOOD,1982.0,,,
10262.0,21.0,57.11,12.0,1199.31,6/24/2004,Cancelled,Qui_2,6.0,2004.0,Planes,49.0,S72_1253,Accessories,Keyboard,Euro Shopping Channel,(91) 555 94 44,"C/ Moralzarzal, 86",Unknown,Madrid,,28034,Spain,EMEA,Freyre,Diego,Small,Freyre Diego,CHEAP,GOOD,1976.0,,,
10197.0,23.0,64.67,9.0,1487.41,11/26/2003,Shipped,Qui_4,11.0,2003.0,Ships,66.0,S700_1138,Technology,Desktop,Enaco Distributors,(93) 203 4555,"Rambla de Catalu¤a, 23",Unknown,Barcelona,,8022,Spain,EMEA,Saavedra,Eduardo,Small,Saavedra Eduardo,CHEAP,GOOD,1968.0,,,
10262.0,34.0,100.0,14.0,4103.46,6/24/2004,Cancelled,Qui_2,6.0,2004.0,Vintage Cars,105.0,S18_3856,Furniture,Desk,Euro Shopping Channel,(91) 555 94 44,"C/ Moralzarzal, 86",Unknown,Madrid,,28034,Spain,EMEA,Freyre,Diego,Medium,Freyre Diego,EXPENSIVE,GOOD,1995.0,,,
10289.0,24.0,56.07,1.0,1345.68,9/3/2004,Shipped,Qui_3,9.0,2004.0,Vintage Cars,53.0,S18_1367,Furniture,Cabinet,Herkku Gifts,+47 2267 3215,"Drammen 121, PR 744 Sentrum",Unknown,Bergen,,N 5804,Norway,EMEA,Oeztan,Veysel,Small,Oeztan Veysel,CHEAP,GOOD,1986.0,,,
10148.0,47.0,56.85,8.0,2671.95,9/11/2003,Shipped,Qui_3,9.0,2003.0,Classic Cars,50.0,S24_1628,Office Supplies,Lamp,"Anna's Decorations, Ltd",02 9936 8555,201 Miller Street,Level 15,North Sydney,NSW,2060,Australia,APAC,O'Hara,Anna,Small,O'Hara Anna,CHEAP,GOOD,1980.0,,,
10320.0,38.0,73.42,4.0,2789.96,11/3/2004,Shipped,Qui_4,11.0,2004.0,Classic Cars,79.0,S12_3990,Furniture,Bookshelf,"Volvo Model Replicas, Co",0921-12 3555,Berguvsv„gen  8,Unknown,Lule,,S-958 22,Sweden,EMEA,Berglund,Christina,Small,Berglund Christina,EXPENSIVE,GOOD,1970.0,,,
10324.0,25.0,69.16,14.0,1729.0,11/5/2004,Shipped,Qui_4,11.0,2004.0,Classic Cars,57.0,S24_1444,Office Supplies,Pencil,Vitachrome Inc.,2125551500,2678 Kingston Rd.,Suite 101,NYC,NY,10022,USA,,Frick,Michael,Small,Frick Michael,EXPENSIVE,GOOD,1992.0,,,
10142.0,33.0,100.0,13.0,4985.64,8/8/2003,Shipped,Qui_3,8.0,2003.0,Classic Cars,151.0,S12_3148,Furniture,Desk,Mini Gifts Distributors Ltd.,4155551450,5677 Strong St.,Unknown,San Rafael,CA,97562,USA,,Nelson,Valarie,Medium,Nelson Valarie,EXPENSIVE,GOOD,1968.0,,,
10185.0,39.0,100.0,16.0,5096.91,11/14/2003,Shipped,Qui_4,11.0,2003.0,Classic Cars,143.0,S18_4027,Furniture,Table,Mini Creations Ltd.,5085559555,4575 Hillside Dr.,Unknown,New Bedford,MA,50553,USA,,Tam,Wing C,Medium,Tam WingC,EXPENSIVE,GOOD,1994.0,,,
10262.0,27.0,76.0,5.0,2052.0,6/24/2004,Cancelled,Qui_2,6.0,2004.0,Planes,80.0,S700_3167,Technology,Smart watch,Euro Shopping Channel,(91) 555 94 44,"C/ Moralzarzal, 86",Unknown,Madrid,,28034,Spain,EMEA,Freyre,Diego,Small,Freyre Diego,EXPENSIVE,GOOD,1991.0,,,
10250.0,44.0,67.2,10.0,2956.8,5/11/2004,Shipped,Qui_2,5.0,2004.0,Planes,80.0,S700_3167,Technology,Smart watch,The Sharp Gifts Warehouse,4085553659,3086 Ingle Ln.,Unknown,San Jose,CA,94217,USA,,Frick,Sue,Small,Frick Sue,EXPENSIVE,GOOD,1973.0,,,
10305.0,48.0,31.47,6.0,1510.56,10/13/2004,Shipped,Qui_4,10.0,2004.0,Classic Cars,35.0,S24_2840,Office Supplies,Pencil,Marta's Replicas Co.,6175558555,39323 Spinnaker Dr.,Unknown,Cambridge,MA,51247,USA,,Hernandez,Marta,Small,Hernandez Marta,CHEAP,GOOD,1993.0,,,
10232.0,35.0,82.43,2.0,2885.05,3/20/2004,Shipped,Qui_1,3.0,2004.0,Ships,99.0,S700_3962,Technology,Smart watch,giftsbymail.co.uk,(198) 555-8888,Garden House Crowther Way,Unknown,Cowes,Isle of Wight,PO31 7PJ,UK,EMEA,Bennett,Helen,Small,Bennett Helen,EXPENSIVE,GOOD,1980.0,,,
10208.0,26.0,100.0,14.0,3142.36,1/2/2004,Shipped,Qui_1,1.0,2004.0,Classic Cars,151.0,S12_3148,Furniture,Desk,"Saveley & Henriot, Co.",78.32.5555,"2, rue du Commerce",Unknown,Lyon,,69004,France,EMEA,Saveley,Mary,Medium,Saveley Mary,EXPENSIVE,GOOD,1960.0,,,
10192.0,38.0,100.0,8.0,4965.84,11/20/2003,Shipped,Qui_4,11.0,2003.0,Classic Cars,132.0,S18_2870,Furniture,Cabinet,Online Diecast Creations Co.,6035558647,2304 Long Airport Avenue,Unknown,Nashua,NH,62005,USA,,Young,Valarie,Medium,Young Valarie,EXPENSIVE,GOOD,1973.0,,,
10370.0,25.0,100.0,3.0,3160.25,1/20/2005,Shipped,Qui_1,1.0,2005.0,Trucks and Buses,64.0,S32_3522,Office Supplies,Lamp,"Anna's Decorations, Ltd",02 9936 8555,201 Miller Street,Level 15,North Sydney,NSW,2060,Australia,APAC,O'Hara,Anna,Medium,O'Hara Anna,EXPENSIVE,GOOD,1976.0,,,
10178.0,34.0,80.84,5.0,2748.56,11/8/2003,Shipped,Qui_4,11.0,2003.0,Planes,68.0,S24_2841,Office Supplies,Pencil,Alpha Cognac,61.77.6555,1 rue Alsace-Lorraine,Unknown,Toulouse,,31000,France,EMEA,Roulet,Annette,Small,Roulet Annette,EXPENSIVE,GOOD,2000.0,,,
10279.0,33.0,71.06,4.0,2344.98,8/9/2004,Shipped,Qui_3,8.0,2004.0,Classic Cars,85.0,S24_3191,Office Supplies,Ruler,Euro Shopping Channel,(91) 555 94 44,"C/ Moralzarzal, 86",Unknown,Madrid,,28034,Spain,EMEA,Freyre,Diego,Small,Freyre Diego,EXPENSIVE,GOOD,1977.0,,,
10292.0,26.0,100.0,7.0,4554.94,9/8/2004,Shipped,Qui_3,9.0,2004.0,Classic Cars,163.0,S18_2238,Furniture,Table,Land of Toys Inc.,2125557818,897 Long Airport Avenue,Unknown,NYC,NY,10022,USA,,Yu,Kwai,Medium,Yu Kwai,EXPENSIVE,GOOD,1997.0,,,
10109.0,26.0,100.0,4.0,4379.18,3/10/2003,Shipped,Qui_1,3.0,2003.0,Classic Cars,141.0,S18_1129,Furniture,Table,Motor Mint Distributors Inc.,2155559857,11328 Douglas Av.,Unknown,Philadelphia,PA,71270,USA,,Hernandez,Rosa,Medium,Hernandez Rosa,EXPENSIVE,GOOD,1979.0,,,
10168.0,27.0,100.0,4.0,3660.93,10/28/2003,Shipped,Qui_4,10.0,2003.0,Motorcycles,118.0,S10_2016,Furniture,Chair,Technics Stores Inc.,6505556809,9408 Furth Circle,Unknown,Burlingame,CA,94217,USA,,Hirano,Juri,Medium,Hirano Juri,EXPENSIVE,GOOD,1993.0,,,
10423.0,31.0,53.72,3.0,1665.32,5/30/2005,In Process,Qui_2,5.0,2005.0,Vintage Cars,62.0,S18_2957,Furniture,Desk,Petit Auto,(02) 5554 67,Rue Joseph-Bens 532,Unknown,Bruxelles,,B-1180,Belgium,EMEA,Dewey,Catherine,Small,Dewey Catherine,CHEAP,GOOD,1967.0,,,
10197.0,42.0,50.23,12.0,2109.66,11/26/2003,Shipped,Qui_4,11.0,2003.0,Ships,54.0,S72_3212,Accessories,Headphone,Enaco Distributors,(93) 203 4555,"Rambla de Catalu¤a, 23",Unknown,Barcelona,,8022,Spain,EMEA,Saavedra,Eduardo,Small,Saavedra Eduardo,CHEAP,GOOD,1967.0,,,
10261.0,22.0,91.17,3.0,2005.74,6/17/2004,Shipped,Qui_2,6.0,2004.0,Vintage Cars,88.0,S24_3151,Office Supplies,Pencil,Quebec Home Shopping Network,(514) 555-8054,43 rue St. Laurent,Unknown,Montreal,Quebec,H1J 1C3,Canada,,Fresnisre,Jean,Small,Fresnisre Jean,EXPENSIVE,GOOD,1962.0,,,
10235.0,23.0,96.29,5.0,2214.67,4/2/2004,Shipped,Qui_2,4.0,2004.0,Planes,109.0,S24_1785,Office Supplies,Ruler,"Royal Canadian Collectables, Ltd.",(604) 555-4555,23 Tsawassen Blvd.,Unknown,Tsawassen,BC,T2F 8M4,Canada,,Lincoln,Elizabeth,Small,Lincoln Elizabeth,EXPENSIVE,GOOD,1963.0,,,
10353.0,35.0,89.9,3.0,3146.5,12/4/2004,Shipped,Qui_4,12.0,2004.0,Planes,72.0,S24_4278,Office Supplies,Eraser,Gift Ideas Corp.,2035554407,2440 Pompton St.,Unknown,Glendale,CT,97561,USA,,Lewis,Dan,Medium,Lewis Dan,EXPENSIVE,GOOD,1985.0,,,
10265.0,49.0,100.0,1.0,8427.02,7/2/2004,Shipped,Qui_3,7.0,2004.0,Classic Cars,146.0,S18_3482,Furniture,Bookshelf,"Australian Collectables, Ltd",61-9-3844-6555,7 Allen Street,Unknown,Glen Waverly,Victoria,3150,Australia,APAC,Connery,Sean,Large,Connery Sean,EXPENSIVE,GOOD,1996.0,,,
10171.0,36.0,35.49,4.0,1277.64,11/5/2003,Shipped,Qui_4,11.0,2003.0,Classic Cars,37.0,S24_2972,Office Supplies,Eraser,Quebec Home Shopping Network,(514) 555-8054,43 rue St. Laurent,Unknown,Montreal,Quebec,H1J 1C3,Canada,,Fresnisre,Jean,Small,Fresnisre Jean,CHEAP,GOOD,1986.0,,,
10359.0,25.0,64.93,4.0,1623.25,12/15/2004,Shipped,Qui_4,12.0,2004.0,Trains,58.0,S50_1514,Accessories,Headphone,Reims Collectables,26.47.1555,59 rue de l'Abbaye,Unknown,Reims,,51100,France,EMEA,Henriot,Paul,Small,Henriot Paul,CHEAP,GOOD,1981.0,,,
10172.0,22.0,74.51,1.0,1639.22,11/5/2003,Shipped,Qui_4,11.0,2003.0,Classic Cars,90.0,S24_2766,Office Supplies,Eraser,Gift Depot Inc.,2035552570,25593 South Bay Ln.,Unknown,Bridgewater,CT,97562,USA,,King,Julie,Small,King Julie,EXPENSIVE,GOOD,1964.0,,,
10407.0,6.0,90.19,3.0,541.14,4/22/2005,On Hold,Qui_2,4.0,2005.0,Vintage Cars,92.0,S18_4409,Furniture,Chair,The Sharp Gifts Warehouse,4085553659,3086 Ingle Ln.,Unknown,San Jose,CA,94217,USA,,Frick,Sue,Small,Frick Sue,EXPENSIVE,BAD,1979.0,,,
10155.0,44.0,79.14,11.0,3482.16,10/6/2003,Shipped,Qui_4,10.0,2003.0,Ships,86.0,S18_3029,Furniture,Table,"Toys of Finland, Co.",90-224 8555,Keskuskatu 45,Unknown,Helsinki,,21240,Finland,EMEA,Karttunen,Matti,Medium,Karttunen Matti,EXPENSIVE,GOOD,1989.0,,,
10193.0,46.0,53.37,6.0,2455.02,11/21/2003,Shipped,Qui_4,11.0,2003.0,Vintage Cars,53.0,S18_1367,Furniture,Cabinet,"Australian Collectables, Ltd",61-9-3844-6555,7 Allen Street,Unknown,Glen Waverly,Victoria,3150,Australia,APAC,Connery,Sean,Small,Connery Sean,CHEAP,GOOD,1964.0,,,
10283.0,46.0,100.0,3.0,5795.54,8/20/2004,Shipped,Qui_3,8.0,2004.0,Vintage Cars,105.0,S18_3856,Furniture,Desk,"Royal Canadian Collectables, Ltd.",(604) 555-4555,23 Tsawassen Blvd.,Unknown,Tsawassen,BC,T2F 8M4,Canada,,Lincoln,Elizabeth,Medium,Lincoln Elizabeth,EXPENSIVE,GOOD,1984.0,,,
10396.0,33.0,100.0,2.0,5273.73,3/23/2005,Shipped,Qui_1,3.0,2005.0,Vintage Cars,136.0,S18_3140,Furniture,Desk,Mini Gifts Distributors Ltd.,4155551450,5677 Strong St.,Unknown,San Rafael,CA,97562,USA,,Nelson,Valarie,Medium,Nelson Valarie,EXPENSIVE,GOOD,1994.0,,,
10266.0,35.0,76.61,15.0,2681.35,7/6/2004,Shipped,Qui_3,7.0,2004.0,Classic Cars,79.0,S12_3990,Furniture,Bookshelf,L'ordine Souveniers,0522-556555,Strada Provinciale 124,Unknown,Reggio Emilia,,42100,Italy,EMEA,Moroni,Maurizio,Small,Moroni Maurizio,EXPENSIVE,GOOD,1967.0,,,
10126.0,34.0,100.0,15.0,3576.12,5/28/2003,Shipped,Qui_2,5.0,2003.0,Vintage Cars,97.0,S24_4258,Office Supplies,Pencil,"Corrida Auto Replicas, Ltd",(91) 555 22 82,"C/ Araquil, 67",Unknown,Madrid,,28023,Spain,EMEA,Sommer,Mart¡n,Medium,Sommer Mart¡n,EXPENSIVE,GOOD,1997.0,,,
10309.0,24.0,56.1,2.0,1346.4,10/15/2004,Shipped,Qui_4,10.0,2004.0,Motorcycles,69.0,S24_2360,Office Supplies,Eraser,Baane Mini Imports,07-98 9555,Erling Skakkes gate 78,Unknown,Stavern,,4110,Norway,EMEA,Bergulfsen,Jonas,Small,Bergulfsen Jonas,CHEAP,GOOD,1989.0,,,
10372.0,37.0,100.0,8.0,3910.53,1/26/2005,Shipped,Qui_1,1.0,2005.0,Ships,122.0,S24_2011,Office Supplies,Pen,"Tokyo Collectables, Ltd",+81 3 3584 0555,2-2-8 Roppongi,Unknown,Minato-ku,Tokyo,106-0032,Japan,Japan,Shimamura,Akiko,Medium,Shimamura Akiko,EXPENSIVE,GOOD,1990.0,,,
10361.0,24.0,45.39,14.0,1089.36,12/17/2004,Shipped,Qui_4,12.0,2004.0,Ships,90.0,S700_2047,Technology,Tablet,Souveniers And Things Co.,+61 2 9495 8555,"Monitor Money Building, 815 Pacific Hwy",Level 6,Chatswood,NSW,2067,Australia,APAC,Huxley,Adrian,Small,Huxley Adrian,CHEAP,GOOD,1986.0,,,
10413.0,22.0,100.0,1.0,3387.78,5/5/2005,Shipped,Qui_2,5.0,2005.0,Classic Cars,173.0,S12_3891,Furniture,Bookshelf,Gift Depot Inc.,2035552570,25593 South Bay Ln.,Unknown,Bridgewater,CT,97562,USA,,King,Julie,Medium,King Julie,EXPENSIVE,GOOD,1991.0,,,
10372.0,44.0,100.0,2.0,4496.8,1/26/2005,Shipped,Qui_1,1.0,2005.0,Ships,86.0,S700_1938,Technology,Desktop,"Tokyo Collectables, Ltd",+81 3 3584 0555,2-2-8 Roppongi,Unknown,Minato-ku,Tokyo,106-0032,Japan,Japan,Shimamura,Akiko,Medium,Shimamura Akiko,EXPENSIVE,GOOD,1962.0,,,
10169.0,32.0,70.76,5.0,2264.32,11/4/2003,Shipped,Qui_4,11.0,2003.0,Classic Cars,80.0,S18_3278,Furniture,Cabinet,"Anna's Decorations, Ltd",02 9936 8555,201 Miller Street,Level 15,North Sydney,NSW,2060,Australia,APAC,O'Hara,Anna,Small,O'Hara Anna,EXPENSIVE,GOOD,1982.0,,,
10228.0,29.0,100.0,2.0,6463.23,3/10/2004,Shipped,Qui_1,3.0,2004.0,Classic Cars,214.0,S10_1949,Furniture,Desk,Cambridge Collectables Co.,6175555555,4658 Baden Av.,Unknown,Cambridge,MA,51247,USA,,Tseng,Kyung,Medium,Tseng Kyung,EXPENSIVE,GOOD,1963.0,,,
10134.0,35.0,93.54,3.0,3273.9,7/1/2003,Shipped,Qui_3,7.0,2003.0,Motorcycles,112.0,S24_1578,Office Supplies,Eraser,Lyon Souveniers,+33 1 46 62 7555,27 rue du Colonel Pierre Avia,Unknown,Paris,,75508,France,EMEA,Da Cunha,Daniel,Medium,DaCunha Daniel,EXPENSIVE,GOOD,1968.0,,,
10288.0,34.0,68.49,10.0,2328.66,9/1/2004,Shipped,Qui_3,9.0,2004.0,Classic Cars,85.0,S24_3191,Office Supplies,Ruler,Handji Gifts& Co,+65 224 1555,Village Close - 106 Linden Road Sandown,2nd Floor,Singapore,,69045,Singapore,APAC,Victorino,Wendy,Small,Victorino Wendy,EXPENSIVE,GOOD,1969.0,,,
10316.0,24.0,59.16,2.0,1419.84,11/1/2004,Shipped,Qui_4,11.0,2004.0,Vintage Cars,68.0,S32_4289,Office Supplies,Ruler,giftsbymail.co.uk,(198) 555-8888,Garden House Crowther Way,Unknown,Cowes,Isle of Wight,PO31 7PJ,UK,EMEA,Bennett,Helen,Small,Bennett Helen,CHEAP,GOOD,1985.0,,,
10196.0,38.0,100.0,4.0,7232.16,11/26/2003,Shipped,Qui_4,11.0,2003.0,Classic Cars,173.0,S12_3891,Furniture,Bookshelf,Super Scale Inc.,2035559545,567 North Pendale Street,Unknown,New Haven,CT,97823,USA,,Murphy,Leslie,Large,Murphy Leslie,EXPENSIVE,GOOD,1971.0,,,
10223.0,47.0,100.0,9.0,4724.91,2/20/2004,Shipped,Qui_1,2.0,2004.0,Planes,84.0,S18_2581,Furniture,Bookshelf,"Australian Collectors, Co.",03 9520 4555,636 St Kilda Road,Level 3,Melbourne,Victoria,3004,Australia,APAC,Ferguson,Peter,Medium,Ferguson Peter,EXPENSIVE,GOOD,1974.0,,,
10253.0,40.0,42.67,7.0,1706.8,6/1/2004,Cancelled,Qui_2,6.0,2004.0,Classic Cars,37.0,S24_2972,Office Supplies,Eraser,"UK Collectables, Ltd.",(171) 555-2282,Berkeley Gardens 12  Brewery,Unknown,Liverpool,,WX1 6LT,UK,EMEA,Devon,Elizabeth,Small,Devon Elizabeth,CHEAP,GOOD,1993.0,,,
10259.0,47.0,100.0,9.0,5285.62,6/15/2004,Shipped,Qui_2,6.0,2004.0,Trucks and Buses,127.0,S24_2300,Office Supplies,Pen,Handji Gifts& Co,+65 224 1555,Village Close - 106 Linden Road Sandown,2nd Floor,Singapore,,69045,Singapore,APAC,Victorino,Wendy,Medium,Victorino Wendy,EXPENSIVE,GOOD,1976.0,,,
10196.0,47.0,100.0,5.0,8887.7,11/26/2003,Shipped,Qui_4,11.0,2003.0,Classic Cars,207.0,S12_1108,Furniture,Chair,Super Scale Inc.,2035559545,567 North Pendale Street,Unknown,New Haven,CT,97823,USA,,Murphy,Leslie,Large,Murphy Leslie,EXPENSIVE,GOOD,1996.0,,,
10384.0,34.0,100.0,4.0,4846.7,2/23/2005,Shipped,Qui_1,2.0,2005.0,Classic Cars,136.0,S10_4757,Furniture,Desk,Corporate Gift Ideas Co.,6505551386,7734 Strong St.,Unknown,San Francisco,CA,,USA,,Brown,Julie,Medium,Brown Julie,EXPENSIVE,GOOD,1989.0,,,
10335.0,40.0,60.6,3.0,2424.0,11/19/2004,Shipped,Qui_4,11.0,2004.0,Trucks and Buses,54.0,S32_2509,Office Supplies,Pen,Mini Gifts Distributors Ltd.,4155551450,5677 Strong St.,Unknown,San Rafael,CA,97562,USA,,Nelson,Valarie,Small,Nelson Valarie,CHEAP,GOOD,1971.0,,,
10220.0,20.0,52.82,6.0,1056.4,2/12/2004,Shipped,Qui_1,2.0,2004.0,Trains,62.0,S32_3207,Office Supplies,Pen,"Clover Collections, Co.",+353 1862 1555,25 Maiden Lane,Floor No. 4,Dublin,,2,Ireland,EMEA,Cassidy,Dean,Small,Cassidy Dean,CHEAP,GOOD,1974.0,,,
10356.0,26.0,100.0,4.0,3937.7,12/9/2004,Shipped,Qui_4,12.0,2004.0,Motorcycles,81.0,S50_4713,Accessories,Headphone,Lyon Souveniers,+33 1 46 62 7555,27 rue du Colonel Pierre Avia,Unknown,Paris,,75508,France,EMEA,Da Cunha,Daniel,Medium,DaCunha Daniel,EXPENSIVE,GOOD,1962.0,,,
10425.0,11.0,43.83,6.0,482.13,5/31/2005,In Process,Qui_2,5.0,2005.0,Trucks and Buses,54.0,S32_2509,Office Supplies,Pen,La Rochelle Gifts,40.67.8555,"67, rue des Cinquante Otages",Unknown,Nantes,,44000,France,EMEA,Labrune,Janine,Small,Labrune Janine,CHEAP,GOOD,1973.0,,,
10290.0,45.0,100.0,1.0,5171.4,9/7/2004,Shipped,Qui_3,9.0,2004.0,Vintage Cars,97.0,S24_4258,Office Supplies,Pencil,Auto-Moto Classics Inc.,6175558428,16780 Pompton St.,Unknown,Brickhaven,MA,58339,USA,,Taylor,Leslie,Medium,Taylor Leslie,EXPENSIVE,GOOD,1999.0,,,
10388.0,21.0,86.77,7.0,1822.17,3/3/2005,Shipped,Qui_1,3.0,2005.0,Motorcycles,193.0,S10_4698,Furniture,Bookshelf,FunGiftIdeas.com,5085552555,1785 First Street,Unknown,New Bedford,MA,50553,USA,,Benitez,Violeta,Small,Benitez Violeta,EXPENSIVE,GOOD,1979.0,,,
10204.0,45.0,49.81,12.0,2241.45,12/2/2003,Shipped,Qui_4,12.0,2003.0,Classic Cars,50.0,S24_1628,Office Supplies,Lamp,Muscle Machine Inc,2125557413,4092 Furth Circle,Suite 400,NYC,NY,10022,USA,,Young,Jeff,Small,Young Jeff,CHEAP,GOOD,2000.0,,,
10332.0,44.0,42.26,11.0,1859.44,11/17/2004,Shipped,Qui_4,11.0,2004.0,Classic Cars,117.0,S24_2887,Office Supplies,Ruler,"AV Stores, Co.",(171) 555-1555,Fauntleroy Circus,Unknown,Manchester,,EC2 5NT,UK,EMEA,Ashworth,Victoria,Small,Ashworth Victoria,CHEAP,GOOD,1986.0,,,
10338.0,41.0,100.0,1.0,5624.79,11/22/2004,Shipped,Qui_4,11.0,2004.0,Planes,157.0,S18_1662,Furniture,Cabinet,Royale Belge,(071) 23 67 2555,"Boulevard Tirou, 255",Unknown,Charleroi,,B-6000,Belgium,EMEA,Cartrain,Pascale,Medium,Cartrain Pascale,EXPENSIVE,GOOD,1996.0,,,
10191.0,32.0,100.0,8.0,4237.76,11/20/2003,Shipped,Qui_4,11.0,2003.0,Classic Cars,148.0,S18_4721,Furniture,Table,"Toms Spezialitten, Ltd",0221-5554327,Mehrheimerstr. 369,Unknown,Koln,,50739,Germany,EMEA,Pfalzheim,Henriette,Medium,Pfalzheim Henriette,EXPENSIVE,GOOD,1973.0,,,
10390.0,45.0,48.98,12.0,2204.1,3/4/2005,Shipped,Qui_1,3.0,2005.0,Motorcycles,102.0,S32_4485,Office Supplies,Ruler,Mini Gifts Distributors Ltd.,4155551450,5677 Strong St.,Unknown,San Rafael,CA,97562,USA,,Nelson,Valarie,Small,Nelson Valarie,CHEAP,GOOD,1997.0,,,
10257.0,49.0,53.72,3.0,2632.28,6/14/2004,Shipped,Qui_2,6.0,2004.0,Vintage Cars,62.0,S18_2957,Furniture,Desk,The Sharp Gifts Warehouse,4085553659,3086 Ingle Ln.,Unknown,San Jose,CA,94217,USA,,Frick,Sue,Small,Frick Sue,CHEAP,GOOD,1992.0,,,
10361.0,20.0,72.55,13.0,1451.0,12/17/2004,Shipped,Qui_4,12.0,2004.0,Motorcycles,95.0,S10_1678,Furniture,Cabinet,Souveniers And Things Co.,+61 2 9495 8555,"Monitor Money Building, 815 Pacific Hwy",Level 6,Chatswood,NSW,2067,Australia,APAC,Huxley,Adrian,Small,Huxley Adrian,EXPENSIVE,GOOD,1987.0,,,
10253.0,41.0,100.0,10.0,4910.57,6/1/2004,Cancelled,Qui_2,6.0,2004.0,Classic Cars,115.0,S12_4675,Furniture,Cabinet,"UK Collectables, Ltd.",(171) 555-2282,Berkeley Gardens 12  Brewery,Unknown,Liverpool,,WX1 6LT,UK,EMEA,Devon,Elizabeth,Medium,Devon Elizabeth,EXPENSIVE,GOOD,1991.0,,,
10110.0,20.0,35.51,3.0,710.2,3/18/2003,Shipped,Qui_1,3.0,2003.0,Vintage Cars,33.0,S24_1937,Office Supplies,Lamp,"AV Stores, Co.",(171) 555-1555,Fauntleroy Circus,Unknown,Manchester,,EC2 5NT,UK,EMEA,Ashworth,Victoria,Small,Ashworth Victoria,CHEAP,GOOD,1996.0,,,
10101.0,25.0,100.0,4.0,3782.0,1/9/2003,Shipped,Qui_1,1.0,2003.0,Vintage Cars,127.0,S18_2325,Furniture,Table,"Blauer See Auto, Co.",+49 69 66 90 2555,Lyonerstr. 34,Unknown,Frankfurt,,60528,Germany,EMEA,Keitel,Roland,Medium,Keitel Roland,EXPENSIVE,GOOD,1961.0,,,
10114.0,48.0,100.0,4.0,8209.44,4/1/2003,Shipped,Qui_2,4.0,2003.0,Classic Cars,169.0,S18_3232,Furniture,Table,"La Corne D'abondance, Co.",(1) 42.34.2555,"265, boulevard Charonne",Unknown,Paris,,75012,France,EMEA,Bertrand,Marie,Large,Bertrand Marie,EXPENSIVE,GOOD,2000.0,,,
10329.0,45.0,63.91,11.0,2875.95,11/15/2004,Shipped,Qui_4,11.0,2004.0,Motorcycles,99.0,S32_1374,Office Supplies,Eraser,Land of Toys Inc.,2125557818,897 Long Airport Avenue,Unknown,NYC,NY,10022,USA,,Yu,Kwai,Small,Yu Kwai,CHEAP,GOOD,1960.0,,,
10173.0,23.0,100.0,16.0,2728.03,11/5/2003,Shipped,Qui_4,11.0,2003.0,Classic Cars,117.0,S24_2887,Office Supplies,Ruler,Rovelli Gifts,035-640555,Via Ludovico il Moro 22,Unknown,Bergamo,,24100,Italy,EMEA,Rovelli,Giovanni,Small,Rovelli Giovanni,EXPENSIVE,GOOD,1967.0,,,
10145.0,40.0,87.54,16.0,3501.6,8/25/2003,Shipped,Qui_3,8.0,2003.0,Planes,109.0,S24_1785,Office Supplies,Ruler,Toys4GrownUps.com,6265557265,78934 Hillside Dr.,Unknown,Pasadena,CA,90003,USA,,Young,Julie,Medium,Young Julie,EXPENSIVE,GOOD,1995.0,,,
10137.0,37.0,100.0,3.0,4346.76,7/10/2003,Shipped,Qui_3,7.0,2003.0,Classic Cars,132.0,S18_2870,Furniture,Cabinet,Reims Collectables,26.47.1555,59 rue de l'Abbaye,Unknown,Reims,,51100,France,EMEA,Henriot,Paul,Medium,Henriot Paul,EXPENSIVE,GOOD,1987.0,,,
10173.0,48.0,44.21,5.0,2122.08,11/5/2003,Shipped,Qui_4,11.0,2003.0,Vintage Cars,53.0,S18_1367,Furniture,Cabinet,Rovelli Gifts,035-640555,Via Ludovico il Moro 22,Unknown,Bergamo,,24100,Italy,EMEA,Rovelli,Giovanni,Small,Rovelli Giovanni,CHEAP,GOOD,1979.0,,,
10225.0,43.0,100.0,2.0,6407.86,2/22/2004,Shipped,Qui_1,2.0,2004.0,Classic Cars,169.0,S18_3232,Furniture,Table,"Vida Sport, Ltd",0897-034555,Grenzacherweg 237,Unknown,Gensve,,1203,Switzerland,EMEA,Holz,Michael,Medium,Holz Michael,EXPENSIVE,GOOD,1991.0,,,
10328.0,33.0,100.0,11.0,4072.2,11/12/2004,Shipped,Qui_4,11.0,2004.0,Planes,118.0,S700_2834,Technology,Desktop,Rovelli Gifts,035-640555,Via Ludovico il Moro 22,Unknown,Bergamo,,24100,Italy,EMEA,Rovelli,Giovanni,Medium,Rovelli Giovanni,EXPENSIVE,GOOD,1968.0,,,
10226.0,24.0,100.0,7.0,3892.08,2/26/2004,Shipped,Qui_1,2.0,2004.0,Classic Cars,142.0,S18_1984,Furniture,Bookshelf,Collectable Mini Designs Co.,7605558146,361 Furth Circle,Unknown,San Diego,CA,91217,USA,,Thompson,Valarie,Medium,Thompson Valarie,EXPENSIVE,GOOD,1973.0,,,
10359.0,36.0,100.0,3.0,6358.68,12/15/2004,Shipped,Qui_4,12.0,2004.0,Trucks and Buses,54.0,S32_2509,Office Supplies,Pen,Reims Collectables,26.47.1555,59 rue de l'Abbaye,Unknown,Reims,,51100,France,EMEA,Henriot,Paul,Medium,Henriot Paul,EXPENSIVE,GOOD,1968.0,,,
10407.0,59.0,98.65,5.0,5820.35,4/22/2005,On Hold,Qui_2,4.0,2005.0,Classic Cars,117.0,S24_2887,Office Supplies,Ruler,The Sharp Gifts Warehouse,4085553659,3086 Ingle Ln.,Unknown,San Jose,CA,94217,USA,,Frick,Sue,Medium,Frick Sue,EXPENSIVE,EXCELLENT,1990.0,,,
10425.0,18.0,100.0,2.0,1895.94,5/31/2005,In Process,Qui_2,5.0,2005.0,Trucks and Buses,115.0,S50_1392,Accessories,Adapter,La Rochelle Gifts,40.67.8555,"67, rue des Cinquante Otages",Unknown,Nantes,,44000,France,EMEA,Labrune,Janine,Small,Labrune Janine,EXPENSIVE,GOOD,1962.0,,,
10182.0,44.0,100.0,10.0,7554.8,11/12/2003,Shipped,Qui_4,11.0,2003.0,Vintage Cars,170.0,S18_1749,Furniture,Desk,Mini Gifts Distributors Ltd.,4155551450,5677 Strong St.,Unknown,San Rafael,CA,97562,USA,,Nelson,Valarie,Large,Nelson Valarie,EXPENSIVE,GOOD,1961.0,,,
10356.0,27.0,64.69,2.0,1746.63,12/9/2004,Shipped,Qui_4,12.0,2004.0,Classic Cars,142.0,S18_1984,Furniture,Bookshelf,Lyon Souveniers,+33 1 46 62 7555,27 rue du Colonel Pierre Avia,Unknown,Paris,,75508,France,EMEA,Da Cunha,Daniel,Small,DaCunha Daniel,CHEAP,GOOD,1989.0,,,
10220.0,37.0,100.0,9.0,3983.05,2/12/2004,Shipped,Qui_1,2.0,2004.0,Trucks and Buses,115.0,S50_1392,Accessories,Adapter,"Clover Collections, Co.",+353 1862 1555,25 Maiden Lane,Floor No. 4,Dublin,,2,Ireland,EMEA,Cassidy,Dean,Medium,Cassidy Dean,EXPENSIVE,GOOD,1995.0,,,
10247.0,49.0,63.85,4.0,3128.65,5/5/2004,Shipped,Qui_2,5.0,2004.0,Trains,58.0,S50_1514,Accessories,Headphone,Suominen Souveniers,+358 9 8045 555,"Software Engineering Center, SEC Oy",Unknown,Espoo,,FIN-02271,Finland,EMEA,Suominen,Kalle,Medium,Suominen Kalle,CHEAP,GOOD,1996.0,,,
10110.0,48.0,34.47,5.0,1654.56,3/18/2003,Shipped,Qui_1,3.0,2003.0,Vintage Cars,41.0,S24_3969,Office Supplies,Eraser,"AV Stores, Co.",(171) 555-1555,Fauntleroy Circus,Unknown,Manchester,,EC2 5NT,UK,EMEA,Ashworth,Victoria,Small,Ashworth Victoria,CHEAP,GOOD,1985.0,,,
10227.0,47.0,88.14,14.0,4142.58,3/2/2004,Shipped,Qui_1,3.0,2004.0,Classic Cars,90.0,S24_2766,Office Supplies,Eraser,"Saveley & Henriot, Co.",78.32.5555,"2, rue du Commerce",Unknown,Lyon,,69004,France,EMEA,Saveley,Mary,Medium,Saveley Mary,EXPENSIVE,GOOD,1989.0,,,
10291.0,48.0,100.0,5.0,5288.64,9/8/2004,Shipped,Qui_3,9.0,2004.0,Trucks and Buses,121.0,S18_4600,Furniture,Chair,Scandinavian Gift Ideas,0695-34 6555,?kergatan 24,Unknown,Boras,,S-844 67,Sweden,EMEA,Larsson,Maria,Medium,Larsson Maria,EXPENSIVE,GOOD,1968.0,,,
10272.0,43.0,56.82,4.0,2443.26,7/20/2004,Shipped,Qui_3,7.0,2004.0,Trains,58.0,S50_1514,Accessories,Headphone,Diecast Classics Inc.,2155551555,7586 Pompton St.,Unknown,Allentown,PA,70267,USA,,Yu,Kyung,Small,Yu Kyung,CHEAP,GOOD,1981.0,,,
10113.0,50.0,49.81,3.0,2490.5,3/26/2003,Shipped,Qui_1,3.0,2003.0,Vintage Cars,50.0,S18_4668,Furniture,Cabinet,Mini Gifts Distributors Ltd.,4155551450,5677 Strong St.,Unknown,San Rafael,CA,97562,USA,,Nelson,Valarie,Small,Nelson Valarie,CHEAP,EXCELLENT,1974.0,,,
10339.0,55.0,71.25,15.0,3918.75,11/23/2004,Shipped,Qui_4,11.0,2004.0,Ships,90.0,S700_2047,Technology,Tablet,"Tokyo Collectables, Ltd",+81 3 3584 0555,2-2-8 Roppongi,Unknown,Minato-ku,Tokyo,106-0032,Japan,Japan,Shimamura,Akiko,Medium,Shimamura Akiko,EXPENSIVE,EXCELLENT,1977.0,,,
10109.0,46.0,100.0,5.0,8257.0,3/10/2003,Shipped,Qui_1,3.0,2003.0,Classic Cars,169.0,S18_3232,Furniture,Table,Motor Mint Distributors Inc.,2155559857,11328 Douglas Av.,Unknown,Philadelphia,PA,71270,USA,,Hernandez,Rosa,Large,Hernandez Rosa,EXPENSIVE,GOOD,1960.0,,,
10334.0,49.0,100.0,4.0,6763.47,11/19/2004,On Hold,Qui_4,11.0,2004.0,Trucks and Buses,121.0,S18_4600,Furniture,Chair,"Volvo Model Replicas, Co",0921-12 3555,Berguvsv„gen  8,Unknown,Lule,,S-958 22,Sweden,EMEA,Berglund,Christina,Medium,Berglund Christina,EXPENSIVE,GOOD,1995.0,,,
10235.0,41.0,100.0,1.0,4177.49,4/2/2004,Shipped,Qui_2,4.0,2004.0,Motorcycles,99.0,S32_1374,Office Supplies,Eraser,"Royal Canadian Collectables, Ltd.",(604) 555-4555,23 Tsawassen Blvd.,Unknown,Tsawassen,BC,T2F 8M4,Canada,,Lincoln,Elizabeth,Medium,Lincoln Elizabeth,EXPENSIVE,GOOD,1979.0,,,
10316.0,48.0,75.2,5.0,3609.6,11/1/2004,Shipped,Qui_4,11.0,2004.0,Planes,80.0,S700_3167,Technology,Smart watch,giftsbymail.co.uk,(198) 555-8888,Garden House Crowther Way,Unknown,Cowes,Isle of Wight,PO31 7PJ,UK,EMEA,Bennett,Helen,Medium,Bennett Helen,EXPENSIVE,GOOD,1990.0,,,
10110.0,46.0,100.0,10.0,5942.28,3/18/2003,Shipped,Qui_1,3.0,2003.0,Classic Cars,117.0,S24_2887,Office Supplies,Ruler,"AV Stores, Co.",(171) 555-1555,Fauntleroy Circus,Unknown,Manchester,,EC2 5NT,UK,EMEA,Ashworth,Victoria,Medium,Ashworth Victoria,EXPENSIVE,GOOD,1963.0,,,
10225.0,37.0,77.41,10.0,2864.17,2/22/2004,Shipped,Qui_1,2.0,2004.0,Classic Cars,79.0,S12_3990,Furniture,Bookshelf,"Vida Sport, Ltd",0897-034555,Grenzacherweg 237,Unknown,Gensve,,1203,Switzerland,EMEA,Holz,Michael,Small,Holz Michael,EXPENSIVE,GOOD,1967.0,,,
10228.0,32.0,100.0,1.0,3360.0,3/10/2004,Shipped,Qui_1,3.0,2004.0,Trucks and Buses,116.0,S18_1097,Furniture,Bookshelf,Cambridge Collectables Co.,6175555555,4658 Baden Av.,Unknown,Cambridge,MA,51247,USA,,Tseng,Kyung,Medium,Tseng Kyung,EXPENSIVE,GOOD,2000.0,,,
10140.0,47.0,100.0,1.0,5105.14,7/24/2003,Shipped,Qui_3,7.0,2003.0,Trucks and Buses,127.0,S24_2300,Office Supplies,Pen,Technics Stores Inc.,6505556809,9408 Furth Circle,Unknown,Burlingame,CA,94217,USA,,Hirano,Juri,Medium,Hirano Juri,EXPENSIVE,GOOD,1970.0,,,
10282.0,37.0,66.78,7.0,2470.86,8/20/2004,Shipped,Qui_3,8.0,2004.0,Trains,58.0,S50_1514,Accessories,Headphone,Mini Gifts Distributors Ltd.,4155551450,5677 Strong St.,Unknown,San Rafael,CA,97562,USA,,Nelson,Valarie,Small,Nelson Valarie,EXPENSIVE,GOOD,1989.0,,,
10143.0,33.0,77.59,9.0,2560.47,8/10/2003,Shipped,Qui_3,8.0,2003.0,Vintage Cars,65.0,S24_3420,Office Supplies,Lamp,Mini Creations Ltd.,5085559555,4575 Hillside Dr.,Unknown,New Bedford,MA,50553,USA,,Tam,Wing C,Small,Tam WingC,EXPENSIVE,GOOD,1969.0,,,
10183.0,41.0,100.0,5.0,6163.94,11/13/2003,Shipped,Qui_4,11.0,2003.0,Trucks and Buses,136.0,S12_1666,Furniture,Cabinet,"Classic Gift Ideas, Inc",2155554695,782 First Street,Unknown,Philadelphia,PA,71270,USA,,Cervantes,Francisca,Medium,Cervantes Francisca,EXPENSIVE,GOOD,1974.0,,,
10122.0,31.0,44.66,17.0,1384.46,5/8/2003,Shipped,Qui_2,5.0,2003.0,Motorcycles,40.0,S32_2206,Office Supplies,Pen,Marseille Mini Autos,91.24.4555,"12, rue des Bouchers",Unknown,Marseille,,13008,France,EMEA,Lebihan,Laurence,Small,Lebihan Laurence,CHEAP,GOOD,1970.0,,,
10413.0,24.0,49.71,6.0,1193.04,5/5/2005,Shipped,Qui_2,5.0,2005.0,Trains,62.0,S32_3207,Office Supplies,Pen,Gift Depot Inc.,2035552570,25593 South Bay Ln.,Unknown,Bridgewater,CT,97562,USA,,King,Julie,Small,King Julie,CHEAP,GOOD,1965.0,,,
10110.0,42.0,61.29,9.0,2574.18,3/18/2003,Shipped,Qui_1,3.0,2003.0,Classic Cars,71.0,S18_4933,Furniture,Table,"AV Stores, Co.",(171) 555-1555,Fauntleroy Circus,Unknown,Manchester,,EC2 5NT,UK,EMEA,Ashworth,Victoria,Small,Ashworth Victoria,CHEAP,GOOD,1987.0,,,
10333.0,46.0,100.0,2.0,11336.7,11/18/2004,Shipped,Qui_4,11.0,2004.0,Vintage Cars,99.0,S18_3320,Furniture,Table,Mini Wheels Co.,6505555787,5557 North Pendale Street,Unknown,San Francisco,CA,,USA,,Murphy,Julie,Large,Murphy Julie,EXPENSIVE,GOOD,1983.0,,,
10411.0,35.0,59.87,7.0,2095.45,5/1/2005,Shipped,Qui_2,5.0,2005.0,Vintage Cars,50.0,S18_4668,Furniture,Cabinet,Quebec Home Shopping Network,(514) 555-8054,43 rue St. Laurent,Unknown,Montreal,Quebec,H1J 1C3,Canada,,Fresnisre,Jean,Small,Fresnisre Jean,CHEAP,GOOD,1973.0,,,
10245.0,28.0,100.0,2.0,4591.72,5/4/2004,Shipped,Qui_2,5.0,2004.0,Classic Cars,147.0,S10_4962,Furniture,Cabinet,Super Scale Inc.,2035559545,567 North Pendale Street,Unknown,New Haven,CT,97823,USA,,Murphy,Leslie,Medium,Murphy Leslie,EXPENSIVE,GOOD,1966.0,,,
10425.0,41.0,86.68,11.0,3553.88,5/31/2005,In Process,Qui_2,5.0,2005.0,Trucks and Buses,96.0,S32_1268,Office Supplies,Eraser,La Rochelle Gifts,40.67.8555,"67, rue des Cinquante Otages",Unknown,Nantes,,44000,France,EMEA,Labrune,Janine,Medium,Labrune Janine,EXPENSIVE,GOOD,1963.0,,,
10141.0,24.0,45.99,7.0,1103.76,8/1/2003,Shipped,Qui_3,8.0,2003.0,Trucks and Buses,54.0,S32_2509,Office Supplies,Pen,Suominen Souveniers,+358 9 8045 555,"Software Engineering Center, SEC Oy",Unknown,Espoo,,FIN-02271,Finland,EMEA,Suominen,Kalle,Small,Suominen Kalle,CHEAP,GOOD,1995.0,,,
10396.0,33.0,100.0,3.0,6109.29,3/23/2005,Shipped,Qui_1,3.0,2005.0,Classic Cars,173.0,S12_3891,Furniture,Bookshelf,Mini Gifts Distributors Ltd.,4155551450,5677 Strong St.,Unknown,San Rafael,CA,97562,USA,,Nelson,Valarie,Medium,Nelson Valarie,EXPENSIVE,GOOD,1997.0,,,
10142.0,38.0,85.41,4.0,3245.58,8/8/2003,Shipped,Qui_3,8.0,2003.0,Ships,99.0,S700_3962,Technology,Smart watch,Mini Gifts Distributors Ltd.,4155551450,5677 Strong St.,Unknown,San Rafael,CA,97562,USA,,Nelson,Valarie,Medium,Nelson Valarie,EXPENSIVE,GOOD,1972.0,,,
10294.0,45.0,100.0,1.0,4692.6,9/10/2004,Shipped,Qui_3,9.0,2004.0,Ships,99.0,S700_3962,Technology,Smart watch,Online Mini Collectables,6175557555,7635 Spinnaker Dr.,Unknown,Brickhaven,MA,58339,USA,,Barajas,Miguel,Medium,Barajas Miguel,EXPENSIVE,GOOD,1992.0,,,
10225.0,21.0,100.0,6.0,2684.43,2/22/2004,Shipped,Qui_1,2.0,2004.0,Classic Cars,115.0,S12_4675,Furniture,Cabinet,"Vida Sport, Ltd",0897-034555,Grenzacherweg 237,Unknown,Gensve,,1203,Switzerland,EMEA,Holz,Michael,Small,Holz Michael,EXPENSIVE,GOOD,1973.0,,,
10367.0,27.0,100.0,5.0,4196.07,1/12/2005,Resolved,Qui_1,1.0,2005.0,Vintage Cars,127.0,S18_2325,Furniture,Table,Toys4GrownUps.com,6265557265,78934 Hillside Dr.,Unknown,Pasadena,CA,90003,USA,,Young,Julie,Medium,Young Julie,EXPENSIVE,GOOD,1973.0,,,
10210.0,42.0,70.33,15.0,2953.86,1/12/2004,Shipped,Qui_1,1.0,2004.0,Planes,74.0,S700_4002,Technology,Laptop,Osaka Souveniers Co.,+81 06 6342 5555,"Dojima Avanza 4F, 1-6-20 Dojima, Kita-ku",Unknown,Osaka,Osaka,530-0003,Japan,Japan,Kentary,Mory,Small,Kentary Mory,EXPENSIVE,GOOD,1987.0,,,
10363.0,21.0,100.0,8.0,3595.62,1/6/2005,Shipped,Qui_1,1.0,2005.0,Motorcycles,76.0,S24_2000,Office Supplies,Pen,Suominen Souveniers,+358 9 8045 555,"Software Engineering Center, SEC Oy",Unknown,Espoo,,FIN-02271,Finland,EMEA,Suominen,Kalle,Medium,Suominen Kalle,EXPENSIVE,GOOD,1995.0,,,
10173.0,22.0,100.0,3.0,2571.14,11/5/2003,Shipped,Qui_4,11.0,2003.0,Vintage Cars,97.0,S24_4258,Office Supplies,Pencil,Rovelli Gifts,035-640555,Via Ludovico il Moro 22,Unknown,Bergamo,,24100,Italy,EMEA,Rovelli,Giovanni,Small,Rovelli Giovanni,EXPENSIVE,GOOD,1966.0,,,
10302.0,23.0,72.7,3.0,1672.1,10/6/2003,Shipped,Qui_4,10.0,2003.0,Classic Cars,71.0,S18_4933,Furniture,Table,"UK Collectables, Ltd.",(171) 555-2282,Berkeley Gardens 12  Brewery,Unknown,Liverpool,,WX1 6LT,UK,EMEA,Devon,Elizabeth,Small,Devon Elizabeth,EXPENSIVE,GOOD,1976.0,,,
10103.0,42.0,100.0,4.0,5398.26,1/29/2003,Shipped,Qui_1,1.0,2003.0,Classic Cars,147.0,S10_4962,Furniture,Cabinet,Baane Mini Imports,07-98 9555,Erling Skakkes gate 78,Unknown,Stavern,,4110,Norway,EMEA,Bergulfsen,Jonas,Medium,Bergulfsen Jonas,EXPENSIVE,GOOD,1976.0,,,
10398.0,28.0,72.26,18.0,2023.28,3/30/2005,Shipped,Qui_1,3.0,2005.0,Ships,86.0,S18_3029,Furniture,Table,Reims Collectables,26.47.1555,59 rue de l'Abbaye,Unknown,Reims,,51100,France,EMEA,Henriot,Paul,Small,Henriot Paul,EXPENSIVE,GOOD,1984.0,,,
10400.0,58.0,100.0,6.0,7307.42,4/1/2005,Shipped,Qui_2,4.0,2005.0,Vintage Cars,105.0,S18_3856,Furniture,Desk,The Sharp Gifts Warehouse,4085553659,3086 Ingle Ln.,Unknown,San Jose,CA,94217,USA,,Frick,Sue,Large,Frick Sue,EXPENSIVE,EXCELLENT,1976.0,,,
10104.0,34.0,100.0,1.0,5958.5,1/31/2003,Shipped,Qui_1,1.0,2003.0,Classic Cars,151.0,S12_3148,Furniture,Desk,Euro Shopping Channel,(91) 555 94 44,"C/ Moralzarzal, 86",Unknown,Madrid,,28034,Spain,EMEA,Freyre,Diego,Medium,Freyre Diego,EXPENSIVE,GOOD,1990.0,,,
10168.0,48.0,96.0,15.0,4608.0,10/28/2003,Shipped,Qui_4,10.0,2003.0,Planes,80.0,S700_3167,Technology,Smart watch,Technics Stores Inc.,6505556809,9408 Furth Circle,Unknown,Burlingame,CA,94217,USA,,Hirano,Juri,Medium,Hirano Juri,EXPENSIVE,GOOD,1983.0,,,
10133.0,24.0,77.64,8.0,1863.36,6/27/2003,Shipped,Qui_2,6.0,2003.0,Planes,91.0,S700_1691,Technology,Smart phone,Euro Shopping Channel,(91) 555 94 44,"C/ Moralzarzal, 86",Unknown,Madrid,,28034,Spain,EMEA,Freyre,Diego,Small,Freyre Diego,EXPENSIVE,GOOD,1978.0,,,
10122.0,31.0,100.0,1.0,4100.99,5/8/2003,Shipped,Qui_2,5.0,2003.0,Classic Cars,142.0,S18_1984,Furniture,Bookshelf,Marseille Mini Autos,91.24.4555,"12, rue des Bouchers",Unknown,Marseille,,13008,France,EMEA,Lebihan,Laurence,Medium,Lebihan Laurence,EXPENSIVE,GOOD,1999.0,,,
10271.0,50.0,100.0,8.0,5093.5,7/20/2004,Shipped,Qui_3,7.0,2004.0,Trucks and Buses,122.0,S18_2319,Furniture,Chair,Mini Gifts Distributors Ltd.,4155551450,5677 Strong St.,Unknown,San Rafael,CA,97562,USA,,Nelson,Valarie,Medium,Nelson Valarie,EXPENSIVE,EXCELLENT,1966.0,,,
10284.0,24.0,83.12,6.0,1994.88,8/21/2004,Shipped,Qui_3,8.0,2004.0,Planes,91.0,S700_1691,Technology,Smart phone,"Norway Gifts By Mail, Co.",+47 2212 1555,"Drammensveien 126 A, PB 744 Sentrum",Unknown,Oslo,,N 0106,Norway,EMEA,Klaeboe,Jan,Small,Klaeboe Jan,EXPENSIVE,GOOD,1990.0,,,
10126.0,38.0,100.0,11.0,7329.06,5/28/2003,Shipped,Qui_2,5.0,2003.0,Classic Cars,214.0,S10_1949,Furniture,Desk,"Corrida Auto Replicas, Ltd",(91) 555 22 82,"C/ Araquil, 67",Unknown,Madrid,,28023,Spain,EMEA,Sommer,Mart¡n,Large,Sommer Mart¡n,EXPENSIVE,GOOD,1986.0,,,
10197.0,22.0,86.38,5.0,1900.36,11/26/2003,Shipped,Qui_4,11.0,2003.0,Vintage Cars,83.0,S24_3816,Office Supplies,Pen,Enaco Distributors,(93) 203 4555,"Rambla de Catalu¤a, 23",Unknown,Barcelona,,8022,Spain,EMEA,Saavedra,Eduardo,Small,Saavedra Eduardo,EXPENSIVE,GOOD,1984.0,,,
10142.0,43.0,84.01,9.0,3612.43,8/8/2003,Shipped,Qui_3,8.0,2003.0,Ships,86.0,S700_1938,Technology,Desktop,Mini Gifts Distributors Ltd.,4155551450,5677 Strong St.,Unknown,San Rafael,CA,97562,USA,,Nelson,Valarie,Medium,Nelson Valarie,EXPENSIVE,GOOD,1965.0,,,
10229.0,26.0,100.0,4.0,3765.32,3/11/2004,Shipped,Qui_1,3.0,2004.0,Trucks and Buses,122.0,S18_2319,Furniture,Chair,Mini Gifts Distributors Ltd.,4155551450,5677 Strong St.,Unknown,San Rafael,CA,97562,USA,,Nelson,Valarie,Medium,Nelson Valarie,EXPENSIVE,GOOD,1981.0,,,
10185.0,37.0,100.0,4.0,3891.66,11/14/2003,Shipped,Qui_4,11.0,2003.0,Ships,100.0,S700_3505,Technology,Laptop,Mini Creations Ltd.,5085559555,4575 Hillside Dr.,Unknown,New Bedford,MA,50553,USA,,Tam,Wing C,Medium,Tam WingC,EXPENSIVE,GOOD,1979.0,,,
10336.0,49.0,100.0,6.0,7460.74,11/20/2004,Shipped,Qui_4,11.0,2004.0,Classic Cars,163.0,S18_2238,Furniture,Table,"La Corne D'abondance, Co.",(1) 42.34.2555,"265, boulevard Charonne",Unknown,Paris,,75012,France,EMEA,Bertrand,Marie,Large,Bertrand Marie,EXPENSIVE,GOOD,1998.0,,,
10390.0,40.0,100.0,9.0,5491.6,3/4/2005,Shipped,Qui_1,3.0,2005.0,Classic Cars,80.0,S18_3278,Furniture,Cabinet,Mini Gifts Distributors Ltd.,4155551450,5677 Strong St.,Unknown,San Rafael,CA,97562,USA,,Nelson,Valarie,Medium,Nelson Valarie,EXPENSIVE,GOOD,1964.0,,,
10301.0,37.0,100.0,8.0,5917.78,10/5/2003,Shipped,Qui_4,10.0,2003.0,Classic Cars,141.0,S18_1129,Furniture,Table,"Norway Gifts By Mail, Co.",+47 2212 1555,"Drammensveien 126 A, PB 744 Sentrum",Unknown,Oslo,,N 0106,Norway,EMEA,Klaeboe,Jan,Medium,Klaeboe Jan,EXPENSIVE,GOOD,1974.0,,,
10337.0,25.0,48.05,8.0,1201.25,11/21/2004,Shipped,Qui_4,11.0,2004.0,Classic Cars,136.0,S10_4757,Furniture,Desk,Classic Legends Inc.,2125558493,5905 Pompton St.,Suite 750,NYC,NY,10022,USA,,Hernandez,Maria,Small,Hernandez Maria,CHEAP,GOOD,1969.0,,,
10131.0,29.0,59.18,6.0,1716.22,6/16/2003,Shipped,Qui_2,6.0,2003.0,Vintage Cars,65.0,S24_3420,Office Supplies,Lamp,Gift Ideas Corp.,2035554407,2440 Pompton St.,Unknown,Glendale,CT,97561,USA,,Lewis,Dan,Small,Lewis Dan,CHEAP,GOOD,1968.0,,,
10120.0,34.0,83.79,5.0,2848.86,4/29/2003,Shipped,Qui_2,4.0,2003.0,Motorcycles,76.0,S24_2000,Office Supplies,Pen,"Australian Collectors, Co.",03 9520 4555,636 St Kilda Road,Level 3,Melbourne,Victoria,3004,Australia,APAC,Ferguson,Peter,Small,Ferguson Peter,EXPENSIVE,GOOD,1981.0,,,
10167.0,43.0,100.0,1.0,5763.72,10/23/2003,Cancelled,Qui_4,10.0,2003.0,Planes,157.0,S18_1662,Furniture,Cabinet,Scandinavian Gift Ideas,0695-34 6555,?kergatan 24,Unknown,Boras,,S-844 67,Sweden,EMEA,Larsson,Maria,Medium,Larsson Maria,EXPENSIVE,GOOD,1996.0,,,
10401.0,52.0,81.14,4.0,4219.28,4/3/2005,On Hold,Qui_2,4.0,2005.0,Planes,72.0,S24_4278,Office Supplies,Eraser,Tekni Collectables Inc.,2015559350,7476 Moss Rd.,Unknown,Newark,NJ,94019,USA,,Brown,William,Medium,Brown William,EXPENSIVE,EXCELLENT,1990.0,,,
10153.0,29.0,88.74,9.0,2573.46,9/28/2003,Shipped,Qui_3,9.0,2003.0,Trains,100.0,S18_3259,Furniture,Desk,Euro Shopping Channel,(91) 555 94 44,"C/ Moralzarzal, 86",Unknown,Madrid,,28034,Spain,EMEA,Freyre,Diego,Small,Freyre Diego,EXPENSIVE,GOOD,1971.0,,,
10342.0,22.0,100.0,3.0,3160.74,11/24/2004,Shipped,Qui_4,11.0,2004.0,Classic Cars,142.0,S18_1984,Furniture,Bookshelf,"Australian Collectors, Co.",03 9520 4555,636 St Kilda Road,Level 3,Melbourne,Victoria,3004,Australia,APAC,Ferguson,Peter,Medium,Ferguson Peter,EXPENSIVE,GOOD,1987.0,,,
10287.0,40.0,100.0,14.0,6761.6,8/30/2004,Shipped,Qui_3,8.0,2004.0,Classic Cars,146.0,S18_3482,Furniture,Bookshelf,"Vida Sport, Ltd",0897-034555,Grenzacherweg 237,Unknown,Gensve,,1203,Switzerland,EMEA,Holz,Michael,Medium,Holz Michael,EXPENSIVE,GOOD,1968.0,,,
10209.0,22.0,89.73,7.0,1974.06,1/9/2004,Shipped,Qui_1,1.0,2004.0,Vintage Cars,83.0,S24_3816,Office Supplies,Pen,"Men 'R' US Retailers, Ltd.",2155554369,6047 Douglas Av.,Unknown,Los Angeles,CA,,USA,,Chandler,Michael,Small,Chandler Michael,EXPENSIVE,GOOD,1969.0,,,
10398.0,45.0,100.0,17.0,4811.85,3/30/2005,Shipped,Qui_1,3.0,2005.0,Vintage Cars,105.0,S18_3856,Furniture,Desk,Reims Collectables,26.47.1555,59 rue de l'Abbaye,Unknown,Reims,,51100,France,EMEA,Henriot,Paul,Medium,Henriot Paul,EXPENSIVE,GOOD,1966.0,,,
10184.0,45.0,100.0,4.0,4948.2,11/14/2003,Shipped,Qui_4,11.0,2003.0,Trucks and Buses,115.0,S50_1392,Accessories,Adapter,"Iberia Gift Imports, Corp.",(95) 555 82 82,"C/ Romero, 33",Unknown,Sevilla,,41101,Spain,EMEA,Roel,Jose Pedro,Medium,Roel JosePedro,EXPENSIVE,GOOD,1991.0,,,
10148.0,27.0,100.0,7.0,3469.5,9/11/2003,Shipped,Qui_3,9.0,2003.0,Classic Cars,107.0,S24_3432,Office Supplies,Lamp,"Anna's Decorations, Ltd",02 9936 8555,201 Miller Street,Level 15,North Sydney,NSW,2060,Australia,APAC,O'Hara,Anna,Medium,O'Hara Anna,EXPENSIVE,GOOD,1981.0,,,
10280.0,22.0,100.0,10.0,4455.0,8/17/2004,Shipped,Qui_3,8.0,2004.0,Vintage Cars,168.0,S18_2795,Furniture,Bookshelf,Amica Models & Co.,011-4988555,Via Monte Bianco 34,Unknown,Torino,,10100,Italy,EMEA,Accorti,Paolo,Medium,Accorti Paolo,EXPENSIVE,GOOD,1993.0,,,
10375.0,44.0,82.26,4.0,3619.44,2/3/2005,Shipped,Qui_1,2.0,2005.0,Vintage Cars,68.0,S32_4289,Office Supplies,Ruler,La Rochelle Gifts,40.67.8555,"67, rue des Cinquante Otages",Unknown,Nantes,,44000,France,EMEA,Labrune,Janine,Medium,Labrune Janine,EXPENSIVE,GOOD,1961.0,,,
10274.0,40.0,65.08,2.0,2603.2,7/21/2004,Shipped,Qui_3,7.0,2004.0,Planes,68.0,S24_2841,Office Supplies,Pencil,Collectables For Less Inc.,6175558555,7825 Douglas Av.,Unknown,Brickhaven,MA,58339,USA,,Nelson,Allen,Small,Nelson Allen,EXPENSIVE,GOOD,1981.0,,,
10272.0,45.0,64.63,6.0,2908.35,7/20/2004,Shipped,Qui_3,7.0,2004.0,Trains,62.0,S32_3207,Office Supplies,Pen,Diecast Classics Inc.,2155551555,7586 Pompton St.,Unknown,Allentown,PA,70267,USA,,Yu,Kyung,Small,Yu Kyung,CHEAP,GOOD,1963.0,,,
10182.0,32.0,54.45,2.0,1742.4,11/12/2003,Shipped,Qui_4,11.0,2003.0,Vintage Cars,53.0,S18_1367,Furniture,Cabinet,Mini Gifts Distributors Ltd.,4155551450,5677 Strong St.,Unknown,San Rafael,CA,97562,USA,,Nelson,Valarie,Small,Nelson Valarie,CHEAP,GOOD,1964.0,,,
10287.0,44.0,82.39,8.0,3625.16,8/30/2004,Shipped,Qui_3,8.0,2004.0,Classic Cars,77.0,S18_1889,Furniture,Bookshelf,"Vida Sport, Ltd",0897-034555,Grenzacherweg 237,Unknown,Gensve,,1203,Switzerland,EMEA,Holz,Michael,Medium,Holz Michael,EXPENSIVE,GOOD,1969.0,,,
10197.0,27.0,92.16,10.0,2488.32,11/26/2003,Shipped,Qui_4,11.0,2003.0,Ships,100.0,S700_3505,Technology,Laptop,Enaco Distributors,(93) 203 4555,"Rambla de Catalu¤a, 23",Unknown,Barcelona,,8022,Spain,EMEA,Saavedra,Eduardo,Small,Saavedra Eduardo,EXPENSIVE,GOOD,1995.0,,,
10244.0,39.0,45.25,9.0,1764.75,4/29/2004,Shipped,Qui_2,4.0,2004.0,Vintage Cars,44.0,S24_2022,Office Supplies,Lamp,Euro Shopping Channel,(91) 555 94 44,"C/ Moralzarzal, 86",Unknown,Madrid,,28034,Spain,EMEA,Freyre,Diego,Small,Freyre Diego,CHEAP,GOOD,1972.0,,,
10326.0,41.0,100.0,4.0,4333.29,11/9/2004,Shipped,Qui_4,11.0,2004.0,Ships,122.0,S24_2011,Office Supplies,Pen,"Volvo Model Replicas, Co",0921-12 3555,Berguvsv„gen  8,Unknown,Lule,,S-958 22,Sweden,EMEA,Berglund,Christina,Medium,Berglund Christina,EXPENSIVE,GOOD,1963.0,,,
10292.0,27.0,100.0,4.0,3832.38,9/8/2004,Shipped,Qui_3,9.0,2004.0,Classic Cars,118.0,S24_4048,Office Supplies,Pencil,Land of Toys Inc.,2125557818,897 Long Airport Avenue,Unknown,NYC,NY,10022,USA,,Yu,Kwai,Medium,Yu Kwai,EXPENSIVE,GOOD,1975.0,,,
10181.0,36.0,100.0,11.0,4477.32,11/12/2003,Shipped,Qui_4,11.0,2003.0,Classic Cars,115.0,S12_4675,Furniture,Cabinet,Herkku Gifts,+47 2267 3215,"Drammen 121, PR 744 Sentrum",Unknown,Bergen,,N 5804,Norway,EMEA,Oeztan,Veysel,Medium,Oeztan Veysel,EXPENSIVE,GOOD,1995.0,,,
10324.0,27.0,54.33,1.0,1466.91,11/5/2004,Shipped,Qui_4,11.0,2004.0,Classic Cars,151.0,S12_3148,Furniture,Desk,Vitachrome Inc.,2125551500,2678 Kingston Rd.,Suite 101,NYC,NY,10022,USA,,Frick,Michael,Small,Frick Michael,CHEAP,GOOD,1984.0,,,
10212.0,38.0,100.0,6.0,4492.36,1/16/2004,Shipped,Qui_1,1.0,2004.0,Classic Cars,124.0,S18_1589,Furniture,Bookshelf,Euro Shopping Channel,(91) 555 94 44,"C/ Moralzarzal, 86",Unknown,Madrid,,28034,Spain,EMEA,Freyre,Diego,Medium,Freyre Diego,EXPENSIVE,GOOD,1970.0,,,
10165.0,44.0,100.0,3.0,8594.52,10/22/2003,Shipped,Qui_4,10.0,2003.0,Classic Cars,207.0,S12_1108,Furniture,Chair,"Dragon Souveniers, Ltd.",+65 221 7555,"Bronz Sok., Bronz Apt. 3/6 Tesvikiye",Unknown,Singapore,,79903,Singapore,Japan,Natividad,Eric,Large,Natividad Eric,EXPENSIVE,GOOD,1989.0,,,
10246.0,44.0,52.6,2.0,2314.4,5/5/2004,Shipped,Qui_2,5.0,2004.0,Classic Cars,57.0,S24_1444,Office Supplies,Pencil,Euro Shopping Channel,(91) 555 94 44,"C/ Moralzarzal, 86",Unknown,Madrid,,28034,Spain,EMEA,Freyre,Diego,Small,Freyre Diego,CHEAP,GOOD,1977.0,,,
10142.0,49.0,98.25,1.0,4814.25,8/8/2003,Shipped,Qui_3,8.0,2003.0,Vintage Cars,88.0,S24_3151,Office Supplies,Pencil,Mini Gifts Distributors Ltd.,4155551450,5677 Strong St.,Unknown,San Rafael,CA,97562,USA,,Nelson,Valarie,Medium,Nelson Valarie,EXPENSIVE,GOOD,1997.0,,,
10363.0,46.0,88.45,6.0,4068.7,1/6/2005,Shipped,Qui_1,1.0,2005.0,Classic Cars,115.0,S12_4675,Furniture,Cabinet,Suominen Souveniers,+358 9 8045 555,"Software Engineering Center, SEC Oy",Unknown,Espoo,,FIN-02271,Finland,EMEA,Suominen,Kalle,Medium,Suominen Kalle,EXPENSIVE,GOOD,1988.0,,,
10266.0,28.0,48.3,1.0,1352.4,7/6/2004,Shipped,Qui_3,7.0,2004.0,Classic Cars,50.0,S24_1628,Office Supplies,Lamp,L'ordine Souveniers,0522-556555,Strada Provinciale 124,Unknown,Reggio Emilia,,42100,Italy,EMEA,Moroni,Maurizio,Small,Moroni Maurizio,CHEAP,GOOD,1961.0,,,
10207.0,25.0,100.0,11.0,3937.25,12/9/2003,Shipped,Qui_4,12.0,2003.0,Classic Cars,169.0,S18_3232,Furniture,Table,Diecast Collectables,6175552555,6251 Ingle Ln.,Unknown,Boston,MA,51003,USA,,Franco,Valarie,Medium,Franco Valarie,EXPENSIVE,GOOD,1997.0,,,
10224.0,30.0,100.0,5.0,3336.9,2/21/2004,Shipped,Qui_1,2.0,2004.0,Motorcycles,102.0,S32_4485,Office Supplies,Ruler,Daedalus Designs Imports,20.16.1555,"184, chausse de Tournai",Unknown,Lille,,59000,France,EMEA,Rance,Martine,Medium,Rance Martine,EXPENSIVE,GOOD,1963.0,,,
10155.0,20.0,100.0,2.0,2353.4,10/6/2003,Shipped,Qui_4,10.0,2003.0,Planes,99.0,S700_2466,Technology,Smart watch,"Toys of Finland, Co.",90-224 8555,Keskuskatu 45,Unknown,Helsinki,,21240,Finland,EMEA,Karttunen,Matti,Small,Karttunen Matti,EXPENSIVE,GOOD,1979.0,,,
10127.0,45.0,100.0,10.0,7146.9,6/3/2003,Shipped,Qui_2,6.0,2003.0,Classic Cars,163.0,S18_2238,Furniture,Table,Muscle Machine Inc,2125557413,4092 Furth Circle,Suite 400,NYC,NY,10022,USA,,Young,Jeff,Large,Young Jeff,EXPENSIVE,GOOD,1961.0,,,
10376.0,35.0,100.0,1.0,3987.2,2/8/2005,Shipped,Qui_1,2.0,2005.0,Classic Cars,117.0,S12_3380,Furniture,Bookshelf,Boards & Toys Co.,3105552373,4097 Douglas Av.,Unknown,Glendale,CA,92561,USA,,Young,Leslie,Medium,Young Leslie,EXPENSIVE,GOOD,1963.0,,,
10145.0,20.0,100.0,13.0,2752.6,8/25/2003,Shipped,Qui_3,8.0,2003.0,Planes,118.0,S700_2834,Technology,Desktop,Toys4GrownUps.com,6265557265,78934 Hillside Dr.,Unknown,Pasadena,CA,90003,USA,,Young,Julie,Small,Young Julie,EXPENSIVE,GOOD,1978.0,,,
10167.0,44.0,100.0,9.0,5924.16,10/23/2003,Cancelled,Qui_4,10.0,2003.0,Classic Cars,136.0,S10_4757,Furniture,Desk,Scandinavian Gift Ideas,0695-34 6555,?kergatan 24,Unknown,Boras,,S-844 67,Sweden,EMEA,Larsson,Maria,Medium,Larsson Maria,EXPENSIVE,GOOD,1962.0,,,
10185.0,47.0,77.24,8.0,3630.28,11/14/2003,Shipped,Qui_4,11.0,2003.0,Vintage Cars,87.0,S18_4522,Furniture,Table,Mini Creations Ltd.,5085559555,4575 Hillside Dr.,Unknown,New Bedford,MA,50553,USA,,Tam,Wing C,Medium,Tam WingC,EXPENSIVE,GOOD,1974.0,,,
10332.0,26.0,100.0,17.0,2979.08,11/17/2004,Shipped,Qui_4,11.0,2004.0,Vintage Cars,62.0,S18_2957,Furniture,Desk,"AV Stores, Co.",(171) 555-1555,Fauntleroy Circus,Unknown,Manchester,,EC2 5NT,UK,EMEA,Ashworth,Victoria,Small,Ashworth Victoria,EXPENSIVE,GOOD,1977.0,,,
10110.0,28.0,89.27,8.0,2499.56,3/18/2003,Shipped,Qui_1,3.0,2003.0,Vintage Cars,92.0,S18_4409,Furniture,Chair,"AV Stores, Co.",(171) 555-1555,Fauntleroy Circus,Unknown,Manchester,,EC2 5NT,UK,EMEA,Ashworth,Victoria,Small,Ashworth Victoria,EXPENSIVE,GOOD,1967.0,,,
10332.0,46.0,95.13,15.0,4375.98,11/17/2004,Shipped,Qui_4,11.0,2004.0,Vintage Cars,102.0,S18_1342,Furniture,Desk,"AV Stores, Co.",(171) 555-1555,Fauntleroy Circus,Unknown,Manchester,,EC2 5NT,UK,EMEA,Ashworth,Victoria,Medium,Ashworth Victoria,EXPENSIVE,GOOD,1998.0,,,
10310.0,33.0,100.0,10.0,6934.62,10/16/2004,Shipped,Qui_4,10.0,2004.0,Classic Cars,194.0,S12_1099,Furniture,Bookshelf,"Toms Spezialitten, Ltd",0221-5554327,Mehrheimerstr. 369,Unknown,Koln,,50739,Germany,EMEA,Pfalzheim,Henriette,Medium,Pfalzheim Henriette,EXPENSIVE,GOOD,1973.0,,,
10414.0,41.0,100.0,12.0,4872.03,5/6/2005,On Hold,Qui_2,5.0,2005.0,Vintage Cars,136.0,S18_3140,Furniture,Desk,Gifts4AllAges.com,6175559555,8616 Spinnaker Dr.,Unknown,Boston,MA,51003,USA,,Yoshido,Juri,Medium,Yoshido Juri,EXPENSIVE,GOOD,1980.0,,,
10283.0,21.0,98.06,4.0,2059.26,8/20/2004,Shipped,Qui_3,8.0,2004.0,Ships,86.0,S18_3029,Furniture,Table,"Royal Canadian Collectables, Ltd.",(604) 555-4555,23 Tsawassen Blvd.,Unknown,Tsawassen,BC,T2F 8M4,Canada,,Lincoln,Elizabeth,Small,Lincoln Elizabeth,EXPENSIVE,GOOD,1996.0,,,
10120.0,43.0,76.0,14.0,3268.0,4/29/2003,Shipped,Qui_2,4.0,2003.0,Planes,80.0,S700_3167,Technology,Smart watch,"Australian Collectors, Co.",03 9520 4555,636 St Kilda Road,Level 3,Melbourne,Victoria,3004,Australia,APAC,Ferguson,Peter,Medium,Ferguson Peter,EXPENSIVE,GOOD,1980.0,,,
10414.0,23.0,100.0,10.0,3335.23,5/6/2005,On Hold,Qui_2,5.0,2005.0,Ships,122.0,S24_2011,Office Supplies,Pen,Gifts4AllAges.com,6175559555,8616 Spinnaker Dr.,Unknown,Boston,MA,51003,USA,,Yoshido,Juri,Medium,Yoshido Juri,EXPENSIVE,GOOD,1969.0,,,
10165.0,47.0,100.0,16.0,8754.69,10/22/2003,Shipped,Qui_4,10.0,2003.0,Classic Cars,169.0,S18_3232,Furniture,Table,"Dragon Souveniers, Ltd.",+65 221 7555,"Bronz Sok., Bronz Apt. 3/6 Tesvikiye",Unknown,Singapore,,79903,Singapore,Japan,Natividad,Eric,Large,Natividad Eric,EXPENSIVE,GOOD,1964.0,,,
10348.0,47.0,100.0,4.0,4801.52,11/1/2004,Shipped,Qui_4,11.0,2004.0,Classic Cars,151.0,S12_3148,Furniture,Desk,"Corrida Auto Replicas, Ltd",(91) 555 22 82,"C/ Araquil, 67",Unknown,Madrid,,28023,Spain,EMEA,Sommer,Mart¡n,Medium,Sommer Mart¡n,EXPENSIVE,GOOD,1998.0,,,
10185.0,28.0,100.0,9.0,3442.04,11/14/2003,Shipped,Qui_4,11.0,2003.0,Vintage Cars,136.0,S18_3140,Furniture,Desk,Mini Creations Ltd.,5085559555,4575 Hillside Dr.,Unknown,New Bedford,MA,50553,USA,,Tam,Wing C,Medium,Tam WingC,EXPENSIVE,GOOD,1967.0,,,
10126.0,27.0,100.0,1.0,3415.77,5/28/2003,Shipped,Qui_2,5.0,2003.0,Trucks and Buses,127.0,S24_2300,Office Supplies,Pen,"Corrida Auto Replicas, Ltd",(91) 555 22 82,"C/ Araquil, 67",Unknown,Madrid,,28023,Spain,EMEA,Sommer,Mart¡n,Medium,Sommer Mart¡n,EXPENSIVE,GOOD,1995.0,,,
10287.0,40.0,88.12,16.0,3524.8,8/30/2004,Shipped,Qui_3,8.0,2004.0,Classic Cars,80.0,S24_4620,Office Supplies,Lamp,"Vida Sport, Ltd",0897-034555,Grenzacherweg 237,Unknown,Gensve,,1203,Switzerland,EMEA,Holz,Michael,Medium,Holz Michael,EXPENSIVE,GOOD,1990.0,,,
10143.0,28.0,96.0,3.0,2688.0,8/10/2003,Shipped,Qui_3,8.0,2003.0,Planes,80.0,S700_3167,Technology,Smart watch,Mini Creations Ltd.,5085559555,4575 Hillside Dr.,Unknown,New Bedford,MA,50553,USA,,Tam,Wing C,Small,Tam WingC,EXPENSIVE,GOOD,1967.0,,,
10283.0,45.0,78.67,9.0,3540.15,8/20/2004,Shipped,Qui_3,8.0,2004.0,Ships,66.0,S700_1138,Technology,Desktop,"Royal Canadian Collectables, Ltd.",(604) 555-4555,23 Tsawassen Blvd.,Unknown,Tsawassen,BC,T2F 8M4,Canada,,Lincoln,Elizabeth,Medium,Lincoln Elizabeth,EXPENSIVE,GOOD,1961.0,,,
10180.0,21.0,50.36,3.0,1057.56,11/11/2003,Shipped,Qui_4,11.0,2003.0,Motorcycles,62.0,S18_3782,Furniture,Bookshelf,Daedalus Designs Imports,20.16.1555,"184, chausse de Tournai",Unknown,Lille,,59000,France,EMEA,Rance,Martine,Small,Rance Martine,CHEAP,GOOD,1994.0,,,
10103.0,22.0,54.09,2.0,1189.98,1/29/2003,Shipped,Qui_1,1.0,2003.0,Trucks and Buses,60.0,S18_2432,Furniture,Table,Baane Mini Imports,07-98 9555,Erling Skakkes gate 78,Unknown,Stavern,,4110,Norway,EMEA,Bergulfsen,Jonas,Small,Bergulfsen Jonas,CHEAP,GOOD,1966.0,,,
10258.0,41.0,100.0,3.0,6668.24,6/15/2004,Shipped,Qui_2,6.0,2004.0,Trucks and Buses,136.0,S12_1666,Furniture,Cabinet,"Tokyo Collectables, Ltd",+81 3 3584 0555,2-2-8 Roppongi,Unknown,Minato-ku,Tokyo,106-0032,Japan,Japan,Shimamura,Akiko,Medium,Shimamura Akiko,EXPENSIVE,GOOD,1967.0,,,
10228.0,24.0,100.0,3.0,2504.4,3/10/2004,Shipped,Qui_1,3.0,2004.0,Vintage Cars,101.0,S18_2949,Furniture,Desk,Cambridge Collectables Co.,6175555555,4658 Baden Av.,Unknown,Cambridge,MA,51247,USA,,Tseng,Kyung,Small,Tseng Kyung,EXPENSIVE,GOOD,1966.0,,,
10378.0,40.0,82.46,1.0,3298.4,2/10/2005,Shipped,Qui_1,2.0,2005.0,Motorcycles,40.0,S32_2206,Office Supplies,Pen,Euro Shopping Channel,(91) 555 94 44,"C/ Moralzarzal, 86",Unknown,Madrid,,28034,Spain,EMEA,Freyre,Diego,Medium,Freyre Diego,EXPENSIVE,GOOD,1981.0,,,
10140.0,36.0,100.0,6.0,4114.8,7/24/2003,Shipped,Qui_3,7.0,2003.0,Classic Cars,101.0,S700_2824,Technology,Desktop,Technics Stores Inc.,6505556809,9408 Furth Circle,Unknown,Burlingame,CA,94217,USA,,Hirano,Juri,Medium,Hirano Juri,EXPENSIVE,GOOD,1993.0,,,
10103.0,36.0,100.0,5.0,4228.2,1/29/2003,Shipped,Qui_1,1.0,2003.0,Trucks and Buses,121.0,S18_4600,Furniture,Chair,Baane Mini Imports,07-98 9555,Erling Skakkes gate 78,Unknown,Stavern,,4110,Norway,EMEA,Bergulfsen,Jonas,Medium,Bergulfsen Jonas,EXPENSIVE,GOOD,1982.0,,,
10337.0,21.0,100.0,6.0,2296.77,11/21/2004,Shipped,Qui_4,11.0,2004.0,Trains,58.0,S50_1514,Accessories,Headphone,Classic Legends Inc.,2125558493,5905 Pompton St.,Suite 750,NYC,NY,10022,USA,,Hernandez,Maria,Small,Hernandez Maria,EXPENSIVE,GOOD,1986.0,,,
10139.0,20.0,90.06,2.0,1801.2,7/16/2003,Shipped,Qui_3,7.0,2003.0,Vintage Cars,104.0,S18_3136,Furniture,Table,Souveniers And Things Co.,+61 2 9495 8555,"Monitor Money Building, 815 Pacific Hwy",Level 6,Chatswood,NSW,2067,Australia,APAC,Huxley,Adrian,Small,Huxley Adrian,EXPENSIVE,GOOD,2000.0,,,
10148.0,34.0,100.0,3.0,4392.12,9/11/2003,Shipped,Qui_3,9.0,2003.0,Classic Cars,117.0,S24_2887,Office Supplies,Ruler,"Anna's Decorations, Ltd",02 9936 8555,201 Miller Street,Level 15,North Sydney,NSW,2060,Australia,APAC,O'Hara,Anna,Medium,O'Hara Anna,EXPENSIVE,GOOD,2000.0,,,
10162.0,37.0,38.98,7.0,1442.26,10/18/2003,Shipped,Qui_4,10.0,2003.0,Vintage Cars,41.0,S24_3969,Office Supplies,Eraser,Corporate Gift Ideas Co.,6505551386,7734 Strong St.,Unknown,San Francisco,CA,,USA,,Brown,Julie,Small,Brown Julie,CHEAP,GOOD,1986.0,,,
10335.0,44.0,100.0,1.0,4746.28,11/19/2004,Shipped,Qui_4,11.0,2004.0,Trucks and Buses,96.0,S32_1268,Office Supplies,Eraser,Mini Gifts Distributors Ltd.,4155551450,5677 Strong St.,Unknown,San Rafael,CA,97562,USA,,Nelson,Valarie,Medium,Nelson Valarie,EXPENSIVE,GOOD,1993.0,,,
10323.0,47.0,100.0,1.0,6203.06,11/5/2004,Shipped,Qui_4,11.0,2004.0,Trucks and Buses,121.0,S18_4600,Furniture,Chair,"Blauer See Auto, Co.",+49 69 66 90 2555,Lyonerstr. 34,Unknown,Frankfurt,,60528,Germany,EMEA,Keitel,Roland,Medium,Keitel Roland,EXPENSIVE,GOOD,1969.0,,,
10305.0,40.0,57.9,7.0,2316.0,10/13/2004,Shipped,Qui_4,10.0,2004.0,Trucks and Buses,54.0,S32_2509,Office Supplies,Pen,Marta's Replicas Co.,6175558555,39323 Spinnaker Dr.,Unknown,Cambridge,MA,51247,USA,,Hernandez,Marta,Small,Hernandez Marta,CHEAP,GOOD,1968.0,,,
10259.0,46.0,100.0,4.0,6541.2,6/15/2004,Shipped,Qui_2,6.0,2004.0,Trucks and Buses,118.0,S12_4473,Furniture,Cabinet,Handji Gifts& Co,+65 224 1555,Village Close - 106 Linden Road Sandown,2nd Floor,Singapore,,69045,Singapore,APAC,Victorino,Wendy,Medium,Victorino Wendy,EXPENSIVE,GOOD,1971.0,,,
10210.0,31.0,100.0,17.0,5719.5,1/12/2004,Shipped,Qui_1,1.0,2004.0,Planes,157.0,S18_1662,Furniture,Cabinet,Osaka Souveniers Co.,+81 06 6342 5555,"Dojima Avanza 4F, 1-6-20 Dojima, Kita-ku",Unknown,Osaka,Osaka,530-0003,Japan,Japan,Kentary,Mory,Medium,Kentary Mory,EXPENSIVE,GOOD,1970.0,,,
10141.0,21.0,42.43,6.0,891.03,8/1/2003,Shipped,Qui_3,8.0,2003.0,Classic Cars,35.0,S24_2840,Office Supplies,Pencil,Suominen Souveniers,+358 9 8045 555,"Software Engineering Center, SEC Oy",Unknown,Espoo,,FIN-02271,Finland,EMEA,Suominen,Kalle,Small,Suominen Kalle,CHEAP,GOOD,1996.0,,,
10108.0,27.0,43.45,13.0,1173.15,3/3/2003,Shipped,Qui_1,3.0,2003.0,Motorcycles,40.0,S32_2206,Office Supplies,Pen,Cruz & Sons Co.,+63 2 555 3587,15 McCallum Street - NatWest Center #13-03,Unknown,Makati City,,1227 MM,Philippines,Japan,Cruz,Arnold,Small,Cruz Arnold,CHEAP,GOOD,1980.0,,,
10173.0,31.0,31.53,9.0,977.43,11/5/2003,Shipped,Qui_4,11.0,2003.0,Vintage Cars,33.0,S24_1937,Office Supplies,Lamp,Rovelli Gifts,035-640555,Via Ludovico il Moro 22,Unknown,Bergamo,,24100,Italy,EMEA,Rovelli,Giovanni,Small,Rovelli Giovanni,CHEAP,GOOD,1964.0,,,
10161.0,20.0,100.0,3.0,2144.6,10/17/2003,Shipped,Qui_4,10.0,2003.0,Classic Cars,90.0,S24_2766,Office Supplies,Eraser,Heintze Collectables,86 21 3555,Smagsloget 45,Unknown,Aaarhus,,8200,Denmark,EMEA,Ibsen,Palle,Small,Ibsen Palle,EXPENSIVE,GOOD,1989.0,,,
10105.0,22.0,100.0,7.0,2556.18,2/11/2003,Shipped,Qui_1,2.0,2003.0,Ships,99.0,S700_3962,Technology,Smart watch,Danish Wholesale Imports,31 12 3555,Vinb'ltet 34,Unknown,Kobenhavn,,1734,Denmark,EMEA,Petersen,Jytte,Small,Petersen Jytte,EXPENSIVE,GOOD,1995.0,,,
10398.0,28.0,57.55,3.0,1611.4,3/30/2005,Shipped,Qui_1,3.0,2005.0,Planes,68.0,S24_2841,Office Supplies,Pencil,Reims Collectables,26.47.1555,59 rue de l'Abbaye,Unknown,Reims,,51100,France,EMEA,Henriot,Paul,Small,Henriot Paul,CHEAP,GOOD,2000.0,,,
10185.0,21.0,100.0,13.0,3883.74,11/14/2003,Shipped,Qui_4,11.0,2003.0,Classic Cars,207.0,S12_1108,Furniture,Chair,Mini Creations Ltd.,5085559555,4575 Hillside Dr.,Unknown,New Bedford,MA,50553,USA,,Tam,Wing C,Medium,Tam WingC,EXPENSIVE,GOOD,1962.0,,,
10371.0,25.0,97.27,12.0,2431.75,1/23/2005,Shipped,Qui_1,1.0,2005.0,Classic Cars,57.0,S24_1444,Office Supplies,Pencil,Mini Gifts Distributors Ltd.,4155551450,5677 Strong St.,Unknown,San Rafael,CA,97562,USA,,Nelson,Valarie,Small,Nelson Valarie,EXPENSIVE,GOOD,1976.0,,,
10155.0,32.0,91.43,9.0,2925.76,10/6/2003,Shipped,Qui_4,10.0,2003.0,Ships,90.0,S700_2047,Technology,Tablet,"Toys of Finland, Co.",90-224 8555,Keskuskatu 45,Unknown,Helsinki,,21240,Finland,EMEA,Karttunen,Matti,Small,Karttunen Matti,EXPENSIVE,GOOD,1982.0,,,
10225.0,42.0,36.63,3.0,1538.46,2/22/2004,Shipped,Qui_1,2.0,2004.0,Classic Cars,37.0,S24_2972,Office Supplies,Eraser,"Vida Sport, Ltd",0897-034555,Grenzacherweg 237,Unknown,Gensve,,1203,Switzerland,EMEA,Holz,Michael,Small,Holz Michael,CHEAP,GOOD,1966.0,,,
10403.0,24.0,100.0,7.0,2434.56,4/8/2005,Shipped,Qui_2,4.0,2005.0,Motorcycles,95.0,S10_1678,Furniture,Cabinet,"UK Collectables, Ltd.",(171) 555-2282,Berkeley Gardens 12  Brewery,Unknown,Liverpool,,WX1 6LT,UK,EMEA,Devon,Elizabeth,Small,Devon Elizabeth,EXPENSIVE,GOOD,1971.0,,,
10283.0,34.0,100.0,14.0,3580.88,8/20/2004,Shipped,Qui_3,8.0,2004.0,Vintage Cars,87.0,S18_4522,Furniture,Table,"Royal Canadian Collectables, Ltd.",(604) 555-4555,23 Tsawassen Blvd.,Unknown,Tsawassen,BC,T2F 8M4,Canada,,Lincoln,Elizabeth,Medium,Lincoln Elizabeth,EXPENSIVE,GOOD,1992.0,,,
10220.0,26.0,56.07,8.0,1457.82,2/12/2004,Shipped,Qui_1,2.0,2004.0,Classic Cars,57.0,S24_1444,Office Supplies,Pencil,"Clover Collections, Co.",+353 1862 1555,25 Maiden Lane,Floor No. 4,Dublin,,2,Ireland,EMEA,Cassidy,Dean,Small,Cassidy Dean,CHEAP,GOOD,1974.0,,,
10293.0,49.0,100.0,3.0,4946.06,9/9/2004,Shipped,Qui_3,9.0,2004.0,Vintage Cars,87.0,S18_4522,Furniture,Table,Amica Models & Co.,011-4988555,Via Monte Bianco 34,Unknown,Torino,,10100,Italy,EMEA,Accorti,Paolo,Medium,Accorti Paolo,EXPENSIVE,GOOD,1994.0,,,
10355.0,25.0,100.0,2.0,4203.5,12/7/2004,Shipped,Qui_4,12.0,2004.0,Classic Cars,148.0,S18_4721,Furniture,Table,Euro Shopping Channel,(91) 555 94 44,"C/ Moralzarzal, 86",Unknown,Madrid,,28034,Spain,EMEA,Freyre,Diego,Medium,Freyre Diego,EXPENSIVE,GOOD,1989.0,,,
10229.0,48.0,100.0,6.0,5704.32,3/11/2004,Shipped,Qui_1,3.0,2004.0,Trucks and Buses,127.0,S24_2300,Office Supplies,Pen,Mini Gifts Distributors Ltd.,4155551450,5677 Strong St.,Unknown,San Rafael,CA,97562,USA,,Nelson,Valarie,Medium,Nelson Valarie,EXPENSIVE,GOOD,1996.0,,,
10333.0,33.0,73.69,4.0,2431.77,11/18/2004,Shipped,Qui_4,11.0,2004.0,Trucks and Buses,64.0,S32_3522,Office Supplies,Lamp,Mini Wheels Co.,6505555787,5557 North Pendale Street,Unknown,San Francisco,CA,,USA,,Murphy,Julie,Small,Murphy Julie,EXPENSIVE,GOOD,1981.0,,,
10423.0,21.0,84.82,2.0,1781.22,5/30/2005,In Process,Qui_2,5.0,2005.0,Vintage Cars,104.0,S18_3136,Furniture,Table,Petit Auto,(02) 5554 67,Rue Joseph-Bens 532,Unknown,Bruxelles,,B-1180,Belgium,EMEA,Dewey,Catherine,Small,Dewey Catherine,EXPENSIVE,GOOD,1969.0,,,
10333.0,29.0,40.25,7.0,1167.25,11/18/2004,Shipped,Qui_4,11.0,2004.0,Trucks and Buses,116.0,S18_1097,Furniture,Bookshelf,Mini Wheels Co.,6505555787,5557 North Pendale Street,Unknown,San Francisco,CA,,USA,,Murphy,Julie,Small,Murphy Julie,CHEAP,GOOD,1970.0,,,
10145.0,37.0,100.0,9.0,5192.95,8/25/2003,Shipped,Qui_3,8.0,2003.0,Motorcycles,118.0,S10_2016,Furniture,Chair,Toys4GrownUps.com,6265557265,78934 Hillside Dr.,Unknown,Pasadena,CA,90003,USA,,Young,Julie,Medium,Young Julie,EXPENSIVE,GOOD,1990.0,,,
10347.0,26.0,100.0,12.0,2656.94,11/29/2004,Shipped,Qui_4,11.0,2004.0,Vintage Cars,99.0,S18_3320,Furniture,Table,"Australian Collectors, Co.",03 9520 4555,636 St Kilda Road,Level 3,Melbourne,Victoria,3004,Australia,APAC,Ferguson,Peter,Small,Ferguson Peter,EXPENSIVE,GOOD,1994.0,,,
10391.0,33.0,100.0,8.0,8344.71,3/9/2005,Shipped,Qui_1,3.0,2005.0,Vintage Cars,33.0,S24_1937,Office Supplies,Lamp,"Anna's Decorations, Ltd",02 9936 8555,201 Miller Street,Level 15,North Sydney,NSW,2060,Australia,APAC,O'Hara,Anna,Large,O'Hara Anna,EXPENSIVE,GOOD,1963.0,,,
10113.0,23.0,68.52,1.0,1575.96,3/26/2003,Shipped,Qui_1,3.0,2003.0,Trucks and Buses,64.0,S32_3522,Office Supplies,Lamp,Mini Gifts Distributors Ltd.,4155551450,5677 Strong St.,Unknown,San Rafael,CA,97562,USA,,Nelson,Valarie,Small,Nelson Valarie,EXPENSIVE,GOOD,1990.0,,,
10127.0,25.0,100.0,5.0,3447.0,6/3/2003,Shipped,Qui_2,6.0,2003.0,Classic Cars,143.0,S18_4027,Furniture,Table,Muscle Machine Inc,2125557413,4092 Furth Circle,Suite 400,NYC,NY,10022,USA,,Young,Jeff,Medium,Young Jeff,EXPENSIVE,GOOD,1995.0,,,
10259.0,45.0,86.68,11.0,3900.6,6/15/2004,Shipped,Qui_2,6.0,2004.0,Trucks and Buses,96.0,S32_1268,Office Supplies,Eraser,Handji Gifts& Co,+65 224 1555,Village Close - 106 Linden Road Sandown,2nd Floor,Singapore,,69045,Singapore,APAC,Victorino,Wendy,Medium,Victorino Wendy,EXPENSIVE,GOOD,1978.0,,,
10206.0,28.0,87.3,11.0,2444.4,12/5/2003,Shipped,Qui_4,12.0,2003.0,Vintage Cars,99.0,S18_3320,Furniture,Table,Canadian Gift Exchange Network,(604) 555-3392,1900 Oak St.,Unknown,Vancouver,BC,V3F 2K1,Canada,,Tannamuri,Yoshi,Small,Tannamuri Yoshi,EXPENSIVE,GOOD,1995.0,,,
10186.0,36.0,85.54,8.0,3079.44,11/14/2003,Shipped,Qui_4,11.0,2003.0,Vintage Cars,83.0,S24_3816,Office Supplies,Pen,"Double Decker Gift Stores, Ltd",(171) 555-7555,120 Hanover Sq.,Unknown,London,,WA1 1DP,UK,EMEA,Hardy,Thomas,Medium,Hardy Thomas,EXPENSIVE,GOOD,1963.0,,,
10347.0,21.0,100.0,6.0,4815.3,11/29/2004,Shipped,Qui_4,11.0,2004.0,Vintage Cars,168.0,S18_2795,Furniture,Bookshelf,"Australian Collectors, Co.",03 9520 4555,636 St Kilda Road,Level 3,Melbourne,Victoria,3004,Australia,APAC,Ferguson,Peter,Medium,Ferguson Peter,EXPENSIVE,GOOD,1966.0,,,
10115.0,44.0,100.0,1.0,5568.64,4/4/2003,Shipped,Qui_2,4.0,2003.0,Classic Cars,118.0,S24_4048,Office Supplies,Pencil,Classic Legends Inc.,2125558493,5905 Pompton St.,Suite 750,NYC,NY,10022,USA,,Hernandez,Maria,Medium,Hernandez Maria,EXPENSIVE,GOOD,1993.0,,,
10181.0,28.0,100.0,12.0,2860.76,11/12/2003,Shipped,Qui_4,11.0,2003.0,Classic Cars,117.0,S12_3380,Furniture,Bookshelf,Herkku Gifts,+47 2267 3215,"Drammen 121, PR 744 Sentrum",Unknown,Bergen,,N 5804,Norway,EMEA,Oeztan,Veysel,Small,Oeztan Veysel,EXPENSIVE,GOOD,1963.0,,,
10312.0,39.0,29.54,13.0,1152.06,10/21/2004,Shipped,Qui_4,10.0,2004.0,Vintage Cars,33.0,S24_1937,Office Supplies,Lamp,Mini Gifts Distributors Ltd.,4155551450,5677 Strong St.,Unknown,San Rafael,CA,97562,USA,,Nelson,Valarie,Small,Nelson Valarie,CHEAP,GOOD,1998.0,,,
10270.0,31.0,96.24,10.0,2983.44,7/19/2004,Shipped,Qui_3,7.0,2004.0,Vintage Cars,101.0,S18_2949,Furniture,Desk,Souveniers And Things Co.,+61 2 9495 8555,"Monitor Money Building, 815 Pacific Hwy",Level 6,Chatswood,NSW,2067,Australia,APAC,Huxley,Adrian,Small,Huxley Adrian,EXPENSIVE,GOOD,1963.0,,,
10375.0,45.0,76.0,7.0,3420.0,2/3/2005,Shipped,Qui_1,2.0,2005.0,Classic Cars,194.0,S12_1099,Furniture,Bookshelf,La Rochelle Gifts,40.67.8555,"67, rue des Cinquante Otages",Unknown,Nantes,,44000,France,EMEA,Labrune,Janine,Medium,Labrune Janine,EXPENSIVE,GOOD,1990.0,,,
10229.0,36.0,100.0,1.0,4521.96,3/11/2004,Shipped,Qui_1,3.0,2004.0,Trucks and Buses,118.0,S12_4473,Furniture,Cabinet,Mini Gifts Distributors Ltd.,4155551450,5677 Strong St.,Unknown,San Rafael,CA,97562,USA,,Nelson,Valarie,Medium,Nelson Valarie,EXPENSIVE,GOOD,1978.0,,,
10373.0,37.0,100.0,8.0,4025.6,1/31/2005,Shipped,Qui_1,1.0,2005.0,Ships,99.0,S700_3962,Technology,Smart watch,"Oulu Toy Supplies, Inc.",981-443655,Torikatu 38,Unknown,Oulu,,90110,Finland,EMEA,Koskitalo,Pirkko,Medium,Koskitalo Pirkko,EXPENSIVE,GOOD,1983.0,,,
10223.0,41.0,46.26,13.0,1896.66,2/20/2004,Shipped,Qui_1,2.0,2004.0,Vintage Cars,43.0,S50_1341,Accessories,Keyboard,"Australian Collectors, Co.",03 9520 4555,636 St Kilda Road,Level 3,Melbourne,Victoria,3004,Australia,APAC,Ferguson,Peter,Small,Ferguson Peter,CHEAP,GOOD,1999.0,,,
10178.0,24.0,100.0,12.0,3492.48,11/8/2003,Shipped,Qui_4,11.0,2003.0,Classic Cars,136.0,S10_4757,Furniture,Desk,Alpha Cognac,61.77.6555,1 rue Alsace-Lorraine,Unknown,Toulouse,,31000,France,EMEA,Roulet,Annette,Medium,Roulet Annette,EXPENSIVE,GOOD,1999.0,,,
10362.0,22.0,100.0,4.0,3664.1,1/5/2005,Shipped,Qui_1,1.0,2005.0,Motorcycles,193.0,S10_4698,Furniture,Bookshelf,Technics Stores Inc.,6505556809,9408 Furth Circle,Unknown,Burlingame,CA,94217,USA,,Hirano,Juri,Medium,Hirano Juri,EXPENSIVE,GOOD,1961.0,,,
10375.0,33.0,100.0,1.0,3856.71,2/3/2005,Shipped,Qui_1,2.0,2005.0,Planes,99.0,S700_2466,Technology,Smart watch,La Rochelle Gifts,40.67.8555,"67, rue des Cinquante Otages",Unknown,Nantes,,44000,France,EMEA,Labrune,Janine,Medium,Labrune Janine,EXPENSIVE,GOOD,1975.0,,,
10114.0,21.0,100.0,5.0,2925.09,4/1/2003,Shipped,Qui_2,4.0,2003.0,Trucks and Buses,127.0,S24_2300,Office Supplies,Pen,"La Corne D'abondance, Co.",(1) 42.34.2555,"265, boulevard Charonne",Unknown,Paris,,75012,France,EMEA,Bertrand,Marie,Small,Bertrand Marie,EXPENSIVE,GOOD,1990.0,,,
10248.0,42.0,100.0,14.0,5082.42,5/7/2004,Cancelled,Qui_2,5.0,2004.0,Trains,100.0,S18_3259,Furniture,Desk,Land of Toys Inc.,2125557818,897 Long Airport Avenue,Unknown,NYC,NY,10022,USA,,Yu,Kwai,Medium,Yu Kwai,EXPENSIVE,GOOD,1995.0,,,
10287.0,43.0,70.76,15.0,3042.68,8/30/2004,Shipped,Qui_3,8.0,2004.0,Classic Cars,80.0,S18_3278,Furniture,Cabinet,"Vida Sport, Ltd",0897-034555,Grenzacherweg 237,Unknown,Gensve,,1203,Switzerland,EMEA,Holz,Michael,Medium,Holz Michael,EXPENSIVE,GOOD,1982.0,,,
10332.0,38.0,84.25,9.0,3201.5,11/17/2004,Shipped,Qui_4,11.0,2004.0,Vintage Cars,60.0,S18_2248,Furniture,Desk,"AV Stores, Co.",(171) 555-1555,Fauntleroy Circus,Unknown,Manchester,,EC2 5NT,UK,EMEA,Ashworth,Victoria,Medium,Ashworth Victoria,EXPENSIVE,GOOD,1997.0,,,
10372.0,25.0,84.71,5.0,2117.75,1/26/2005,Shipped,Qui_1,1.0,2005.0,Trains,100.0,S18_3259,Furniture,Desk,"Tokyo Collectables, Ltd",+81 3 3584 0555,2-2-8 Roppongi,Unknown,Minato-ku,Tokyo,106-0032,Japan,Japan,Shimamura,Akiko,Small,Shimamura Akiko,EXPENSIVE,GOOD,1967.0,,,
10111.0,33.0,99.66,6.0,3288.78,3/25/2003,Shipped,Qui_1,3.0,2003.0,Vintage Cars,102.0,S18_1342,Furniture,Desk,Mini Wheels Co.,6505555787,5557 North Pendale Street,Unknown,San Francisco,CA,,USA,,Murphy,Julie,Medium,Murphy Julie,EXPENSIVE,GOOD,1991.0,,,
10156.0,20.0,41.02,1.0,820.4,10/8/2003,Shipped,Qui_4,10.0,2003.0,Vintage Cars,43.0,S50_1341,Accessories,Keyboard,Euro Shopping Channel,(91) 555 94 44,"C/ Moralzarzal, 86",Unknown,Madrid,,28034,Spain,EMEA,Freyre,Diego,Small,Freyre Diego,CHEAP,GOOD,1987.0,,,
10212.0,33.0,100.0,15.0,4180.44,1/16/2004,Shipped,Qui_1,1.0,2004.0,Classic Cars,115.0,S12_4675,Furniture,Cabinet,Euro Shopping Channel,(91) 555 94 44,"C/ Moralzarzal, 86",Unknown,Madrid,,28034,Spain,EMEA,Freyre,Diego,Medium,Freyre Diego,EXPENSIVE,GOOD,1977.0,,,
10188.0,38.0,96.34,4.0,3660.92,11/18/2003,Shipped,Qui_4,11.0,2003.0,Motorcycles,118.0,S10_2016,Furniture,Chair,Herkku Gifts,+47 2267 3215,"Drammen 121, PR 744 Sentrum",Unknown,Bergen,,N 5804,Norway,EMEA,Oeztan,Veysel,Medium,Oeztan Veysel,EXPENSIVE,GOOD,1979.0,,,
10108.0,31.0,68.71,10.0,2130.01,3/3/2003,Shipped,Qui_1,3.0,2003.0,Classic Cars,80.0,S24_4620,Office Supplies,Lamp,Cruz & Sons Co.,+63 2 555 3587,15 McCallum Street - NatWest Center #13-03,Unknown,Makati City,,1227 MM,Philippines,Japan,Cruz,Arnold,Small,Cruz Arnold,EXPENSIVE,GOOD,1981.0,,,
10230.0,36.0,54.33,6.0,1955.88,3/15/2004,Shipped,Qui_1,3.0,2004.0,Classic Cars,57.0,S24_1444,Office Supplies,Pencil,"Blauer See Auto, Co.",+49 69 66 90 2555,Lyonerstr. 34,Unknown,Frankfurt,,60528,Germany,EMEA,Keitel,Roland,Small,Keitel Roland,CHEAP,GOOD,1984.0,,,
,,,,,,,,,,,,,,,,,,,,,,,,,,,,,,,John,23.0,New York
10401.0,77.0,92.0,9.0,7084.0,4/3/2005,On Hold,Qui_2,4.0,2005.0,Planes,80.0,S700_3167,Technology,Smart watch,Tekni Collectables Inc.,2015559350,7476 Moss Rd.,Unknown,Newark,NJ,94019,USA,,Brown,William,Large,Brown William,EXPENSIVE,EXCELLENT,1967.0,,,
10216.0,43.0,100.0,1.0,5759.42,2/2/2004,Shipped,Qui_1,2.0,2004.0,Trucks and Buses,136.0,S12_1666,Furniture,Cabinet,Auto Assoc. & Cie.,30.59.8555,"67, avenue de l'Europe",Unknown,Versailles,,78000,France,EMEA,Tonini,Daniel,Medium,Tonini Daniel,EXPENSIVE,GOOD,1989.0,,,
10283.0,25.0,100.0,6.0,2992.0,8/20/2004,Shipped,Qui_3,8.0,2004.0,Classic Cars,136.0,S10_4757,Furniture,Desk,"Royal Canadian Collectables, Ltd.",(604) 555-4555,23 Tsawassen Blvd.,Unknown,Tsawassen,BC,T2F 8M4,Canada,,Lincoln,Elizabeth,Small,Lincoln Elizabeth,EXPENSIVE,GOOD,1968.0,,,
10105.0,39.0,81.14,6.0,3164.46,2/11/2003,Shipped,Qui_1,2.0,2003.0,Ships,100.0,S700_3505,Technology,Laptop,Danish Wholesale Imports,31 12 3555,Vinb'ltet 34,Unknown,Kobenhavn,,1734,Denmark,EMEA,Petersen,Jytte,Medium,Petersen Jytte,EXPENSIVE,GOOD,1963.0,,,
10319.0,22.0,100.0,8.0,2626.8,11/3/2004,Shipped,Qui_4,11.0,2004.0,Motorcycles,102.0,S32_4485,Office Supplies,Ruler,Microscale Inc.,2125551957,5290 North Pendale Street,Suite 200,NYC,NY,10022,USA,,Kuo,Kee,Small,Kuo Kee,EXPENSIVE,GOOD,1964.0,,,
10219.0,35.0,55.19,4.0,1931.65,2/10/2004,Shipped,Qui_1,2.0,2004.0,Trucks and Buses,54.0,S32_2509,Office Supplies,Pen,Signal Collectibles Ltd.,4155554312,2793 Furth Circle,Unknown,Brisbane,CA,94217,USA,,Taylor,Sue,Small,Taylor Sue,CHEAP,GOOD,1967.0,,,
10287.0,44.0,100.0,1.0,5052.96,8/30/2004,Shipped,Qui_3,8.0,2004.0,Classic Cars,132.0,S18_2870,Furniture,Cabinet,"Vida Sport, Ltd",0897-034555,Grenzacherweg 237,Unknown,Gensve,,1203,Switzerland,EMEA,Holz,Michael,Medium,Holz Michael,EXPENSIVE,GOOD,2000.0,,,
10310.0,40.0,100.0,15.0,5356.8,10/16/2004,Shipped,Qui_4,10.0,2004.0,Classic Cars,148.0,S18_4721,Furniture,Table,"Toms Spezialitten, Ltd",0221-5554327,Mehrheimerstr. 369,Unknown,Koln,,50739,Germany,EMEA,Pfalzheim,Henriette,Medium,Pfalzheim Henriette,EXPENSIVE,GOOD,1970.0,,,
10324.0,47.0,100.0,8.0,7207.45,11/5/2004,Shipped,Qui_4,11.0,2004.0,Classic Cars,163.0,S18_2238,Furniture,Table,Vitachrome Inc.,2125551500,2678 Kingston Rd.,Suite 101,NYC,NY,10022,USA,,Frick,Michael,Large,Frick Michael,EXPENSIVE,GOOD,1977.0,,,
10212.0,49.0,100.0,13.0,6949.67,1/16/2004,Shipped,Qui_1,1.0,2004.0,Classic Cars,140.0,S24_3856,Office Supplies,Pencil,Euro Shopping Channel,(91) 555 94 44,"C/ Moralzarzal, 86",Unknown,Madrid,,28034,Spain,EMEA,Freyre,Diego,Medium,Freyre Diego,EXPENSIVE,GOOD,1964.0,,,
10373.0,41.0,70.33,16.0,2883.53,1/31/2005,Shipped,Qui_1,1.0,2005.0,Ships,72.0,S700_2610,Technology,Laptop,"Oulu Toy Supplies, Inc.",981-443655,Torikatu 38,Unknown,Oulu,,90110,Finland,EMEA,Koskitalo,Pirkko,Small,Koskitalo Pirkko,EXPENSIVE,GOOD,1971.0,,,
10310.0,37.0,100.0,2.0,6231.91,10/16/2004,Shipped,Qui_4,10.0,2004.0,Classic Cars,141.0,S18_1129,Furniture,Table,"Toms Spezialitten, Ltd",0221-5554327,Mehrheimerstr. 369,Unknown,Koln,,50739,Germany,EMEA,Pfalzheim,Henriette,Medium,Pfalzheim Henriette,EXPENSIVE,GOOD,1964.0,,,
10271.0,22.0,100.0,1.0,3070.54,7/20/2004,Shipped,Qui_3,7.0,2004.0,Classic Cars,118.0,S24_4048,Office Supplies,Pencil,Mini Gifts Distributors Ltd.,4155551450,5677 Strong St.,Unknown,San Rafael,CA,97562,USA,,Nelson,Valarie,Medium,Nelson Valarie,EXPENSIVE,GOOD,1968.0,,,
10162.0,39.0,100.0,10.0,3912.09,10/18/2003,Shipped,Qui_4,10.0,2003.0,Vintage Cars,92.0,S18_4409,Furniture,Chair,Corporate Gift Ideas Co.,6505551386,7734 Strong St.,Unknown,San Francisco,CA,,USA,,Brown,Julie,Medium,Brown Julie,EXPENSIVE,GOOD,1982.0,,,
10159.0,23.0,67.1,6.0,1543.3,10/10/2003,Shipped,Qui_4,10.0,2003.0,Classic Cars,80.0,S24_4620,Office Supplies,Lamp,Corporate Gift Ideas Co.,6505551386,7734 Strong St.,Unknown,San Francisco,CA,,USA,,Brown,Julie,Small,Brown Julie,EXPENSIVE,GOOD,1968.0,,,
10316.0,23.0,100.0,6.0,2706.41,11/1/2004,Shipped,Qui_4,11.0,2004.0,Planes,99.0,S700_2466,Technology,Smart watch,giftsbymail.co.uk,(198) 555-8888,Garden House Crowther Way,Unknown,Cowes,Isle of Wight,PO31 7PJ,UK,EMEA,Bennett,Helen,Small,Bennett Helen,EXPENSIVE,GOOD,1979.0,,,
10239.0,20.0,44.56,2.0,891.2,4/12/2004,Shipped,Qui_2,4.0,2004.0,Classic Cars,37.0,S24_2972,Office Supplies,Eraser,"Oulu Toy Supplies, Inc.",981-443655,Torikatu 38,Unknown,Oulu,,90110,Finland,EMEA,Koskitalo,Pirkko,Small,Koskitalo Pirkko,CHEAP,GOOD,1968.0,,,
10167.0,46.0,73.12,7.0,3363.52,10/23/2003,Cancelled,Qui_4,10.0,2003.0,Ships,86.0,S18_3029,Furniture,Table,Scandinavian Gift Ideas,0695-34 6555,?kergatan 24,Unknown,Boras,,S-844 67,Sweden,EMEA,Larsson,Maria,Medium,Larsson Maria,EXPENSIVE,GOOD,1976.0,,,
10412.0,47.0,61.99,11.0,2913.53,5/3/2005,Shipped,Qui_2,5.0,2005.0,Trucks and Buses,60.0,S18_2432,Furniture,Table,Euro Shopping Channel,(91) 555 94 44,"C/ Moralzarzal, 86",Unknown,Madrid,,28034,Spain,EMEA,Freyre,Diego,Small,Freyre Diego,CHEAP,GOOD,1985.0,,,
10252.0,26.0,100.0,4.0,3559.4,5/26/2004,Shipped,Qui_2,5.0,2004.0,Classic Cars,148.0,S18_4721,Furniture,Table,Auto Canal Petit,(1) 47.55.6555,"25, rue Lauriston",Unknown,Paris,,75016,France,EMEA,Perrier,Dominique,Medium,Perrier Dominique,EXPENSIVE,GOOD,1999.0,,,
10297.0,32.0,100.0,6.0,4061.76,9/16/2004,Shipped,Qui_3,9.0,2004.0,Planes,109.0,S24_1785,Office Supplies,Ruler,"Clover Collections, Co.",+353 1862 1555,25 Maiden Lane,Floor No. 4,Dublin,,2,Ireland,EMEA,Cassidy,Dean,Medium,Cassidy Dean,EXPENSIVE,GOOD,1994.0,,,
10233.0,36.0,70.67,3.0,2544.12,3/29/2004,Shipped,Qui_1,3.0,2004.0,Ships,66.0,S700_1138,Technology,Desktop,Tekni Collectables Inc.,2015559350,7476 Moss Rd.,Unknown,Newark,NJ,94019,USA,,Brown,William,Small,Brown William,EXPENSIVE,GOOD,1962.0,,,
10204.0,47.0,96.32,8.0,4527.04,12/2/2003,Shipped,Qui_4,12.0,2003.0,Classic Cars,90.0,S24_2766,Office Supplies,Eraser,Muscle Machine Inc,2125557413,4092 Furth Circle,Suite 400,NYC,NY,10022,USA,,Young,Jeff,Medium,Young Jeff,EXPENSIVE,GOOD,1969.0,,,
10375.0,49.0,65.8,5.0,3224.2,2/3/2005,Shipped,Qui_1,2.0,2005.0,Vintage Cars,43.0,S50_1341,Accessories,Keyboard,La Rochelle Gifts,40.67.8555,"67, rue des Cinquante Otages",Unknown,Nantes,,44000,France,EMEA,Labrune,Janine,Medium,Labrune Janine,EXPENSIVE,GOOD,1964.0,,,
10227.0,27.0,43.9,8.0,1185.3,3/2/2004,Shipped,Qui_1,3.0,2004.0,Vintage Cars,41.0,S24_3969,Office Supplies,Eraser,"Saveley & Henriot, Co.",78.32.5555,"2, rue du Commerce",Unknown,Lyon,,69004,France,EMEA,Saveley,Mary,Small,Saveley Mary,CHEAP,GOOD,1991.0,,,
10207.0,46.0,100.0,12.0,6819.04,12/9/2003,Shipped,Qui_4,12.0,2003.0,Trucks and Buses,127.0,S24_2300,Office Supplies,Pen,Diecast Collectables,6175552555,6251 Ingle Ln.,Unknown,Boston,MA,51003,USA,,Franco,Valarie,Medium,Franco Valarie,EXPENSIVE,GOOD,1991.0,,,
10380.0,34.0,100.0,3.0,3441.82,2/16/2005,Shipped,Qui_1,2.0,2005.0,Classic Cars,73.0,S24_1046,Office Supplies,Pencil,Euro Shopping Channel,(91) 555 94 44,"C/ Moralzarzal, 86",Unknown,Madrid,,28034,Spain,EMEA,Freyre,Diego,Medium,Freyre Diego,EXPENSIVE,GOOD,1979.0,,,
10135.0,45.0,50.36,13.0,2266.2,7/2/2003,Shipped,Qui_3,7.0,2003.0,Motorcycles,62.0,S18_3782,Furniture,Bookshelf,Mini Gifts Distributors Ltd.,4155551450,5677 Strong St.,Unknown,San Rafael,CA,97562,USA,,Nelson,Valarie,Small,Nelson Valarie,CHEAP,GOOD,1970.0,,,
10369.0,41.0,100.0,2.0,4514.92,1/20/2005,Shipped,Qui_1,1.0,2005.0,Classic Cars,214.0,S10_1949,Furniture,Desk,Collectables For Less Inc.,6175558555,7825 Douglas Av.,Unknown,Brickhaven,MA,58339,USA,,Nelson,Allen,Medium,Nelson Allen,EXPENSIVE,GOOD,1961.0,,,
10314.0,29.0,100.0,8.0,4206.74,10/22/2004,Shipped,Qui_4,10.0,2004.0,Classic Cars,143.0,S18_4027,Furniture,Table,Heintze Collectables,86 21 3555,Smagsloget 45,Unknown,Aaarhus,,8200,Denmark,EMEA,Ibsen,Palle,Medium,Ibsen Palle,EXPENSIVE,GOOD,1996.0,,,
10100.0,49.0,34.47,1.0,1689.03,1/6/2003,Shipped,Qui_1,1.0,2003.0,Vintage Cars,41.0,S24_3969,Office Supplies,Eraser,Online Diecast Creations Co.,6035558647,2304 Long Airport Avenue,Unknown,Nashua,NH,62005,USA,,Young,Valarie,Small,Young Valarie,CHEAP,GOOD,1983.0,,,
10331.0,27.0,100.0,11.0,4170.69,11/17/2004,Shipped,Qui_4,11.0,2004.0,Classic Cars,169.0,S18_3232,Furniture,Table,Motor Mint Distributors Inc.,2155559857,11328 Douglas Av.,Unknown,Philadelphia,PA,71270,USA,,Hernandez,Rosa,Medium,Hernandez Rosa,EXPENSIVE,GOOD,1962.0,,,
10285.0,49.0,100.0,5.0,6863.92,8/27/2004,Shipped,Qui_3,8.0,2004.0,Motorcycles,150.0,S12_2823,Furniture,Table,Marta's Replicas Co.,6175558555,39323 Spinnaker Dr.,Unknown,Cambridge,MA,51247,USA,,Hernandez,Marta,Medium,Hernandez Marta,EXPENSIVE,GOOD,1991.0,,,
10119.0,41.0,59.6,4.0,2443.6,4/28/2003,Shipped,Qui_2,4.0,2003.0,Planes,68.0,S24_2841,Office Supplies,Pencil,Salzburg Collectables,6562-9555,Geislweg 14,Unknown,Salzburg,,5020,Austria,EMEA,Pipps,Georg,Small,Pipps Georg,CHEAP,GOOD,1986.0,,,
10172.0,34.0,42.76,5.0,1453.84,11/5/2003,Shipped,Qui_4,11.0,2003.0,Classic Cars,50.0,S24_1628,Office Supplies,Lamp,Gift Depot Inc.,2035552570,25593 South Bay Ln.,Unknown,Bridgewater,CT,97562,USA,,King,Julie,Small,King Julie,CHEAP,GOOD,1993.0,,,
10217.0,38.0,100.0,5.0,4509.08,2/4/2004,Shipped,Qui_1,2.0,2004.0,Trucks and Buses,121.0,S18_4600,Furniture,Chair,Handji Gifts& Co,+65 224 1555,Village Close - 106 Linden Road Sandown,2nd Floor,Singapore,,69045,Singapore,APAC,Victorino,Wendy,Medium,Victorino Wendy,EXPENSIVE,GOOD,1969.0,,,
10106.0,28.0,88.63,4.0,2481.64,2/17/2003,Shipped,Qui_1,2.0,2003.0,Planes,109.0,S24_1785,Office Supplies,Ruler,Rovelli Gifts,035-640555,Via Ludovico il Moro 22,Unknown,Bergamo,,24100,Italy,EMEA,Rovelli,Giovanni,Small,Rovelli Giovanni,EXPENSIVE,GOOD,1981.0,,,
10368.0,40.0,100.0,2.0,4107.2,1/19/2005,Shipped,Qui_1,1.0,2005.0,Classic Cars,90.0,S24_2766,Office Supplies,Eraser,Mini Gifts Distributors Ltd.,4155551450,5677 Strong St.,Unknown,San Rafael,CA,97562,USA,,Nelson,Valarie,Medium,Nelson Valarie,EXPENSIVE,GOOD,1962.0,,,
10316.0,25.0,100.0,1.0,2872.25,11/1/2004,Shipped,Qui_4,11.0,2004.0,Planes,109.0,S24_1785,Office Supplies,Ruler,giftsbymail.co.uk,(198) 555-8888,Garden House Crowther Way,Unknown,Cowes,Isle of Wight,PO31 7PJ,UK,EMEA,Bennett,Helen,Small,Bennett Helen,EXPENSIVE,GOOD,1977.0,,,
10314.0,38.0,100.0,5.0,7975.44,10/22/2004,Shipped,Qui_4,10.0,2004.0,Classic Cars,207.0,S12_1108,Furniture,Chair,Heintze Collectables,86 21 3555,Smagsloget 45,Unknown,Aaarhus,,8200,Denmark,EMEA,Ibsen,Palle,Large,Ibsen Palle,EXPENSIVE,GOOD,1985.0,,,
10300.0,41.0,92.4,1.0,3788.4,10/4/2003,Shipped,Qui_4,10.0,2003.0,Classic Cars,77.0,S18_1889,Furniture,Bookshelf,"Blauer See Auto, Co.",+49 69 66 90 2555,Lyonerstr. 34,Unknown,Frankfurt,,60528,Germany,EMEA,Keitel,Roland,Medium,Keitel Roland,EXPENSIVE,GOOD,1999.0,,,
10111.0,48.0,49.06,5.0,2354.88,3/25/2003,Shipped,Qui_1,3.0,2003.0,Vintage Cars,53.0,S18_1367,Furniture,Cabinet,Mini Wheels Co.,6505555787,5557 North Pendale Street,Unknown,San Francisco,CA,,USA,,Murphy,Julie,Small,Murphy Julie,CHEAP,GOOD,1973.0,,,
10332.0,31.0,37.18,13.0,1152.58,11/17/2004,Shipped,Qui_4,11.0,2004.0,Classic Cars,107.0,S24_3432,Office Supplies,Lamp,"AV Stores, Co.",(171) 555-1555,Fauntleroy Circus,Unknown,Manchester,,EC2 5NT,UK,EMEA,Ashworth,Victoria,Small,Ashworth Victoria,CHEAP,GOOD,1974.0,,,
10129.0,30.0,85.41,7.0,2562.3,6/12/2003,Shipped,Qui_2,6.0,2003.0,Ships,99.0,S700_3962,Technology,Smart watch,"Stylish Desk Decors, Co.",(171) 555-0297,35 King George,Unknown,London,,WX3 6FW,UK,EMEA,Brown,Ann,Small,Brown Ann,EXPENSIVE,GOOD,1960.0,,,
10161.0,23.0,100.0,9.0,3187.8,10/17/2003,Shipped,Qui_4,10.0,2003.0,Classic Cars,132.0,S18_2870,Furniture,Cabinet,Heintze Collectables,86 21 3555,Smagsloget 45,Unknown,Aaarhus,,8200,Denmark,EMEA,Ibsen,Palle,Medium,Ibsen Palle,EXPENSIVE,GOOD,1971.0,,,
10382.0,20.0,100.0,3.0,2654.4,2/17/2005,Shipped,Qui_1,2.0,2005.0,Trucks and Buses,127.0,S24_2300,Office Supplies,Pen,Mini Gifts Distributors Ltd.,4155551450,5677 Strong St.,Unknown,San Rafael,CA,97562,USA,,Nelson,Valarie,Small,Nelson Valarie,EXPENSIVE,GOOD,1986.0,,,
10341.0,55.0,100.0,8.0,8118.55,11/24/2004,Shipped,Qui_4,11.0,2004.0,Motorcycles,150.0,S12_2823,Furniture,Table,Salzburg Collectables,6562-9555,Geislweg 14,Unknown,Salzburg,,5020,Austria,EMEA,Pipps,Georg,Large,Pipps Georg,EXPENSIVE,EXCELLENT,1970.0,,,
10380.0,44.0,36.29,7.0,1596.76,2/16/2005,Shipped,Qui_1,2.0,2005.0,Classic Cars,117.0,S24_2887,Office Supplies,Ruler,Euro Shopping Channel,(91) 555 94 44,"C/ Moralzarzal, 86",Unknown,Madrid,,28034,Spain,EMEA,Freyre,Diego,Small,Freyre Diego,CHEAP,GOOD,1979.0,,,
10224.0,43.0,39.43,2.0,1695.49,2/21/2004,Shipped,Qui_1,2.0,2004.0,Motorcycles,40.0,S32_2206,Office Supplies,Pen,Daedalus Designs Imports,20.16.1555,"184, chausse de Tournai",Unknown,Lille,,59000,France,EMEA,Rance,Martine,Small,Rance Martine,CHEAP,GOOD,1990.0,,,
10266.0,24.0,100.0,9.0,2932.08,7/6/2004,Shipped,Qui_3,7.0,2004.0,Classic Cars,140.0,S24_3856,Office Supplies,Pencil,L'ordine Souveniers,0522-556555,Strada Provinciale 124,Unknown,Reggio Emilia,,42100,Italy,EMEA,Moroni,Maurizio,Small,Moroni Maurizio,EXPENSIVE,GOOD,1986.0,,,
10303.0,46.0,49.04,2.0,2255.84,10/6/2004,Shipped,Qui_4,10.0,2004.0,Vintage Cars,60.0,S18_2248,Furniture,Desk,"Iberia Gift Imports, Corp.",(95) 555 82 82,"C/ Romero, 33",Unknown,Sevilla,,41101,Spain,EMEA,Roel,Jose Pedro,Small,Roel JosePedro,CHEAP,GOOD,1973.0,,,
10313.0,34.0,52.87,5.0,1797.58,10/22/2004,Shipped,Qui_4,10.0,2004.0,Trucks and Buses,60.0,S18_2432,Furniture,Table,Canadian Gift Exchange Network,(604) 555-3392,1900 Oak St.,Unknown,Vancouver,BC,V3F 2K1,Canada,,Tannamuri,Yoshi,Small,Tannamuri Yoshi,CHEAP,GOOD,1999.0,,,
10282.0,43.0,86.61,2.0,3724.23,8/20/2004,Shipped,Qui_3,8.0,2004.0,Ships,86.0,S700_1938,Technology,Desktop,Mini Gifts Distributors Ltd.,4155551450,5677 Strong St.,Unknown,San Rafael,CA,97562,USA,,Nelson,Valarie,Medium,Nelson Valarie,EXPENSIVE,GOOD,1977.0,,,
10180.0,48.0,100.0,10.0,5355.36,11/11/2003,Shipped,Qui_4,11.0,2003.0,Motorcycles,112.0,S24_1578,Office Supplies,Eraser,Daedalus Designs Imports,20.16.1555,"184, chausse de Tournai",Unknown,Lille,,59000,France,EMEA,Rance,Martine,Medium,Rance Martine,EXPENSIVE,GOOD,1987.0,,,
10282.0,38.0,100.0,12.0,4310.72,8/20/2004,Shipped,Qui_3,8.0,2004.0,Trucks and Buses,115.0,S50_1392,Accessories,Adapter,Mini Gifts Distributors Ltd.,4155551450,5677 Strong St.,Unknown,San Rafael,CA,97562,USA,,Nelson,Valarie,Medium,Nelson Valarie,EXPENSIVE,GOOD,1976.0,,,
10230.0,49.0,100.0,8.0,7300.51,3/15/2004,Shipped,Qui_1,3.0,2004.0,Classic Cars,163.0,S18_2238,Furniture,Table,"Blauer See Auto, Co.",+49 69 66 90 2555,Lyonerstr. 34,Unknown,Frankfurt,,60528,Germany,EMEA,Keitel,Roland,Large,Keitel Roland,EXPENSIVE,GOOD,1976.0,,,
10229.0,28.0,59.55,7.0,1667.4,3/11/2004,Shipped,Qui_1,3.0,2004.0,Trucks and Buses,60.0,S18_2432,Furniture,Table,Mini Gifts Distributors Ltd.,4155551450,5677 Strong St.,Unknown,San Rafael,CA,97562,USA,,Nelson,Valarie,Small,Nelson Valarie,CHEAP,GOOD,1960.0,,,
10390.0,50.0,100.0,1.0,7397.0,3/4/2005,Shipped,Qui_1,3.0,2005.0,Classic Cars,146.0,S18_3482,Furniture,Bookshelf,Mini Gifts Distributors Ltd.,4155551450,5677 Strong St.,Unknown,San Rafael,CA,97562,USA,,Nelson,Valarie,Large,Nelson Valarie,EXPENSIVE,EXCELLENT,1961.0,,,
10221.0,23.0,97.0,4.0,2231.0,2/18/2004,Shipped,Qui_1,2.0,2004.0,Ships,86.0,S700_1938,Technology,Desktop,Petit Auto,(02) 5554 67,Rue Joseph-Bens 532,Unknown,Bruxelles,,B-1180,Belgium,EMEA,Dewey,Catherine,Small,Dewey Catherine,EXPENSIVE,GOOD,1963.0,,,
10207.0,44.0,100.0,6.0,7060.24,12/9/2003,Shipped,Qui_4,12.0,2003.0,Classic Cars,163.0,S18_2238,Furniture,Table,Diecast Collectables,6175552555,6251 Ingle Ln.,Unknown,Boston,MA,51003,USA,,Franco,Valarie,Large,Franco Valarie,EXPENSIVE,GOOD,1990.0,,,
10415.0,51.0,100.0,5.0,6209.25,5/9/2005,Disputed,Qui_2,5.0,2005.0,Vintage Cars,105.0,S18_3856,Furniture,Desk,"Australian Collectables, Ltd",61-9-3844-6555,7 Allen Street,Unknown,Glen Waverly,Victoria,3150,Australia,APAC,Connery,Sean,Medium,Connery Sean,EXPENSIVE,EXCELLENT,1961.0,,,
10171.0,35.0,100.0,1.0,4680.2,11/5/2003,Shipped,Qui_4,11.0,2003.0,Classic Cars,142.0,S18_1984,Furniture,Bookshelf,Quebec Home Shopping Network,(514) 555-8054,43 rue St. Laurent,Unknown,Montreal,Quebec,H1J 1C3,Canada,,Fresnisre,Jean,Medium,Fresnisre Jean,EXPENSIVE,GOOD,1988.0,,,
10369.0,32.0,98.63,7.0,3156.16,1/20/2005,Shipped,Qui_1,1.0,2005.0,Vintage Cars,53.0,S18_1367,Furniture,Cabinet,Collectables For Less Inc.,6175558555,7825 Douglas Av.,Unknown,Brickhaven,MA,58339,USA,,Nelson,Allen,Medium,Nelson Allen,EXPENSIVE,GOOD,1964.0,,,
10414.0,37.0,71.34,6.0,2639.58,5/6/2005,On Hold,Qui_2,5.0,2005.0,Ships,66.0,S700_1138,Technology,Desktop,Gifts4AllAges.com,6175559555,8616 Spinnaker Dr.,Unknown,Boston,MA,51003,USA,,Yoshido,Juri,Small,Yoshido Juri,EXPENSIVE,GOOD,1992.0,,,
10182.0,49.0,100.0,17.0,6244.07,11/12/2003,Shipped,Qui_4,11.0,2003.0,Classic Cars,107.0,S24_3432,Office Supplies,Lamp,Mini Gifts Distributors Ltd.,4155551450,5677 Strong St.,Unknown,San Rafael,CA,97562,USA,,Nelson,Valarie,Medium,Nelson Valarie,EXPENSIVE,GOOD,1997.0,,,
10149.0,33.0,100.0,8.0,4950.33,9/12/2003,Shipped,Qui_3,9.0,2003.0,Vintage Cars,127.0,S18_2325,Furniture,Table,Signal Collectibles Ltd.,4155554312,2793 Furth Circle,Unknown,Brisbane,CA,94217,USA,,Taylor,Sue,Medium,Taylor Sue,EXPENSIVE,GOOD,1999.0,,,
10204.0,27.0,100.0,14.0,4169.88,12/2/2003,Shipped,Qui_4,12.0,2003.0,Classic Cars,132.0,S18_2870,Furniture,Cabinet,Muscle Machine Inc,2125557413,4092 Furth Circle,Suite 400,NYC,NY,10022,USA,,Young,Jeff,Medium,Young Jeff,EXPENSIVE,GOOD,1976.0,,,
10208.0,46.0,100.0,13.0,8602.92,1/2/2004,Shipped,Qui_1,1.0,2004.0,Classic Cars,207.0,S12_1108,Furniture,Chair,"Saveley & Henriot, Co.",78.32.5555,"2, rue du Commerce",Unknown,Lyon,,69004,France,EMEA,Saveley,Mary,Large,Saveley Mary,EXPENSIVE,GOOD,1975.0,,,
10108.0,43.0,67.77,12.0,2914.11,3/3/2003,Shipped,Qui_1,3.0,2003.0,Motorcycles,62.0,S18_3782,Furniture,Bookshelf,Cruz & Sons Co.,+63 2 555 3587,15 McCallum Street - NatWest Center #13-03,Unknown,Makati City,,1227 MM,Philippines,Japan,Cruz,Arnold,Small,Cruz Arnold,EXPENSIVE,GOOD,1982.0,,,
10373.0,39.0,73.0,13.0,2847.0,1/31/2005,Shipped,Qui_1,1.0,2005.0,Planes,68.0,S24_3949,Office Supplies,Pencil,"Oulu Toy Supplies, Inc.",981-443655,Torikatu 38,Unknown,Oulu,,90110,Finland,EMEA,Koskitalo,Pirkko,Small,Koskitalo Pirkko,EXPENSIVE,GOOD,1971.0,,,
10295.0,46.0,84.97,3.0,3908.62,9/10/2004,Shipped,Qui_3,9.0,2004.0,Vintage Cars,88.0,S24_3151,Office Supplies,Pencil,Gifts4AllAges.com,6175559555,8616 Spinnaker Dr.,Unknown,Boston,MA,51003,USA,,Yoshido,Juri,Medium,Yoshido Juri,EXPENSIVE,GOOD,1965.0,,,
10238.0,44.0,100.0,8.0,6350.96,4/9/2004,Shipped,Qui_2,4.0,2004.0,Classic Cars,148.0,S18_4721,Furniture,Table,Danish Wholesale Imports,31 12 3555,Vinb'ltet 34,Unknown,Kobenhavn,,1734,Denmark,EMEA,Petersen,Jytte,Medium,Petersen Jytte,EXPENSIVE,GOOD,1997.0,,,
10229.0,30.0,73.04,12.0,2191.2,3/11/2004,Shipped,Qui_1,3.0,2004.0,Trucks and Buses,64.0,S32_3522,Office Supplies,Lamp,Mini Gifts Distributors Ltd.,4155551450,5677 Strong St.,Unknown,San Rafael,CA,97562,USA,,Nelson,Valarie,Small,Nelson Valarie,EXPENSIVE,GOOD,1998.0,,,
10280.0,29.0,100.0,4.0,3006.43,8/17/2004,Shipped,Qui_3,8.0,2004.0,Vintage Cars,104.0,S18_3136,Furniture,Table,Amica Models & Co.,011-4988555,Via Monte Bianco 34,Unknown,Torino,,10100,Italy,EMEA,Accorti,Paolo,Medium,Accorti Paolo,EXPENSIVE,GOOD,1978.0,,,
10222.0,31.0,95.34,17.0,2955.54,2/19/2004,Shipped,Qui_1,2.0,2004.0,Ships,99.0,S700_3962,Technology,Smart watch,Collectable Mini Designs Co.,7605558146,361 Furth Circle,Unknown,San Diego,CA,91217,USA,,Thompson,Valarie,Small,Thompson Valarie,EXPENSIVE,GOOD,1972.0,,,
10204.0,42.0,100.0,7.0,4242.0,12/2/2003,Shipped,Qui_4,12.0,2003.0,Classic Cars,117.0,S24_2887,Office Supplies,Ruler,Muscle Machine Inc,2125557413,4092 Furth Circle,Suite 400,NYC,NY,10022,USA,,Young,Jeff,Medium,Young Jeff,EXPENSIVE,GOOD,1988.0,,,
10124.0,32.0,72.7,10.0,2326.4,5/21/2003,Shipped,Qui_2,5.0,2003.0,Classic Cars,90.0,S24_2766,Office Supplies,Eraser,Signal Gift Stores,7025551838,8489 Strong St.,Unknown,Las Vegas,NV,83030,USA,,King,Sue,Small,King Sue,EXPENSIVE,GOOD,1967.0,,,
10161.0,43.0,100.0,8.0,6153.73,10/17/2003,Shipped,Qui_4,10.0,2003.0,Classic Cars,124.0,S18_1589,Furniture,Bookshelf,Heintze Collectables,86 21 3555,Smagsloget 45,Unknown,Aaarhus,,8200,Denmark,EMEA,Ibsen,Palle,Medium,Ibsen Palle,EXPENSIVE,GOOD,1981.0,,,
10378.0,22.0,100.0,4.0,2464.0,2/10/2005,Shipped,Qui_1,2.0,2005.0,Classic Cars,80.0,S18_3278,Furniture,Cabinet,Euro Shopping Channel,(91) 555 94 44,"C/ Moralzarzal, 86",Unknown,Madrid,,28034,Spain,EMEA,Freyre,Diego,Small,Freyre Diego,EXPENSIVE,GOOD,1986.0,,,
10402.0,55.0,55.72,2.0,3064.6,4/7/2005,Shipped,Qui_2,4.0,2005.0,Motorcycles,60.0,S18_2625,Furniture,Table,Auto Canal Petit,(1) 47.55.6555,"25, rue Lauriston",Unknown,Paris,,75016,France,EMEA,Perrier,Dominique,Medium,Perrier Dominique,CHEAP,EXCELLENT,1997.0,,,
10416.0,23.0,91.34,9.0,2100.82,5/10/2005,Shipped,Qui_2,5.0,2005.0,Planes,91.0,S700_1691,Technology,Smart phone,L'ordine Souveniers,0522-556555,Strada Provinciale 124,Unknown,Reggio Emilia,,42100,Italy,EMEA,Moroni,Maurizio,Small,Moroni Maurizio,EXPENSIVE,GOOD,1998.0,,,
10241.0,47.0,94.5,6.0,4441.5,4/13/2004,Shipped,Qui_2,4.0,2004.0,Classic Cars,90.0,S24_2766,Office Supplies,Eraser,Mini Caravy,88.60.1555,"24, place Kluber",Unknown,Strasbourg,,67000,France,EMEA,Citeaux,Frederique,Medium,Citeaux Frederique,EXPENSIVE,GOOD,1964.0,,,
10176.0,29.0,100.0,7.0,2915.66,11/6/2003,Shipped,Qui_4,11.0,2003.0,Classic Cars,118.0,S24_4048,Office Supplies,Pencil,L'ordine Souveniers,0522-556555,Strada Provinciale 124,Unknown,Reggio Emilia,,42100,Italy,EMEA,Moroni,Maurizio,Small,Moroni Maurizio,EXPENSIVE,GOOD,2000.0,,,
10184.0,46.0,100.0,9.0,5984.14,11/14/2003,Shipped,Qui_4,11.0,2003.0,Trucks and Buses,122.0,S18_2319,Furniture,Chair,"Iberia Gift Imports, Corp.",(95) 555 82 82,"C/ Romero, 33",Unknown,Sevilla,,41101,Spain,EMEA,Roel,Jose Pedro,Medium,Roel JosePedro,EXPENSIVE,GOOD,1980.0,,,
10208.0,24.0,100.0,9.0,2622.48,1/2/2004,Shipped,Qui_1,1.0,2004.0,Vintage Cars,136.0,S18_3140,Furniture,Desk,"Saveley & Henriot, Co.",78.32.5555,"2, rue du Commerce",Unknown,Lyon,,69004,France,EMEA,Saveley,Mary,Small,Saveley Mary,EXPENSIVE,GOOD,1985.0,,,
10206.0,28.0,67.46,9.0,1888.88,12/5/2003,Shipped,Qui_4,12.0,2003.0,Vintage Cars,62.0,S18_2957,Furniture,Desk,Canadian Gift Exchange Network,(604) 555-3392,1900 Oak St.,Unknown,Vancouver,BC,V3F 2K1,Canada,,Tannamuri,Yoshi,Small,Tannamuri Yoshi,EXPENSIVE,GOOD,1963.0,,,
10164.0,36.0,99.17,8.0,3570.12,10/21/2003,Resolved,Qui_4,10.0,2003.0,Trucks and Buses,116.0,S18_1097,Furniture,Bookshelf,Mini Auto Werke,7675-3555,Kirchgasse 6,Unknown,Graz,,8010,Austria,EMEA,Mendel,Roland,Medium,Mendel Roland,EXPENSIVE,GOOD,1977.0,,,
10204.0,45.0,76.26,6.0,3431.7,12/2/2003,Shipped,Qui_4,12.0,2003.0,Classic Cars,71.0,S18_4933,Furniture,Table,Muscle Machine Inc,2125557413,4092 Furth Circle,Suite 400,NYC,NY,10022,USA,,Young,Jeff,Medium,Young Jeff,EXPENSIVE,GOOD,1960.0,,,
10275.0,32.0,89.51,14.0,2864.32,7/23/2004,Shipped,Qui_3,7.0,2004.0,Planes,91.0,S700_1691,Technology,Smart phone,La Rochelle Gifts,40.67.8555,"67, rue des Cinquante Otages",Unknown,Nantes,,44000,France,EMEA,Labrune,Janine,Small,Labrune Janine,EXPENSIVE,GOOD,1978.0,,,
10206.0,34.0,100.0,5.0,3966.78,12/5/2003,Shipped,Qui_4,12.0,2003.0,Trucks and Buses,116.0,S18_1097,Furniture,Bookshelf,Canadian Gift Exchange Network,(604) 555-3392,1900 Oak St.,Unknown,Vancouver,BC,V3F 2K1,Canada,,Tannamuri,Yoshi,Medium,Tannamuri Yoshi,EXPENSIVE,GOOD,1960.0,,,
10175.0,33.0,100.0,9.0,5362.83,11/6/2003,Shipped,Qui_4,11.0,2003.0,Classic Cars,147.0,S10_4962,Furniture,Cabinet,"Stylish Desk Decors, Co.",(171) 555-0297,35 King George,Unknown,London,,WX3 6FW,UK,EMEA,Brown,Ann,Medium,Brown Ann,EXPENSIVE,GOOD,1963.0,,,
10168.0,28.0,98.65,14.0,2762.2,10/28/2003,Shipped,Qui_4,10.0,2003.0,Planes,91.0,S700_1691,Technology,Smart phone,Technics Stores Inc.,6505556809,9408 Furth Circle,Unknown,Burlingame,CA,94217,USA,,Hirano,Juri,Small,Hirano Juri,EXPENSIVE,GOOD,1973.0,,,
10328.0,34.0,51.93,7.0,1765.62,11/12/2004,Shipped,Qui_4,11.0,2004.0,Vintage Cars,43.0,S50_1341,Accessories,Keyboard,Rovelli Gifts,035-640555,Via Ludovico il Moro 22,Unknown,Bergamo,,24100,Italy,EMEA,Rovelli,Giovanni,Small,Rovelli Giovanni,CHEAP,GOOD,1995.0,,,
10226.0,36.0,43.27,3.0,1557.72,2/26/2004,Shipped,Qui_1,2.0,2004.0,Classic Cars,50.0,S24_1628,Office Supplies,Lamp,Collectable Mini Designs Co.,7605558146,361 Furth Circle,Unknown,San Diego,CA,91217,USA,,Thompson,Valarie,Small,Thompson Valarie,CHEAP,GOOD,1971.0,,,
10273.0,37.0,45.86,10.0,1696.82,7/21/2004,Shipped,Qui_3,7.0,2004.0,Ships,54.0,S72_3212,Accessories,Headphone,Petit Auto,(02) 5554 67,Rue Joseph-Bens 532,Unknown,Bruxelles,,B-1180,Belgium,EMEA,Dewey,Catherine,Small,Dewey Catherine,CHEAP,GOOD,1982.0,,,
10225.0,27.0,100.0,9.0,4517.91,2/22/2004,Shipped,Qui_1,2.0,2004.0,Classic Cars,194.0,S12_1099,Furniture,Bookshelf,"Vida Sport, Ltd",0897-034555,Grenzacherweg 237,Unknown,Gensve,,1203,Switzerland,EMEA,Holz,Michael,Medium,Holz Michael,EXPENSIVE,GOOD,1976.0,,,
10262.0,33.0,90.75,6.0,2994.75,6/24/2004,Cancelled,Qui_2,6.0,2004.0,Planes,99.0,S700_2466,Technology,Smart watch,Euro Shopping Channel,(91) 555 94 44,"C/ Moralzarzal, 86",Unknown,Madrid,,28034,Spain,EMEA,Freyre,Diego,Small,Freyre Diego,EXPENSIVE,GOOD,1963.0,,,
10168.0,46.0,61.18,5.0,2814.28,10/28/2003,Shipped,Qui_4,10.0,2003.0,Motorcycles,60.0,S18_2625,Furniture,Table,Technics Stores Inc.,6505556809,9408 Furth Circle,Unknown,Burlingame,CA,94217,USA,,Hirano,Juri,Small,Hirano Juri,CHEAP,GOOD,1961.0,,,
10119.0,27.0,99.52,8.0,2687.04,4/28/2003,Shipped,Qui_2,4.0,2003.0,Vintage Cars,105.0,S18_3856,Furniture,Desk,Salzburg Collectables,6562-9555,Geislweg 14,Unknown,Salzburg,,5020,Austria,EMEA,Pipps,Georg,Small,Pipps Georg,EXPENSIVE,GOOD,1962.0,,,
10228.0,45.0,63.71,5.0,2866.95,3/10/2004,Shipped,Qui_1,3.0,2004.0,Vintage Cars,62.0,S18_2957,Furniture,Desk,Cambridge Collectables Co.,6175555555,4658 Baden Av.,Unknown,Cambridge,MA,51247,USA,,Tseng,Kyung,Small,Tseng Kyung,CHEAP,GOOD,1968.0,,,
10305.0,42.0,100.0,3.0,4618.32,10/13/2004,Shipped,Qui_4,10.0,2004.0,Trucks and Buses,115.0,S50_1392,Accessories,Adapter,Marta's Replicas Co.,6175558555,39323 Spinnaker Dr.,Unknown,Cambridge,MA,51247,USA,,Hernandez,Marta,Medium,Hernandez Marta,EXPENSIVE,GOOD,1978.0,,,
10185.0,22.0,79.45,5.0,1747.9,11/14/2003,Shipped,Qui_4,11.0,2003.0,Ships,99.0,S700_3962,Technology,Smart watch,Mini Creations Ltd.,5085559555,4575 Hillside Dr.,Unknown,New Bedford,MA,50553,USA,,Tam,Wing C,Small,Tam WingC,EXPENSIVE,GOOD,1999.0,,,
10249.0,25.0,69.7,2.0,1742.5,5/8/2004,Shipped,Qui_2,5.0,2004.0,Vintage Cars,65.0,S24_3420,Office Supplies,Lamp,Cambridge Collectables Co.,6175555555,4658 Baden Av.,Unknown,Cambridge,MA,51247,USA,,Tseng,Kyung,Small,Tseng Kyung,EXPENSIVE,GOOD,1964.0,,,
10147.0,26.0,82.39,3.0,2142.14,9/5/2003,Shipped,Qui_3,9.0,2003.0,Classic Cars,77.0,S18_1889,Furniture,Bookshelf,Collectables For Less Inc.,6175558555,7825 Douglas Av.,Unknown,Brickhaven,MA,58339,USA,,Nelson,Allen,Small,Nelson Allen,EXPENSIVE,GOOD,1986.0,,,
10419.0,34.0,90.17,14.0,3065.78,5/17/2005,Shipped,Qui_2,5.0,2005.0,Classic Cars,79.0,S12_3990,Furniture,Bookshelf,Salzburg Collectables,6562-9555,Geislweg 14,Unknown,Salzburg,,5020,Austria,EMEA,Pipps,Georg,Medium,Pipps Georg,EXPENSIVE,GOOD,1971.0,,,
10176.0,22.0,64.0,6.0,1408.0,11/6/2003,Shipped,Qui_4,11.0,2003.0,Trains,62.0,S32_3207,Office Supplies,Pen,L'ordine Souveniers,0522-556555,Strada Provinciale 124,Unknown,Reggio Emilia,,42100,Italy,EMEA,Moroni,Maurizio,Small,Moroni Maurizio,CHEAP,GOOD,1977.0,,,
10296.0,22.0,84.7,12.0,1863.4,9/15/2004,Shipped,Qui_3,9.0,2004.0,Vintage Cars,105.0,S18_3856,Furniture,Desk,"Bavarian Collectables Imports, Co.",+49 89 61 08 9555,Hansastr. 15,Unknown,Munich,,80686,Germany,EMEA,Donnermeyer,Michael,Small,Donnermeyer Michael,EXPENSIVE,GOOD,1979.0,,,
10296.0,21.0,96.34,13.0,2023.14,9/15/2004,Shipped,Qui_3,9.0,2004.0,Ships,86.0,S18_3029,Furniture,Table,"Bavarian Collectables Imports, Co.",+49 89 61 08 9555,Hansastr. 15,Unknown,Munich,,80686,Germany,EMEA,Donnermeyer,Michael,Small,Donnermeyer Michael,EXPENSIVE,GOOD,1977.0,,,
10122.0,25.0,100.0,3.0,3598.5,5/8/2003,Shipped,Qui_2,5.0,2003.0,Classic Cars,169.0,S18_3232,Furniture,Table,Marseille Mini Autos,91.24.4555,"12, rue des Bouchers",Unknown,Marseille,,13008,France,EMEA,Lebihan,Laurence,Medium,Lebihan Laurence,EXPENSIVE,GOOD,1977.0,,,
10313.0,27.0,87.64,6.0,2366.28,10/22/2004,Shipped,Qui_4,10.0,2004.0,Trucks and Buses,96.0,S32_1268,Office Supplies,Eraser,Canadian Gift Exchange Network,(604) 555-3392,1900 Oak St.,Unknown,Vancouver,BC,V3F 2K1,Canada,,Tannamuri,Yoshi,Small,Tannamuri Yoshi,EXPENSIVE,GOOD,1993.0,,,
10207.0,37.0,69.89,13.0,2585.93,12/9/2003,Shipped,Qui_4,12.0,2003.0,Trucks and Buses,60.0,S18_2432,Furniture,Table,Diecast Collectables,6175552555,6251 Ingle Ln.,Unknown,Boston,MA,51003,USA,,Franco,Valarie,Small,Franco Valarie,EXPENSIVE,GOOD,1984.0,,,
10110.0,43.0,78.15,11.0,3360.45,3/18/2003,Shipped,Qui_1,3.0,2003.0,Classic Cars,90.0,S24_2766,Office Supplies,Eraser,"AV Stores, Co.",(171) 555-1555,Fauntleroy Circus,Unknown,Manchester,,EC2 5NT,UK,EMEA,Ashworth,Victoria,Medium,Ashworth Victoria,EXPENSIVE,GOOD,1976.0,,,
10325.0,24.0,100.0,1.0,2583.6,11/5/2004,Shipped,Qui_4,11.0,2004.0,Classic Cars,173.0,S12_3891,Furniture,Bookshelf,Baane Mini Imports,07-98 9555,Erling Skakkes gate 78,Unknown,Stavern,,4110,Norway,EMEA,Bergulfsen,Jonas,Small,Bergulfsen Jonas,EXPENSIVE,GOOD,1979.0,,,
,,,,,,,,,,,,,,,,,,,,,,,,,,,,,,,Fred,18.0,Boston
10300.0,33.0,100.0,5.0,5521.89,10/4/2003,Shipped,Qui_4,10.0,2003.0,Classic Cars,194.0,S12_1099,Furniture,Bookshelf,"Blauer See Auto, Co.",+49 69 66 90 2555,Lyonerstr. 34,Unknown,Frankfurt,,60528,Germany,EMEA,Keitel,Roland,Medium,Keitel Roland,EXPENSIVE,GOOD,1980.0,,,
10227.0,33.0,100.0,13.0,4340.49,3/2/2004,Shipped,Qui_1,3.0,2004.0,Classic Cars,117.0,S24_2887,Office Supplies,Ruler,"Saveley & Henriot, Co.",78.32.5555,"2, rue du Commerce",Unknown,Lyon,,69004,France,EMEA,Saveley,Mary,Medium,Saveley Mary,EXPENSIVE,GOOD,1991.0,,,
10363.0,50.0,100.0,2.0,6576.5,1/6/2005,Shipped,Qui_1,1.0,2005.0,Motorcycles,99.0,S32_1374,Office Supplies,Eraser,Suominen Souveniers,+358 9 8045 555,"Software Engineering Center, SEC Oy",Unknown,Espoo,,FIN-02271,Finland,EMEA,Suominen,Kalle,Medium,Suominen Kalle,EXPENSIVE,EXCELLENT,1968.0,,,
10304.0,26.0,85.87,8.0,2232.62,10/11/2004,Shipped,Qui_4,10.0,2004.0,Vintage Cars,104.0,S18_3136,Furniture,Table,Auto Assoc. & Cie.,30.59.8555,"67, avenue de l'Europe",Unknown,Versailles,,78000,France,EMEA,Tonini,Daniel,Small,Tonini Daniel,EXPENSIVE,GOOD,1965.0,,,
10169.0,34.0,50.21,1.0,1707.14,11/4/2003,Shipped,Qui_4,11.0,2003.0,Classic Cars,61.0,S24_3371,Office Supplies,Eraser,"Anna's Decorations, Ltd",02 9936 8555,201 Miller Street,Level 15,North Sydney,NSW,2060,Australia,APAC,O'Hara,Anna,Small,O'Hara Anna,CHEAP,GOOD,1992.0,,,
10161.0,30.0,100.0,6.0,3148.2,10/17/2003,Shipped,Qui_4,10.0,2003.0,Classic Cars,107.0,S24_3432,Office Supplies,Lamp,Heintze Collectables,86 21 3555,Smagsloget 45,Unknown,Aaarhus,,8200,Denmark,EMEA,Ibsen,Palle,Medium,Ibsen Palle,EXPENSIVE,GOOD,1992.0,,,
10412.0,54.0,100.0,5.0,5951.34,5/3/2005,Shipped,Qui_2,5.0,2005.0,Trucks and Buses,118.0,S12_4473,Furniture,Cabinet,Euro Shopping Channel,(91) 555 94 44,"C/ Moralzarzal, 86",Unknown,Madrid,,28034,Spain,EMEA,Freyre,Diego,Medium,Freyre Diego,EXPENSIVE,EXCELLENT,1997.0,,,
10381.0,35.0,100.0,5.0,4288.2,2/17/2005,Shipped,Qui_1,2.0,2005.0,Vintage Cars,104.0,S18_3136,Furniture,Table,Corporate Gift Ideas Co.,6505551386,7734 Strong St.,Unknown,San Francisco,CA,,USA,,Brown,Julie,Medium,Brown Julie,EXPENSIVE,GOOD,1976.0,,,
10264.0,47.0,83.27,1.0,3913.69,6/30/2004,Shipped,Qui_2,6.0,2004.0,Classic Cars,80.0,S24_4620,Office Supplies,Lamp,Gifts4AllAges.com,6175559555,8616 Spinnaker Dr.,Unknown,Boston,MA,51003,USA,,Yoshido,Juri,Medium,Yoshido Juri,EXPENSIVE,GOOD,1984.0,,,
10143.0,49.0,100.0,15.0,5597.76,8/10/2003,Shipped,Qui_3,8.0,2003.0,Classic Cars,136.0,S10_4757,Furniture,Desk,Mini Creations Ltd.,5085559555,4575 Hillside Dr.,Unknown,New Bedford,MA,50553,USA,,Tam,Wing C,Medium,Tam WingC,EXPENSIVE,GOOD,1971.0,,,
10314.0,38.0,61.51,7.0,2337.38,10/22/2004,Shipped,Qui_4,10.0,2004.0,Trains,58.0,S50_1514,Accessories,Headphone,Heintze Collectables,86 21 3555,Smagsloget 45,Unknown,Aaarhus,,8200,Denmark,EMEA,Ibsen,Palle,Small,Ibsen Palle,CHEAP,GOOD,1975.0,,,
10152.0,25.0,65.31,4.0,1632.75,9/25/2003,Shipped,Qui_3,9.0,2003.0,Classic Cars,57.0,S24_1444,Office Supplies,Pencil,"Australian Gift Network, Co",61-7-3844-6555,31 Duncan St. West End,Unknown,South Brisbane,Queensland,4101,Australia,APAC,Calaghan,Tony,Small,Calaghan Tony,EXPENSIVE,GOOD,1960.0,,,
10149.0,20.0,90.57,1.0,1811.4,9/12/2003,Shipped,Qui_3,9.0,2003.0,Vintage Cars,97.0,S24_4258,Office Supplies,Pencil,Signal Collectibles Ltd.,4155554312,2793 Furth Circle,Unknown,Brisbane,CA,94217,USA,,Taylor,Sue,Small,Taylor Sue,EXPENSIVE,GOOD,1989.0,,,
10222.0,47.0,70.81,14.0,3328.07,2/19/2004,Shipped,Qui_1,2.0,2004.0,Vintage Cars,88.0,S24_3151,Office Supplies,Pencil,Collectable Mini Designs Co.,7605558146,361 Furth Circle,Unknown,San Diego,CA,91217,USA,,Thompson,Valarie,Medium,Thompson Valarie,EXPENSIVE,GOOD,1965.0,,,
10264.0,48.0,54.71,3.0,2626.08,6/30/2004,Shipped,Qui_2,6.0,2004.0,Motorcycles,62.0,S18_3782,Furniture,Bookshelf,Gifts4AllAges.com,6175559555,8616 Spinnaker Dr.,Unknown,Boston,MA,51003,USA,,Yoshido,Juri,Small,Yoshido Juri,CHEAP,GOOD,1994.0,,,
10416.0,24.0,100.0,14.0,4352.16,5/10/2005,Shipped,Qui_2,5.0,2005.0,Planes,157.0,S18_1662,Furniture,Cabinet,L'ordine Souveniers,0522-556555,Strada Provinciale 124,Unknown,Reggio Emilia,,42100,Italy,EMEA,Moroni,Maurizio,Medium,Moroni Maurizio,EXPENSIVE,GOOD,1975.0,,,
10169.0,35.0,100.0,13.0,4639.25,11/4/2003,Shipped,Qui_4,11.0,2003.0,Motorcycles,150.0,S12_2823,Furniture,Table,"Anna's Decorations, Ltd",02 9936 8555,201 Miller Street,Level 15,North Sydney,NSW,2060,Australia,APAC,O'Hara,Anna,Medium,O'Hara Anna,EXPENSIVE,GOOD,1984.0,,,
10358.0,32.0,93.49,12.0,2991.68,12/10/2004,Shipped,Qui_4,12.0,2004.0,Classic Cars,169.0,S18_3232,Furniture,Table,Euro Shopping Channel,(91) 555 94 44,"C/ Moralzarzal, 86",Unknown,Madrid,,28034,Spain,EMEA,Freyre,Diego,Small,Freyre Diego,EXPENSIVE,GOOD,1996.0,,,
10246.0,46.0,100.0,1.0,6311.2,5/5/2004,Shipped,Qui_2,5.0,2004.0,Classic Cars,118.0,S24_4048,Office Supplies,Pencil,Euro Shopping Channel,(91) 555 94 44,"C/ Moralzarzal, 86",Unknown,Madrid,,28034,Spain,EMEA,Freyre,Diego,Medium,Freyre Diego,EXPENSIVE,GOOD,1967.0,,,
10153.0,20.0,100.0,3.0,2204.6,9/28/2003,Shipped,Qui_3,9.0,2003.0,Ships,99.0,S700_3962,Technology,Smart watch,Euro Shopping Channel,(91) 555 94 44,"C/ Moralzarzal, 86",Unknown,Madrid,,28034,Spain,EMEA,Freyre,Diego,Small,Freyre Diego,EXPENSIVE,GOOD,1990.0,,,
10319.0,29.0,38.22,5.0,1108.38,11/3/2004,Shipped,Qui_4,11.0,2004.0,Motorcycles,40.0,S32_2206,Office Supplies,Pen,Microscale Inc.,2125551957,5290 North Pendale Street,Suite 200,NYC,NY,10022,USA,,Kuo,Kee,Small,Kuo Kee,CHEAP,GOOD,1978.0,,,
10160.0,20.0,100.0,1.0,3996.4,10/11/2003,Shipped,Qui_4,10.0,2003.0,Classic Cars,169.0,S18_3232,Furniture,Table,"Men 'R' US Retailers, Ltd.",2155554369,6047 Douglas Av.,Unknown,Los Angeles,CA,,USA,,Chandler,Michael,Medium,Chandler Michael,EXPENSIVE,GOOD,1995.0,,,
10322.0,36.0,100.0,2.0,5797.44,11/4/2004,Shipped,Qui_4,11.0,2004.0,Vintage Cars,168.0,S18_2795,Furniture,Bookshelf,Online Diecast Creations Co.,6035558647,2304 Long Airport Avenue,Unknown,Nashua,NH,62005,USA,,Young,Valarie,Medium,Young Valarie,EXPENSIVE,GOOD,1975.0,,,
10196.0,49.0,100.0,1.0,6893.81,11/26/2003,Shipped,Qui_4,11.0,2003.0,Vintage Cars,136.0,S18_3140,Furniture,Desk,Super Scale Inc.,2035559545,567 North Pendale Street,Unknown,New Haven,CT,97823,USA,,Murphy,Leslie,Medium,Murphy Leslie,EXPENSIVE,GOOD,1964.0,,,
10411.0,27.0,69.16,5.0,1867.32,5/1/2005,Shipped,Qui_2,5.0,2005.0,Trucks and Buses,64.0,S32_3522,Office Supplies,Lamp,Quebec Home Shopping Network,(514) 555-8054,43 rue St. Laurent,Unknown,Montreal,Quebec,H1J 1C3,Canada,,Fresnisre,Jean,Small,Fresnisre Jean,EXPENSIVE,GOOD,1965.0,,,
10174.0,48.0,93.34,3.0,4480.32,11/6/2003,Shipped,Qui_4,11.0,2003.0,Trucks and Buses,116.0,S18_1097,Furniture,Bookshelf,"Australian Gift Network, Co",61-7-3844-6555,31 Duncan St. West End,Unknown,South Brisbane,Queensland,4101,Australia,APAC,Calaghan,Tony,Medium,Calaghan Tony,EXPENSIVE,GOOD,1985.0,,,
10367.0,45.0,100.0,4.0,8884.8,1/12/2005,Resolved,Qui_1,1.0,2005.0,Vintage Cars,60.0,S18_2248,Furniture,Desk,Toys4GrownUps.com,6265557265,78934 Hillside Dr.,Unknown,Pasadena,CA,90003,USA,,Young,Julie,Large,Young Julie,EXPENSIVE,GOOD,1990.0,,,
10316.0,30.0,77.79,8.0,2333.7,11/1/2004,Shipped,Qui_4,11.0,2004.0,Planes,68.0,S24_3949,Office Supplies,Pencil,giftsbymail.co.uk,(198) 555-8888,Garden House Crowther Way,Unknown,Cowes,Isle of Wight,PO31 7PJ,UK,EMEA,Bennett,Helen,Small,Bennett Helen,EXPENSIVE,GOOD,1979.0,,,
10282.0,29.0,46.82,11.0,1357.78,8/20/2004,Shipped,Qui_3,8.0,2004.0,Classic Cars,57.0,S24_1444,Office Supplies,Pencil,Mini Gifts Distributors Ltd.,4155551450,5677 Strong St.,Unknown,San Rafael,CA,97562,USA,,Nelson,Valarie,Small,Nelson Valarie,CHEAP,GOOD,1997.0,,,
10361.0,26.0,100.0,7.0,3710.98,12/17/2004,Shipped,Qui_4,12.0,2004.0,Planes,68.0,S24_3949,Office Supplies,Pencil,Souveniers And Things Co.,+61 2 9495 8555,"Monitor Money Building, 815 Pacific Hwy",Level 6,Chatswood,NSW,2067,Australia,APAC,Huxley,Adrian,Medium,Huxley Adrian,EXPENSIVE,GOOD,1985.0,,,
10125.0,34.0,100.0,2.0,6483.46,5/21/2003,Shipped,Qui_2,5.0,2003.0,Vintage Cars,168.0,S18_2795,Furniture,Bookshelf,"Australian Collectors, Co.",03 9520 4555,636 St Kilda Road,Level 3,Melbourne,Victoria,3004,Australia,APAC,Ferguson,Peter,Medium,Ferguson Peter,EXPENSIVE,GOOD,1997.0,,,
10252.0,25.0,100.0,9.0,2832.0,5/26/2004,Shipped,Qui_2,5.0,2004.0,Motorcycles,102.0,S32_4485,Office Supplies,Ruler,Auto Canal Petit,(1) 47.55.6555,"25, rue Lauriston",Unknown,Paris,,75016,France,EMEA,Perrier,Dominique,Small,Perrier Dominique,EXPENSIVE,GOOD,1979.0,,,
10406.0,65.0,100.0,1.0,10468.9,4/15/2005,Disputed,Qui_2,4.0,2005.0,Classic Cars,141.0,S18_3685,Furniture,Bookshelf,Danish Wholesale Imports,31 12 3555,Vinb'ltet 34,Unknown,Kobenhavn,,1734,Denmark,EMEA,Petersen,Jytte,Large,Petersen Jytte,EXPENSIVE,EXCELLENT,1981.0,,,
10110.0,37.0,100.0,14.0,3724.42,3/18/2003,Shipped,Qui_1,3.0,2003.0,Classic Cars,107.0,S24_3432,Office Supplies,Lamp,"AV Stores, Co.",(171) 555-1555,Fauntleroy Circus,Unknown,Manchester,,EC2 5NT,UK,EMEA,Ashworth,Victoria,Medium,Ashworth Victoria,EXPENSIVE,GOOD,1976.0,,,
10167.0,21.0,69.88,2.0,1467.48,10/23/2003,Cancelled,Qui_4,10.0,2003.0,Planes,68.0,S24_2841,Office Supplies,Pencil,Scandinavian Gift Ideas,0695-34 6555,?kergatan 24,Unknown,Boras,,S-844 67,Sweden,EMEA,Larsson,Maria,Small,Larsson Maria,EXPENSIVE,GOOD,1969.0,,,
10284.0,45.0,100.0,11.0,5747.85,8/21/2004,Shipped,Qui_3,8.0,2004.0,Planes,157.0,S18_1662,Furniture,Cabinet,"Norway Gifts By Mail, Co.",+47 2212 1555,"Drammensveien 126 A, PB 744 Sentrum",Unknown,Oslo,,N 0106,Norway,EMEA,Klaeboe,Jan,Medium,Klaeboe Jan,EXPENSIVE,GOOD,1997.0,,,
10353.0,28.0,71.73,2.0,2008.44,12/4/2004,Shipped,Qui_4,12.0,2004.0,Planes,109.0,S24_1785,Office Supplies,Ruler,Gift Ideas Corp.,2035554407,2440 Pompton St.,Unknown,Glendale,CT,97561,USA,,Lewis,Dan,Small,Lewis Dan,EXPENSIVE,GOOD,1992.0,,,
10191.0,40.0,100.0,1.0,5590.0,11/20/2003,Shipped,Qui_4,11.0,2003.0,Classic Cars,117.0,S12_3380,Furniture,Bookshelf,"Toms Spezialitten, Ltd",0221-5554327,Mehrheimerstr. 369,Unknown,Koln,,50739,Germany,EMEA,Pfalzheim,Henriette,Medium,Pfalzheim Henriette,EXPENSIVE,GOOD,1978.0,,,
10215.0,46.0,100.0,2.0,5152.0,1/29/2004,Shipped,Qui_1,1.0,2004.0,Trucks and Buses,116.0,S18_1097,Furniture,Bookshelf,West Coast Collectables Co.,3105553722,3675 Furth Circle,Unknown,Burbank,CA,94019,USA,,Thompson,Steve,Medium,Thompson Steve,EXPENSIVE,GOOD,1991.0,,,
10149.0,24.0,62.36,10.0,1496.64,9/12/2003,Shipped,Qui_3,9.0,2003.0,Vintage Cars,60.0,S18_2248,Furniture,Desk,Signal Collectibles Ltd.,4155554312,2793 Furth Circle,Unknown,Brisbane,CA,94217,USA,,Taylor,Sue,Small,Taylor Sue,CHEAP,GOOD,1981.0,,,
10321.0,26.0,100.0,13.0,4052.88,11/4/2004,Shipped,Qui_4,11.0,2004.0,Classic Cars,140.0,S24_3856,Office Supplies,Pencil,FunGiftIdeas.com,5085552555,1785 First Street,Unknown,New Bedford,MA,50553,USA,,Benitez,Violeta,Medium,Benitez Violeta,EXPENSIVE,GOOD,1986.0,,,
10350.0,41.0,93.04,2.0,3814.64,12/2/2004,Shipped,Qui_4,12.0,2004.0,Trains,100.0,S18_3259,Furniture,Desk,Euro Shopping Channel,(91) 555 94 44,"C/ Moralzarzal, 86",Unknown,Madrid,,28034,Spain,EMEA,Freyre,Diego,Medium,Freyre Diego,EXPENSIVE,GOOD,1963.0,,,
10330.0,42.0,81.03,1.0,3403.26,11/16/2004,Shipped,Qui_4,11.0,2004.0,Motorcycles,69.0,S24_2360,Office Supplies,Eraser,Cruz & Sons Co.,+63 2 555 3587,15 McCallum Street - NatWest Center #13-03,Unknown,Makati City,,1227 MM,Philippines,Japan,Cruz,Arnold,Medium,Cruz Arnold,EXPENSIVE,GOOD,1999.0,,,
10346.0,24.0,100.0,2.0,3325.92,11/29/2004,Shipped,Qui_4,11.0,2004.0,Classic Cars,85.0,S24_3191,Office Supplies,Ruler,Signal Gift Stores,7025551838,8489 Strong St.,Unknown,Las Vegas,NV,83030,USA,,King,Sue,Medium,King Sue,EXPENSIVE,GOOD,1991.0,,,
10175.0,47.0,100.0,10.0,5121.59,11/6/2003,Shipped,Qui_4,11.0,2003.0,Trucks and Buses,121.0,S18_4600,Furniture,Chair,"Stylish Desk Decors, Co.",(171) 555-0297,35 King George,Unknown,London,,WX3 6FW,UK,EMEA,Brown,Ann,Medium,Brown Ann,EXPENSIVE,GOOD,1965.0,,,
10381.0,37.0,100.0,6.0,6231.54,2/17/2005,Shipped,Qui_1,2.0,2005.0,Classic Cars,147.0,S10_4962,Furniture,Cabinet,Corporate Gift Ideas Co.,6505551386,7734 Strong St.,Unknown,San Francisco,CA,,USA,,Brown,Julie,Medium,Brown Julie,EXPENSIVE,GOOD,1967.0,,,
10195.0,33.0,54.68,1.0,1804.44,11/25/2003,Shipped,Qui_4,11.0,2003.0,Trains,62.0,S32_3207,Office Supplies,Pen,Mini Classics,9145554562,3758 North Pendale Street,Unknown,White Plains,NY,24067,USA,,Frick,Steve,Small,Frick Steve,CHEAP,GOOD,1991.0,,,
10372.0,41.0,86.89,7.0,3562.49,1/26/2005,Shipped,Qui_1,1.0,2005.0,Vintage Cars,87.0,S18_4522,Furniture,Table,"Tokyo Collectables, Ltd",+81 3 3584 0555,2-2-8 Roppongi,Unknown,Minato-ku,Tokyo,106-0032,Japan,Japan,Shimamura,Akiko,Medium,Shimamura Akiko,EXPENSIVE,GOOD,1972.0,,,
10167.0,33.0,100.0,16.0,3812.16,10/23/2003,Cancelled,Qui_4,10.0,2003.0,Ships,122.0,S24_2011,Office Supplies,Pen,Scandinavian Gift Ideas,0695-34 6555,?kergatan 24,Unknown,Boras,,S-844 67,Sweden,EMEA,Larsson,Maria,Medium,Larsson Maria,EXPENSIVE,GOOD,1965.0,,,
10412.0,19.0,48.7,7.0,925.3,5/3/2005,Shipped,Qui_2,5.0,2005.0,Trucks and Buses,54.0,S32_2509,Office Supplies,Pen,Euro Shopping Channel,(91) 555 94 44,"C/ Moralzarzal, 86",Unknown,Madrid,,28034,Spain,EMEA,Freyre,Diego,Small,Freyre Diego,CHEAP,GOOD,1963.0,,,
10204.0,39.0,33.23,2.0,1295.97,12/2/2003,Shipped,Qui_4,12.0,2003.0,Vintage Cars,41.0,S24_3969,Office Supplies,Eraser,Muscle Machine Inc,2125557413,4092 Furth Circle,Suite 400,NYC,NY,10022,USA,,Young,Jeff,Small,Young Jeff,CHEAP,GOOD,1992.0,,,
10350.0,25.0,100.0,16.0,2854.75,12/2/2004,Shipped,Qui_4,12.0,2004.0,Ships,99.0,S700_3962,Technology,Smart watch,Euro Shopping Channel,(91) 555 94 44,"C/ Moralzarzal, 86",Unknown,Madrid,,28034,Spain,EMEA,Freyre,Diego,Small,Freyre Diego,EXPENSIVE,GOOD,1975.0,,,
10120.0,29.0,96.34,3.0,2793.86,4/29/2003,Shipped,Qui_2,4.0,2003.0,Motorcycles,118.0,S10_2016,Furniture,Chair,"Australian Collectors, Co.",03 9520 4555,636 St Kilda Road,Level 3,Melbourne,Victoria,3004,Australia,APAC,Ferguson,Peter,Small,Ferguson Peter,EXPENSIVE,GOOD,1964.0,,,
10178.0,30.0,72.33,3.0,2169.9,11/8/2003,Shipped,Qui_4,11.0,2003.0,Planes,68.0,S24_3949,Office Supplies,Pencil,Alpha Cognac,61.77.6555,1 rue Alsace-Lorraine,Unknown,Toulouse,,31000,France,EMEA,Roulet,Annette,Small,Roulet Annette,EXPENSIVE,GOOD,1990.0,,,
10333.0,33.0,99.21,6.0,3273.93,11/18/2004,Shipped,Qui_4,11.0,2004.0,Trucks and Buses,136.0,S12_1666,Furniture,Cabinet,Mini Wheels Co.,6505555787,5557 North Pendale Street,Unknown,San Francisco,CA,,USA,,Murphy,Julie,Medium,Murphy Julie,EXPENSIVE,GOOD,1997.0,,,
10145.0,31.0,35.8,1.0,1109.8,8/25/2003,Shipped,Qui_3,8.0,2003.0,Motorcycles,40.0,S32_2206,Office Supplies,Pen,Toys4GrownUps.com,6265557265,78934 Hillside Dr.,Unknown,Pasadena,CA,90003,USA,,Young,Julie,Small,Young Julie,CHEAP,GOOD,1992.0,,,
10253.0,33.0,100.0,4.0,4459.62,6/1/2004,Cancelled,Qui_2,6.0,2004.0,Classic Cars,142.0,S18_1984,Furniture,Bookshelf,"UK Collectables, Ltd.",(171) 555-2282,Berkeley Gardens 12  Brewery,Unknown,Liverpool,,WX1 6LT,UK,EMEA,Devon,Elizabeth,Medium,Devon Elizabeth,EXPENSIVE,GOOD,1983.0,,,
10126.0,43.0,53.83,9.0,2314.69,5/28/2003,Shipped,Qui_2,5.0,2003.0,Vintage Cars,50.0,S18_4668,Furniture,Cabinet,"Corrida Auto Replicas, Ltd",(91) 555 22 82,"C/ Araquil, 67",Unknown,Madrid,,28023,Spain,EMEA,Sommer,Mart¡n,Small,Sommer Mart¡n,CHEAP,GOOD,1989.0,,,
10122.0,34.0,100.0,2.0,5004.8,5/8/2003,Shipped,Qui_2,5.0,2003.0,Classic Cars,141.0,S18_1129,Furniture,Table,Marseille Mini Autos,91.24.4555,"12, rue des Bouchers",Unknown,Marseille,,13008,France,EMEA,Lebihan,Laurence,Medium,Lebihan Laurence,EXPENSIVE,GOOD,1973.0,,,
10196.0,35.0,100.0,3.0,3564.75,11/26/2003,Shipped,Qui_4,11.0,2003.0,Trains,100.0,S18_3259,Furniture,Desk,Super Scale Inc.,2035559545,567 North Pendale Street,Unknown,New Haven,CT,97823,USA,,Murphy,Leslie,Medium,Murphy Leslie,EXPENSIVE,GOOD,1990.0,,,
10341.0,31.0,71.02,4.0,2201.62,11/24/2004,Shipped,Qui_4,11.0,2004.0,Motorcycles,102.0,S32_4485,Office Supplies,Ruler,Salzburg Collectables,6562-9555,Geislweg 14,Unknown,Salzburg,,5020,Austria,EMEA,Pipps,Georg,Small,Pipps Georg,EXPENSIVE,GOOD,1975.0,,,
10296.0,24.0,100.0,4.0,2441.04,9/15/2004,Shipped,Qui_3,9.0,2004.0,Planes,99.0,S700_2466,Technology,Smart watch,"Bavarian Collectables Imports, Co.",+49 89 61 08 9555,Hansastr. 15,Unknown,Munich,,80686,Germany,EMEA,Donnermeyer,Michael,Small,Donnermeyer Michael,EXPENSIVE,GOOD,1984.0,,,
10145.0,33.0,93.9,12.0,3098.7,8/25/2003,Shipped,Qui_3,8.0,2003.0,Motorcycles,99.0,S32_1374,Office Supplies,Eraser,Toys4GrownUps.com,6265557265,78934 Hillside Dr.,Unknown,Pasadena,CA,90003,USA,,Young,Julie,Medium,Young Julie,EXPENSIVE,GOOD,1960.0,,,
10414.0,28.0,100.0,7.0,3029.04,5/6/2005,On Hold,Qui_2,5.0,2005.0,Ships,100.0,S700_3505,Technology,Laptop,Gifts4AllAges.com,6175559555,8616 Spinnaker Dr.,Unknown,Boston,MA,51003,USA,,Yoshido,Juri,Medium,Yoshido Juri,EXPENSIVE,GOOD,1994.0,,,
10395.0,45.0,100.0,3.0,8977.05,3/17/2005,Shipped,Qui_1,3.0,2005.0,Trains,58.0,S50_1514,Accessories,Headphone,Lyon Souveniers,+33 1 46 62 7555,27 rue du Colonel Pierre Avia,Unknown,Paris,,75508,France,EMEA,Da Cunha,Daniel,Large,DaCunha Daniel,EXPENSIVE,GOOD,1963.0,,,
10223.0,23.0,74.62,10.0,1716.26,2/20/2004,Shipped,Qui_1,2.0,2004.0,Planes,72.0,S24_4278,Office Supplies,Eraser,"Australian Collectors, Co.",03 9520 4555,636 St Kilda Road,Level 3,Melbourne,Victoria,3004,Australia,APAC,Ferguson,Peter,Small,Ferguson Peter,EXPENSIVE,GOOD,1993.0,,,
10122.0,21.0,73.17,13.0,1536.57,5/8/2003,Shipped,Qui_2,5.0,2003.0,Classic Cars,80.0,S18_3278,Furniture,Cabinet,Marseille Mini Autos,91.24.4555,"12, rue des Bouchers",Unknown,Marseille,,13008,France,EMEA,Lebihan,Laurence,Small,Lebihan Laurence,EXPENSIVE,GOOD,1979.0,,,
10247.0,48.0,100.0,5.0,6756.0,5/5/2004,Shipped,Qui_2,5.0,2004.0,Classic Cars,143.0,S18_4027,Furniture,Table,Suominen Souveniers,+358 9 8045 555,"Software Engineering Center, SEC Oy",Unknown,Espoo,,FIN-02271,Finland,EMEA,Suominen,Kalle,Medium,Suominen Kalle,EXPENSIVE,GOOD,1970.0,,,
10204.0,42.0,100.0,17.0,6182.4,12/2/2003,Shipped,Qui_4,12.0,2003.0,Classic Cars,141.0,S18_1129,Furniture,Table,Muscle Machine Inc,2125557413,4092 Furth Circle,Suite 400,NYC,NY,10022,USA,,Young,Jeff,Medium,Young Jeff,EXPENSIVE,GOOD,1972.0,,,
10322.0,22.0,100.0,10.0,2251.04,11/4/2004,Shipped,Qui_4,11.0,2004.0,Trucks and Buses,116.0,S18_1097,Furniture,Bookshelf,Online Diecast Creations Co.,6035558647,2304 Long Airport Avenue,Unknown,Nashua,NH,62005,USA,,Young,Valarie,Small,Young Valarie,EXPENSIVE,GOOD,1971.0,,,
10127.0,20.0,60.69,8.0,1213.8,6/3/2003,Shipped,Qui_2,6.0,2003.0,Classic Cars,57.0,S24_1444,Office Supplies,Pencil,Muscle Machine Inc,2125557413,4092 Furth Circle,Suite 400,NYC,NY,10022,USA,,Young,Jeff,Small,Young Jeff,CHEAP,GOOD,1979.0,,,
10342.0,30.0,100.0,4.0,5029.5,11/24/2004,Shipped,Qui_4,11.0,2004.0,Classic Cars,169.0,S18_3232,Furniture,Table,"Australian Collectors, Co.",03 9520 4555,636 St Kilda Road,Level 3,Melbourne,Victoria,3004,Australia,APAC,Ferguson,Peter,Medium,Ferguson Peter,EXPENSIVE,GOOD,1997.0,,,
10314.0,20.0,100.0,1.0,2731.8,10/22/2004,Shipped,Qui_4,10.0,2004.0,Vintage Cars,136.0,S18_3140,Furniture,Desk,Heintze Collectables,86 21 3555,Smagsloget 45,Unknown,Aaarhus,,8200,Denmark,EMEA,Ibsen,Palle,Small,Ibsen Palle,EXPENSIVE,GOOD,1995.0,,,
10240.0,37.0,100.0,1.0,5959.22,4/13/2004,Shipped,Qui_2,4.0,2004.0,Classic Cars,141.0,S18_3685,Furniture,Bookshelf,Osaka Souveniers Co.,+81 06 6342 5555,"Dojima Avanza 4F, 1-6-20 Dojima, Kita-ku",Unknown,Osaka,Osaka,530-0003,Japan,Japan,Kentary,Mory,Medium,Kentary Mory,EXPENSIVE,GOOD,1991.0,,,
10191.0,48.0,60.01,2.0,2880.48,11/20/2003,Shipped,Qui_4,11.0,2003.0,Classic Cars,61.0,S24_3371,Office Supplies,Eraser,"Toms Spezialitten, Ltd",0221-5554327,Mehrheimerstr. 369,Unknown,Koln,,50739,Germany,EMEA,Pfalzheim,Henriette,Small,Pfalzheim Henriette,CHEAP,GOOD,1976.0,,,
10361.0,26.0,100.0,9.0,2754.7,12/17/2004,Shipped,Qui_4,12.0,2004.0,Planes,99.0,S700_2466,Technology,Smart watch,Souveniers And Things Co.,+61 2 9495 8555,"Monitor Money Building, 815 Pacific Hwy",Level 6,Chatswood,NSW,2067,Australia,APAC,Huxley,Adrian,Small,Huxley Adrian,EXPENSIVE,GOOD,1997.0,,,
10319.0,46.0,73.98,1.0,3403.08,11/3/2004,Shipped,Qui_4,11.0,2004.0,Classic Cars,80.0,S18_3278,Furniture,Cabinet,Microscale Inc.,2125551957,5290 North Pendale Street,Suite 200,NYC,NY,10022,USA,,Kuo,Kee,Medium,Kuo Kee,EXPENSIVE,GOOD,1985.0,,,
10373.0,23.0,100.0,10.0,2394.3,1/31/2005,Shipped,Qui_1,1.0,2005.0,Vintage Cars,83.0,S24_3816,Office Supplies,Pen,"Oulu Toy Supplies, Inc.",981-443655,Torikatu 38,Unknown,Oulu,,90110,Finland,EMEA,Koskitalo,Pirkko,Small,Koskitalo Pirkko,EXPENSIVE,GOOD,1994.0,,,
10371.0,48.0,56.55,10.0,2714.4,1/23/2005,Shipped,Qui_1,1.0,2005.0,Trucks and Buses,115.0,S50_1392,Accessories,Adapter,Mini Gifts Distributors Ltd.,4155551450,5677 Strong St.,Unknown,San Rafael,CA,97562,USA,,Nelson,Valarie,Small,Nelson Valarie,CHEAP,GOOD,1985.0,,,
10398.0,22.0,86.76,8.0,1908.72,3/30/2005,Shipped,Qui_1,3.0,2005.0,Planes,99.0,S700_2466,Technology,Smart watch,Reims Collectables,26.47.1555,59 rue de l'Abbaye,Unknown,Reims,,51100,France,EMEA,Henriot,Paul,Small,Henriot Paul,EXPENSIVE,GOOD,1976.0,,,
10150.0,30.0,42.76,6.0,1282.8,9/19/2003,Shipped,Qui_3,9.0,2003.0,Vintage Cars,50.0,S18_4668,Furniture,Cabinet,"Dragon Souveniers, Ltd.",+65 221 7555,"Bronz Sok., Bronz Apt. 3/6 Tesvikiye",Unknown,Singapore,,79903,Singapore,Japan,Natividad,Eric,Small,Natividad Eric,CHEAP,GOOD,1989.0,,,
10419.0,70.0,100.0,8.0,9240.0,5/17/2005,Shipped,Qui_2,5.0,2005.0,Classic Cars,140.0,S24_3856,Office Supplies,Pencil,Salzburg Collectables,6562-9555,Geislweg 14,Unknown,Salzburg,,5020,Austria,EMEA,Pipps,Georg,Large,Pipps Georg,EXPENSIVE,EXCELLENT,1970.0,,,
10391.0,37.0,46.9,7.0,1735.3,3/9/2005,Shipped,Qui_1,3.0,2005.0,Classic Cars,147.0,S10_4962,Furniture,Cabinet,"Anna's Decorations, Ltd",02 9936 8555,201 Miller Street,Level 15,North Sydney,NSW,2060,Australia,APAC,O'Hara,Anna,Small,O'Hara Anna,CHEAP,GOOD,1964.0,,,
10126.0,26.0,62.7,7.0,1630.2,5/28/2003,Shipped,Qui_2,5.0,2003.0,Trucks and Buses,64.0,S32_3522,Office Supplies,Lamp,"Corrida Auto Replicas, Ltd",(91) 555 22 82,"C/ Araquil, 67",Unknown,Madrid,,28023,Spain,EMEA,Sommer,Mart¡n,Small,Sommer Mart¡n,CHEAP,GOOD,1960.0,,,
10210.0,30.0,61.7,4.0,1851.0,1/12/2004,Shipped,Qui_1,1.0,2004.0,Motorcycles,76.0,S24_2000,Office Supplies,Pen,Osaka Souveniers Co.,+81 06 6342 5555,"Dojima Avanza 4F, 1-6-20 Dojima, Kita-ku",Unknown,Osaka,Osaka,530-0003,Japan,Japan,Kentary,Mory,Small,Kentary Mory,CHEAP,GOOD,1966.0,,,
10322.0,41.0,29.87,13.0,1224.67,11/4/2004,Shipped,Qui_4,11.0,2004.0,Vintage Cars,62.0,S18_2957,Furniture,Desk,Online Diecast Creations Co.,6035558647,2304 Long Airport Avenue,Unknown,Nashua,NH,62005,USA,,Young,Valarie,Small,Young Valarie,CHEAP,GOOD,1962.0,,,
10288.0,41.0,100.0,12.0,4873.26,9/1/2004,Shipped,Qui_3,9.0,2004.0,Classic Cars,107.0,S24_3432,Office Supplies,Lamp,Handji Gifts& Co,+65 224 1555,Village Close - 106 Linden Road Sandown,2nd Floor,Singapore,,69045,Singapore,APAC,Victorino,Wendy,Medium,Victorino Wendy,EXPENSIVE,GOOD,1976.0,,,
10124.0,43.0,100.0,13.0,5203.0,5/21/2003,Shipped,Qui_2,5.0,2003.0,Classic Cars,107.0,S24_3432,Office Supplies,Lamp,Signal Gift Stores,7025551838,8489 Strong St.,Unknown,Las Vegas,NV,83030,USA,,King,Sue,Medium,King Sue,EXPENSIVE,GOOD,1980.0,,,
10105.0,29.0,70.15,12.0,2034.35,2/11/2003,Shipped,Qui_1,2.0,2003.0,Ships,86.0,S700_1938,Technology,Desktop,Danish Wholesale Imports,31 12 3555,Vinb'ltet 34,Unknown,Kobenhavn,,1734,Denmark,EMEA,Petersen,Jytte,Small,Petersen Jytte,EXPENSIVE,GOOD,1981.0,,,
10301.0,47.0,100.0,7.0,7488.04,10/5/2003,Shipped,Qui_4,10.0,2003.0,Classic Cars,142.0,S18_1984,Furniture,Bookshelf,"Norway Gifts By Mail, Co.",+47 2212 1555,"Drammensveien 126 A, PB 744 Sentrum",Unknown,Oslo,,N 0106,Norway,EMEA,Klaeboe,Jan,Large,Klaeboe Jan,EXPENSIVE,GOOD,1974.0,,,
10327.0,25.0,100.0,6.0,2804.75,11/10/2004,Resolved,Qui_4,11.0,2004.0,Planes,157.0,S18_1662,Furniture,Cabinet,Danish Wholesale Imports,31 12 3555,Vinb'ltet 34,Unknown,Kobenhavn,,1734,Denmark,EMEA,Petersen,Jytte,Small,Petersen Jytte,EXPENSIVE,GOOD,1982.0,,,
10282.0,43.0,100.0,1.0,6695.53,8/20/2004,Shipped,Qui_3,8.0,2004.0,Vintage Cars,136.0,S18_3140,Furniture,Desk,Mini Gifts Distributors Ltd.,4155551450,5677 Strong St.,Unknown,San Rafael,CA,97562,USA,,Nelson,Valarie,Medium,Nelson Valarie,EXPENSIVE,GOOD,1975.0,,,
10191.0,36.0,94.88,6.0,3415.68,11/20/2003,Shipped,Qui_4,11.0,2003.0,Classic Cars,80.0,S18_3278,Furniture,Cabinet,"Toms Spezialitten, Ltd",0221-5554327,Mehrheimerstr. 369,Unknown,Koln,,50739,Germany,EMEA,Pfalzheim,Henriette,Medium,Pfalzheim Henriette,EXPENSIVE,GOOD,1996.0,,,
10227.0,28.0,50.85,9.0,1423.8,3/2/2004,Shipped,Qui_1,3.0,2004.0,Vintage Cars,60.0,S18_2248,Furniture,Desk,"Saveley & Henriot, Co.",78.32.5555,"2, rue du Commerce",Unknown,Lyon,,69004,France,EMEA,Saveley,Mary,Small,Saveley Mary,CHEAP,GOOD,1997.0,,,
10276.0,48.0,100.0,8.0,5713.92,8/2/2004,Shipped,Qui_3,8.0,2004.0,Classic Cars,148.0,S18_4721,Furniture,Table,Online Mini Collectables,6175557555,7635 Spinnaker Dr.,Unknown,Brickhaven,MA,58339,USA,,Barajas,Miguel,Medium,Barajas Miguel,EXPENSIVE,GOOD,1980.0,,,
10160.0,35.0,100.0,3.0,4767.7,10/11/2003,Shipped,Qui_4,10.0,2003.0,Classic Cars,140.0,S24_3856,Office Supplies,Pencil,"Men 'R' US Retailers, Ltd.",2155554369,6047 Douglas Av.,Unknown,Los Angeles,CA,,USA,,Chandler,Michael,Medium,Chandler Michael,EXPENSIVE,GOOD,1990.0,,,
10145.0,47.0,83.03,11.0,3902.41,8/25/2003,Shipped,Qui_3,8.0,2003.0,Motorcycles,76.0,S24_2000,Office Supplies,Pen,Toys4GrownUps.com,6265557265,78934 Hillside Dr.,Unknown,Pasadena,CA,90003,USA,,Young,Julie,Medium,Young Julie,EXPENSIVE,GOOD,1960.0,,,
10383.0,44.0,36.07,8.0,1587.08,2/22/2005,Shipped,Qui_1,2.0,2005.0,Trains,62.0,S32_3207,Office Supplies,Pen,Euro Shopping Channel,(91) 555 94 44,"C/ Moralzarzal, 86",Unknown,Madrid,,28034,Spain,EMEA,Freyre,Diego,Small,Freyre Diego,CHEAP,GOOD,1987.0,,,
10311.0,26.0,87.45,6.0,2273.7,10/16/2004,Shipped,Qui_4,10.0,2004.0,Classic Cars,73.0,S24_1046,Office Supplies,Pencil,Euro Shopping Channel,(91) 555 94 44,"C/ Moralzarzal, 86",Unknown,Madrid,,28034,Spain,EMEA,Freyre,Diego,Small,Freyre Diego,EXPENSIVE,GOOD,1995.0,,,
10316.0,33.0,100.0,17.0,4128.96,11/1/2004,Shipped,Qui_4,11.0,2004.0,Classic Cars,136.0,S10_4757,Furniture,Desk,giftsbymail.co.uk,(198) 555-8888,Garden House Crowther Way,Unknown,Cowes,Isle of Wight,PO31 7PJ,UK,EMEA,Bennett,Helen,Medium,Bennett Helen,EXPENSIVE,GOOD,1960.0,,,
10308.0,24.0,79.91,5.0,1917.84,10/15/2004,Shipped,Qui_4,10.0,2004.0,Motorcycles,99.0,S32_1374,Office Supplies,Eraser,Mini Classics,9145554562,3758 North Pendale Street,Unknown,White Plains,NY,24067,USA,,Frick,Steve,Small,Frick Steve,EXPENSIVE,GOOD,1998.0,,,
10370.0,29.0,57.53,6.0,1668.37,1/20/2005,Shipped,Qui_1,1.0,2005.0,Trucks and Buses,121.0,S18_4600,Furniture,Chair,"Anna's Decorations, Ltd",02 9936 8555,201 Miller Street,Level 15,North Sydney,NSW,2060,Australia,APAC,O'Hara,Anna,Small,O'Hara Anna,CHEAP,GOOD,1991.0,,,
10372.0,48.0,100.0,6.0,7031.52,1/26/2005,Shipped,Qui_1,1.0,2005.0,Classic Cars,143.0,S18_4027,Furniture,Table,"Tokyo Collectables, Ltd",+81 3 3584 0555,2-2-8 Roppongi,Unknown,Minato-ku,Tokyo,106-0032,Japan,Japan,Shimamura,Akiko,Large,Shimamura Akiko,EXPENSIVE,GOOD,1977.0,,,
10193.0,23.0,100.0,2.0,2769.89,11/21/2003,Shipped,Qui_4,11.0,2003.0,Vintage Cars,104.0,S18_3136,Furniture,Table,"Australian Collectables, Ltd",61-9-3844-6555,7 Allen Street,Unknown,Glen Waverly,Victoria,3150,Australia,APAC,Connery,Sean,Small,Connery Sean,EXPENSIVE,GOOD,1988.0,,,
10280.0,37.0,100.0,13.0,4750.8,8/17/2004,Shipped,Qui_3,8.0,2004.0,Vintage Cars,127.0,S18_2325,Furniture,Table,Amica Models & Co.,011-4988555,Via Monte Bianco 34,Unknown,Torino,,10100,Italy,EMEA,Accorti,Paolo,Medium,Accorti Paolo,EXPENSIVE,GOOD,1965.0,,,
10182.0,20.0,100.0,7.0,2212.0,11/12/2003,Shipped,Qui_4,11.0,2003.0,Vintage Cars,127.0,S18_2325,Furniture,Table,Mini Gifts Distributors Ltd.,4155551450,5677 Strong St.,Unknown,San Rafael,CA,97562,USA,,Nelson,Valarie,Small,Nelson Valarie,EXPENSIVE,GOOD,1975.0,,,
10367.0,32.0,94.79,7.0,3033.28,1/12/2005,Resolved,Qui_1,1.0,2005.0,Vintage Cars,168.0,S18_2795,Furniture,Bookshelf,Toys4GrownUps.com,6265557265,78934 Hillside Dr.,Unknown,Pasadena,CA,90003,USA,,Young,Julie,Medium,Young Julie,EXPENSIVE,GOOD,1973.0,,,
10297.0,35.0,100.0,3.0,3986.5,9/16/2004,Shipped,Qui_3,9.0,2004.0,Planes,118.0,S700_2834,Technology,Desktop,"Clover Collections, Co.",+353 1862 1555,25 Maiden Lane,Floor No. 4,Dublin,,2,Ireland,EMEA,Cassidy,Dean,Medium,Cassidy Dean,EXPENSIVE,GOOD,1997.0,,,
10226.0,48.0,92.09,2.0,4420.32,2/26/2004,Shipped,Qui_1,2.0,2004.0,Classic Cars,107.0,S24_3432,Office Supplies,Lamp,Collectable Mini Designs Co.,7605558146,361 Furth Circle,Unknown,San Diego,CA,91217,USA,,Thompson,Valarie,Medium,Thompson Valarie,EXPENSIVE,GOOD,1961.0,,,
10128.0,41.0,100.0,4.0,4837.18,6/6/2003,Shipped,Qui_2,6.0,2003.0,Trains,100.0,S18_3259,Furniture,Desk,Euro Shopping Channel,(91) 555 94 44,"C/ Moralzarzal, 86",Unknown,Madrid,,28034,Spain,EMEA,Freyre,Diego,Medium,Freyre Diego,EXPENSIVE,GOOD,1973.0,,,
10127.0,29.0,70.84,6.0,2054.36,6/3/2003,Shipped,Qui_2,6.0,2003.0,Trains,62.0,S32_3207,Office Supplies,Pen,Muscle Machine Inc,2125557413,4092 Furth Circle,Suite 400,NYC,NY,10022,USA,,Young,Jeff,Small,Young Jeff,EXPENSIVE,GOOD,1983.0,,,
10150.0,49.0,58.18,4.0,2850.82,9/19/2003,Shipped,Qui_3,9.0,2003.0,Trucks and Buses,64.0,S32_3522,Office Supplies,Lamp,"Dragon Souveniers, Ltd.",+65 221 7555,"Bronz Sok., Bronz Apt. 3/6 Tesvikiye",Unknown,Singapore,,79903,Singapore,Japan,Natividad,Eric,Small,Natividad Eric,CHEAP,GOOD,1997.0,,,
10106.0,31.0,100.0,7.0,3312.97,2/17/2003,Shipped,Qui_1,2.0,2003.0,Planes,91.0,S700_1691,Technology,Smart phone,Rovelli Gifts,035-640555,Via Ludovico il Moro 22,Unknown,Bergamo,,24100,Italy,EMEA,Rovelli,Giovanni,Medium,Rovelli Giovanni,EXPENSIVE,GOOD,1975.0,,,
10299.0,24.0,100.0,8.0,4157.04,9/30/2004,Shipped,Qui_3,9.0,2004.0,Motorcycles,150.0,S12_2823,Furniture,Table,"Toys of Finland, Co.",90-224 8555,Keskuskatu 45,Unknown,Helsinki,,21240,Finland,EMEA,Karttunen,Matti,Medium,Karttunen Matti,EXPENSIVE,GOOD,1980.0,,,
10155.0,32.0,100.0,13.0,4526.08,10/6/2003,Shipped,Qui_4,10.0,2003.0,Classic Cars,136.0,S10_4757,Furniture,Desk,"Toys of Finland, Co.",90-224 8555,Keskuskatu 45,Unknown,Helsinki,,21240,Finland,EMEA,Karttunen,Matti,Medium,Karttunen Matti,EXPENSIVE,GOOD,1968.0,,,
10372.0,24.0,58.58,9.0,1405.92,1/26/2005,Shipped,Qui_1,1.0,2005.0,Trains,58.0,S50_1514,Accessories,Headphone,"Tokyo Collectables, Ltd",+81 3 3584 0555,2-2-8 Roppongi,Unknown,Minato-ku,Tokyo,106-0032,Japan,Japan,Shimamura,Akiko,Small,Shimamura Akiko,CHEAP,GOOD,1999.0,,,
10380.0,44.0,79.06,9.0,3478.64,2/16/2005,Shipped,Qui_1,2.0,2005.0,Classic Cars,85.0,S24_3191,Office Supplies,Ruler,Euro Shopping Channel,(91) 555 94 44,"C/ Moralzarzal, 86",Unknown,Madrid,,28034,Spain,EMEA,Freyre,Diego,Medium,Freyre Diego,EXPENSIVE,GOOD,1976.0,,,
10422.0,25.0,51.75,1.0,1293.75,5/30/2005,In Process,Qui_2,5.0,2005.0,Vintage Cars,53.0,S18_1367,Furniture,Cabinet,Diecast Classics Inc.,2155551555,7586 Pompton St.,Unknown,Allentown,PA,70267,USA,,Yu,Kyung,Small,Yu Kyung,CHEAP,GOOD,1977.0,,,
10181.0,22.0,100.0,16.0,3395.48,11/12/2003,Shipped,Qui_4,11.0,2003.0,Classic Cars,146.0,S18_3482,Furniture,Bookshelf,Herkku Gifts,+47 2267 3215,"Drammen 121, PR 744 Sentrum",Unknown,Bergen,,N 5804,Norway,EMEA,Oeztan,Veysel,Medium,Oeztan Veysel,EXPENSIVE,GOOD,1971.0,,,
10119.0,46.0,100.0,11.0,5004.8,4/28/2003,Shipped,Qui_2,4.0,2003.0,Classic Cars,136.0,S10_4757,Furniture,Desk,Salzburg Collectables,6562-9555,Geislweg 14,Unknown,Salzburg,,5020,Austria,EMEA,Pipps,Georg,Medium,Pipps Georg,EXPENSIVE,GOOD,1982.0,,,
10398.0,23.0,100.0,9.0,2810.83,3/30/2005,Shipped,Qui_1,3.0,2005.0,Planes,118.0,S700_2834,Technology,Desktop,Reims Collectables,26.47.1555,59 rue de l'Abbaye,Unknown,Reims,,51100,France,EMEA,Henriot,Paul,Small,Henriot Paul,EXPENSIVE,GOOD,1960.0,,,
10301.0,22.0,51.32,3.0,1129.04,10/5/2003,Shipped,Qui_4,10.0,2003.0,Classic Cars,50.0,S24_1628,Office Supplies,Lamp,"Norway Gifts By Mail, Co.",+47 2212 1555,"Drammensveien 126 A, PB 744 Sentrum",Unknown,Oslo,,N 0106,Norway,EMEA,Klaeboe,Jan,Small,Klaeboe Jan,CHEAP,GOOD,1966.0,,,
10367.0,43.0,62.72,8.0,2696.96,1/12/2005,Resolved,Qui_1,1.0,2005.0,Vintage Cars,92.0,S18_4409,Furniture,Chair,Toys4GrownUps.com,6265557265,78934 Hillside Dr.,Unknown,Pasadena,CA,90003,USA,,Young,Julie,Small,Young Julie,CHEAP,GOOD,1985.0,,,
10391.0,29.0,85.1,10.0,2467.9,3/9/2005,Shipped,Qui_1,3.0,2005.0,Trucks and Buses,116.0,S18_1097,Furniture,Bookshelf,"Anna's Decorations, Ltd",02 9936 8555,201 Miller Street,Level 15,North Sydney,NSW,2060,Australia,APAC,O'Hara,Anna,Small,O'Hara Anna,EXPENSIVE,GOOD,1974.0,,,
10188.0,25.0,100.0,2.0,2535.75,11/18/2003,Shipped,Qui_4,11.0,2003.0,Motorcycles,112.0,S24_1578,Office Supplies,Eraser,Herkku Gifts,+47 2267 3215,"Drammen 121, PR 744 Sentrum",Unknown,Bergen,,N 5804,Norway,EMEA,Oeztan,Veysel,Small,Oeztan Veysel,EXPENSIVE,GOOD,1989.0,,,
10110.0,39.0,44.35,2.0,1729.65,3/18/2003,Shipped,Qui_1,3.0,2003.0,Vintage Cars,44.0,S24_2022,Office Supplies,Lamp,"AV Stores, Co.",(171) 555-1555,Fauntleroy Circus,Unknown,Manchester,,EC2 5NT,UK,EMEA,Ashworth,Victoria,Small,Ashworth Victoria,CHEAP,GOOD,1982.0,,,
10350.0,30.0,100.0,3.0,3023.1,12/2/2004,Shipped,Qui_4,12.0,2004.0,Vintage Cars,87.0,S18_4522,Furniture,Table,Euro Shopping Channel,(91) 555 94 44,"C/ Moralzarzal, 86",Unknown,Madrid,,28034,Spain,EMEA,Freyre,Diego,Medium,Freyre Diego,EXPENSIVE,GOOD,1994.0,,,
10178.0,48.0,100.0,9.0,5386.56,11/8/2003,Shipped,Qui_4,11.0,2003.0,Vintage Cars,105.0,S18_3856,Furniture,Desk,Alpha Cognac,61.77.6555,1 rue Alsace-Lorraine,Unknown,Toulouse,,31000,France,EMEA,Roulet,Annette,Medium,Roulet Annette,EXPENSIVE,GOOD,1990.0,,,
10176.0,50.0,100.0,1.0,7872.5,11/6/2003,Shipped,Qui_4,11.0,2003.0,Classic Cars,173.0,S12_3891,Furniture,Bookshelf,L'ordine Souveniers,0522-556555,Strada Provinciale 124,Unknown,Reggio Emilia,,42100,Italy,EMEA,Moroni,Maurizio,Large,Moroni Maurizio,EXPENSIVE,EXCELLENT,1967.0,,,
10368.0,20.0,99.58,4.0,1991.6,1/19/2005,Shipped,Qui_1,1.0,2005.0,Classic Cars,107.0,S24_3432,Office Supplies,Lamp,Mini Gifts Distributors Ltd.,4155551450,5677 Strong St.,Unknown,San Rafael,CA,97562,USA,,Nelson,Valarie,Small,Nelson Valarie,EXPENSIVE,GOOD,1977.0,,,
10250.0,37.0,74.62,5.0,2760.94,5/11/2004,Shipped,Qui_2,5.0,2004.0,Planes,72.0,S24_4278,Office Supplies,Eraser,The Sharp Gifts Warehouse,4085553659,3086 Ingle Ln.,Unknown,San Jose,CA,94217,USA,,Frick,Sue,Small,Frick Sue,EXPENSIVE,GOOD,1977.0,,,
10246.0,35.0,48.7,7.0,1704.5,5/5/2004,Shipped,Qui_2,5.0,2004.0,Trucks and Buses,54.0,S32_2509,Office Supplies,Pen,Euro Shopping Channel,(91) 555 94 44,"C/ Moralzarzal, 86",Unknown,Madrid,,28034,Spain,EMEA,Freyre,Diego,Small,Freyre Diego,CHEAP,GOOD,1962.0,,,
10321.0,39.0,84.75,2.0,3305.25,11/4/2004,Shipped,Qui_4,11.0,2004.0,Classic Cars,85.0,S24_3191,Office Supplies,Ruler,FunGiftIdeas.com,5085552555,1785 First Street,Unknown,New Bedford,MA,50553,USA,,Benitez,Violeta,Medium,Benitez Violeta,EXPENSIVE,GOOD,1963.0,,,
10263.0,48.0,100.0,1.0,6434.4,6/28/2004,Shipped,Qui_2,6.0,2004.0,Motorcycles,150.0,S12_2823,Furniture,Table,Gift Depot Inc.,2035552570,25593 South Bay Ln.,Unknown,Bridgewater,CT,97562,USA,,King,Julie,Medium,King Julie,EXPENSIVE,GOOD,1976.0,,,
10273.0,34.0,98.06,2.0,3334.04,7/21/2004,Shipped,Qui_3,7.0,2004.0,Ships,86.0,S18_3029,Furniture,Table,Petit Auto,(02) 5554 67,Rue Joseph-Bens 532,Unknown,Bruxelles,,B-1180,Belgium,EMEA,Dewey,Catherine,Medium,Dewey Catherine,EXPENSIVE,GOOD,1998.0,,,
10405.0,61.0,73.92,4.0,4509.12,4/14/2005,Shipped,Qui_2,4.0,2005.0,Classic Cars,77.0,S18_1889,Furniture,Bookshelf,Mini Caravy,88.60.1555,"24, place Kluber",Unknown,Strasbourg,,67000,France,EMEA,Citeaux,Frederique,Medium,Citeaux Frederique,EXPENSIVE,EXCELLENT,1990.0,,,
10176.0,33.0,100.0,2.0,7474.5,11/6/2003,Shipped,Qui_4,11.0,2003.0,Classic Cars,207.0,S12_1108,Furniture,Chair,L'ordine Souveniers,0522-556555,Strada Provinciale 124,Unknown,Reggio Emilia,,42100,Italy,EMEA,Moroni,Maurizio,Large,Moroni Maurizio,EXPENSIVE,GOOD,1971.0,,,
10197.0,29.0,41.71,1.0,1209.59,11/26/2003,Shipped,Qui_4,11.0,2003.0,Planes,49.0,S72_1253,Accessories,Keyboard,Enaco Distributors,(93) 203 4555,"Rambla de Catalu¤a, 23",Unknown,Barcelona,,8022,Spain,EMEA,Saavedra,Eduardo,Small,Saavedra Eduardo,CHEAP,GOOD,1971.0,,,
10277.0,28.0,100.0,1.0,3127.88,8/4/2004,Shipped,Qui_3,8.0,2004.0,Classic Cars,115.0,S12_4675,Furniture,Cabinet,"Dragon Souveniers, Ltd.",+65 221 7555,"Bronz Sok., Bronz Apt. 3/6 Tesvikiye",Unknown,Singapore,,79903,Singapore,Japan,Natividad,Eric,Medium,Natividad Eric,EXPENSIVE,GOOD,1991.0,,,
10296.0,22.0,77.15,14.0,1697.3,9/15/2004,Shipped,Qui_3,9.0,2004.0,Vintage Cars,83.0,S24_3816,Office Supplies,Pen,"Bavarian Collectables Imports, Co.",+49 89 61 08 9555,Hansastr. 15,Unknown,Munich,,80686,Germany,EMEA,Donnermeyer,Michael,Small,Donnermeyer Michael,EXPENSIVE,GOOD,1972.0,,,
10340.0,39.0,59.16,3.0,2307.24,11/24/2004,Shipped,Qui_4,11.0,2004.0,Vintage Cars,68.0,S32_4289,Office Supplies,Ruler,Enaco Distributors,(93) 203 4555,"Rambla de Catalu¤a, 23",Unknown,Barcelona,,8022,Spain,EMEA,Saavedra,Eduardo,Small,Saavedra Eduardo,CHEAP,GOOD,1969.0,,,
10363.0,31.0,94.58,1.0,2931.98,1/6/2005,Shipped,Qui_1,1.0,2005.0,Classic Cars,140.0,S24_3856,Office Supplies,Pencil,Suominen Souveniers,+358 9 8045 555,"Software Engineering Center, SEC Oy",Unknown,Espoo,,FIN-02271,Finland,EMEA,Suominen,Kalle,Small,Suominen Kalle,EXPENSIVE,GOOD,1990.0,,,
10413.0,36.0,100.0,2.0,8677.8,5/5/2005,Shipped,Qui_2,5.0,2005.0,Classic Cars,207.0,S12_1108,Furniture,Chair,Gift Depot Inc.,2035552570,25593 South Bay Ln.,Unknown,Bridgewater,CT,97562,USA,,King,Julie,Large,King Julie,EXPENSIVE,GOOD,1985.0,,,
10329.0,41.0,71.47,5.0,2930.27,11/15/2004,Shipped,Qui_4,11.0,2004.0,Classic Cars,194.0,S12_1099,Furniture,Bookshelf,Land of Toys Inc.,2125557818,897 Long Airport Avenue,Unknown,NYC,NY,10022,USA,,Yu,Kwai,Small,Yu Kwai,EXPENSIVE,GOOD,1966.0,,,
10392.0,36.0,100.0,1.0,4035.96,3/10/2005,Shipped,Qui_1,3.0,2005.0,Vintage Cars,99.0,S18_3320,Furniture,Table,Mini Auto Werke,7675-3555,Kirchgasse 6,Unknown,Graz,,8010,Austria,EMEA,Mendel,Roland,Medium,Mendel Roland,EXPENSIVE,GOOD,1962.0,,,
10181.0,34.0,53.83,1.0,1830.22,11/12/2003,Shipped,Qui_4,11.0,2003.0,Classic Cars,50.0,S24_1628,Office Supplies,Lamp,Herkku Gifts,+47 2267 3215,"Drammen 121, PR 744 Sentrum",Unknown,Bergen,,N 5804,Norway,EMEA,Oeztan,Veysel,Small,Oeztan Veysel,CHEAP,GOOD,1986.0,,,
10188.0,40.0,91.4,6.0,3656.0,11/18/2003,Shipped,Qui_4,11.0,2003.0,Motorcycles,76.0,S24_2000,Office Supplies,Pen,Herkku Gifts,+47 2267 3215,"Drammen 121, PR 744 Sentrum",Unknown,Bergen,,N 5804,Norway,EMEA,Oeztan,Veysel,Medium,Oeztan Veysel,EXPENSIVE,GOOD,1989.0,,,
10356.0,43.0,97.6,8.0,4196.8,12/9/2004,Shipped,Qui_4,12.0,2004.0,Classic Cars,141.0,S18_1129,Furniture,Table,Lyon Souveniers,+33 1 46 62 7555,27 rue du Colonel Pierre Avia,Unknown,Paris,,75508,France,EMEA,Da Cunha,Daniel,Medium,DaCunha Daniel,EXPENSIVE,GOOD,1974.0,,,
10293.0,46.0,100.0,8.0,8411.56,9/9/2004,Shipped,Qui_3,9.0,2004.0,Classic Cars,207.0,S12_1108,Furniture,Chair,Amica Models & Co.,011-4988555,Via Monte Bianco 34,Unknown,Torino,,10100,Italy,EMEA,Accorti,Paolo,Large,Accorti Paolo,EXPENSIVE,GOOD,1994.0,,,
10355.0,23.0,100.0,7.0,3177.91,12/7/2004,Shipped,Qui_4,12.0,2004.0,Classic Cars,146.0,S18_3482,Furniture,Bookshelf,Euro Shopping Channel,(91) 555 94 44,"C/ Moralzarzal, 86",Unknown,Madrid,,28034,Spain,EMEA,Freyre,Diego,Medium,Freyre Diego,EXPENSIVE,GOOD,1971.0,,,
10339.0,27.0,84.39,10.0,2278.53,11/23/2004,Shipped,Qui_4,11.0,2004.0,Motorcycles,112.0,S24_1578,Office Supplies,Eraser,"Tokyo Collectables, Ltd",+81 3 3584 0555,2-2-8 Roppongi,Unknown,Minato-ku,Tokyo,106-0032,Japan,Japan,Shimamura,Akiko,Small,Shimamura Akiko,EXPENSIVE,GOOD,1989.0,,,
10290.0,26.0,96.23,2.0,2501.98,9/7/2004,Shipped,Qui_3,9.0,2004.0,Vintage Cars,99.0,S18_3320,Furniture,Table,Auto-Moto Classics Inc.,6175558428,16780 Pompton St.,Unknown,Brickhaven,MA,58339,USA,,Taylor,Leslie,Small,Taylor Leslie,EXPENSIVE,GOOD,1999.0,,,
10304.0,47.0,100.0,6.0,10172.7,10/11/2004,Shipped,Qui_4,10.0,2004.0,Classic Cars,214.0,S10_1949,Furniture,Desk,Auto Assoc. & Cie.,30.59.8555,"67, avenue de l'Europe",Unknown,Versailles,,78000,France,EMEA,Tonini,Daniel,Large,Tonini Daniel,EXPENSIVE,GOOD,1961.0,,,
10378.0,46.0,41.54,6.0,1910.84,2/10/2005,Shipped,Qui_1,2.0,2005.0,Classic Cars,61.0,S24_3371,Office Supplies,Eraser,Euro Shopping Channel,(91) 555 94 44,"C/ Moralzarzal, 86",Unknown,Madrid,,28034,Spain,EMEA,Freyre,Diego,Small,Freyre Diego,CHEAP,GOOD,1986.0,,,
10271.0,45.0,64.74,2.0,2913.3,7/20/2004,Shipped,Qui_3,7.0,2004.0,Classic Cars,57.0,S24_1444,Office Supplies,Pencil,Mini Gifts Distributors Ltd.,4155551450,5677 Strong St.,Unknown,San Rafael,CA,97562,USA,,Nelson,Valarie,Small,Nelson Valarie,CHEAP,GOOD,1976.0,,,
10101.0,26.0,100.0,1.0,3773.38,1/9/2003,Shipped,Qui_1,1.0,2003.0,Vintage Cars,168.0,S18_2795,Furniture,Bookshelf,"Blauer See Auto, Co.",+49 69 66 90 2555,Lyonerstr. 34,Unknown,Frankfurt,,60528,Germany,EMEA,Keitel,Roland,Medium,Keitel Roland,EXPENSIVE,GOOD,1985.0,,,
10314.0,42.0,100.0,13.0,5776.26,10/22/2004,Shipped,Qui_4,10.0,2004.0,Classic Cars,163.0,S18_2238,Furniture,Table,Heintze Collectables,86 21 3555,Smagsloget 45,Unknown,Aaarhus,,8200,Denmark,EMEA,Ibsen,Palle,Medium,Ibsen Palle,EXPENSIVE,GOOD,1979.0,,,
10425.0,55.0,46.82,1.0,2575.1,5/31/2005,In Process,Qui_2,5.0,2005.0,Classic Cars,57.0,S24_1444,Office Supplies,Pencil,La Rochelle Gifts,40.67.8555,"67, rue des Cinquante Otages",Unknown,Nantes,,44000,France,EMEA,Labrune,Janine,Small,Labrune Janine,CHEAP,EXCELLENT,1965.0,,,
10275.0,22.0,100.0,4.0,2904.44,7/23/2004,Shipped,Qui_3,7.0,2004.0,Motorcycles,118.0,S10_2016,Furniture,Chair,La Rochelle Gifts,40.67.8555,"67, rue des Cinquante Otages",Unknown,Nantes,,44000,France,EMEA,Labrune,Janine,Small,Labrune Janine,EXPENSIVE,GOOD,1976.0,,,
10390.0,26.0,78.11,7.0,2030.86,3/4/2005,Shipped,Qui_1,3.0,2005.0,Vintage Cars,168.0,S18_2795,Furniture,Bookshelf,Mini Gifts Distributors Ltd.,4155551450,5677 Strong St.,Unknown,San Rafael,CA,97562,USA,,Nelson,Valarie,Small,Nelson Valarie,EXPENSIVE,GOOD,1987.0,,,
10176.0,38.0,64.44,4.0,2448.72,11/6/2003,Shipped,Qui_4,11.0,2003.0,Trains,58.0,S50_1514,Accessories,Headphone,L'ordine Souveniers,0522-556555,Strada Provinciale 124,Unknown,Reggio Emilia,,42100,Italy,EMEA,Moroni,Maurizio,Small,Moroni Maurizio,CHEAP,GOOD,1990.0,,,
10406.0,61.0,100.0,3.0,8374.69,4/15/2005,Disputed,Qui_2,4.0,2005.0,Classic Cars,141.0,S18_1129,Furniture,Table,Danish Wholesale Imports,31 12 3555,Vinb'ltet 34,Unknown,Kobenhavn,,1734,Denmark,EMEA,Petersen,Jytte,Large,Petersen Jytte,EXPENSIVE,EXCELLENT,1999.0,,,
10312.0,44.0,100.0,7.0,4884.88,10/21/2004,Shipped,Qui_4,10.0,2004.0,Vintage Cars,97.0,S24_4258,Office Supplies,Pencil,Mini Gifts Distributors Ltd.,4155551450,5677 Strong St.,Unknown,San Rafael,CA,97562,USA,,Nelson,Valarie,Medium,Nelson Valarie,EXPENSIVE,GOOD,1971.0,,,
10210.0,26.0,99.72,14.0,2592.72,1/12/2004,Shipped,Qui_1,1.0,2004.0,Planes,99.0,S700_2466,Technology,Smart watch,Osaka Souveniers Co.,+81 06 6342 5555,"Dojima Avanza 4F, 1-6-20 Dojima, Kita-ku",Unknown,Osaka,Osaka,530-0003,Japan,Japan,Kentary,Mory,Small,Kentary Mory,EXPENSIVE,GOOD,1985.0,,,
10127.0,46.0,69.12,4.0,3179.52,6/3/2003,Shipped,Qui_2,6.0,2003.0,Trains,58.0,S50_1514,Accessories,Headphone,Muscle Machine Inc,2125557413,4092 Furth Circle,Suite 400,NYC,NY,10022,USA,,Young,Jeff,Medium,Young Jeff,EXPENSIVE,GOOD,1998.0,,,
10125.0,32.0,100.0,1.0,3254.72,5/21/2003,Shipped,Qui_2,5.0,2003.0,Vintage Cars,102.0,S18_1342,Furniture,Desk,"Australian Collectors, Co.",03 9520 4555,636 St Kilda Road,Level 3,Melbourne,Victoria,3004,Australia,APAC,Ferguson,Peter,Medium,Ferguson Peter,EXPENSIVE,GOOD,1975.0,,,
10409.0,6.0,100.0,2.0,785.64,4/23/2005,Shipped,Qui_2,4.0,2005.0,Vintage Cars,127.0,S18_2325,Furniture,Table,Handji Gifts& Co,+65 224 1555,Village Close - 106 Linden Road Sandown,2nd Floor,Singapore,,69045,Singapore,APAC,Victorino,Wendy,Small,Victorino Wendy,EXPENSIVE,BAD,1984.0,,,
10135.0,33.0,40.23,14.0,1327.59,7/2/2003,Shipped,Qui_3,7.0,2003.0,Motorcycles,40.0,S32_2206,Office Supplies,Pen,Mini Gifts Distributors Ltd.,4155551450,5677 Strong St.,Unknown,San Rafael,CA,97562,USA,,Nelson,Valarie,Small,Nelson Valarie,CHEAP,GOOD,1992.0,,,
10295.0,44.0,58.55,2.0,2576.2,9/10/2004,Shipped,Qui_3,9.0,2004.0,Ships,72.0,S700_2610,Technology,Laptop,Gifts4AllAges.com,6175559555,8616 Spinnaker Dr.,Unknown,Boston,MA,51003,USA,,Yoshido,Juri,Small,Yoshido Juri,CHEAP,GOOD,1974.0,,,
10302.0,49.0,100.0,5.0,5298.86,10/6/2003,Shipped,Qui_4,10.0,2003.0,Classic Cars,90.0,S24_2766,Office Supplies,Eraser,"UK Collectables, Ltd.",(171) 555-2282,Berkeley Gardens 12  Brewery,Unknown,Liverpool,,WX1 6LT,UK,EMEA,Devon,Elizabeth,Medium,Devon Elizabeth,EXPENSIVE,GOOD,1973.0,,,
10383.0,22.0,91.76,2.0,2018.72,2/22/2005,Shipped,Qui_1,2.0,2005.0,Classic Cars,57.0,S24_1444,Office Supplies,Pencil,Euro Shopping Channel,(91) 555 94 44,"C/ Moralzarzal, 86",Unknown,Madrid,,28034,Spain,EMEA,Freyre,Diego,Small,Freyre Diego,EXPENSIVE,GOOD,1987.0,,,
10246.0,40.0,100.0,4.0,6549.2,5/5/2004,Shipped,Qui_2,5.0,2004.0,Classic Cars,163.0,S18_2238,Furniture,Table,Euro Shopping Channel,(91) 555 94 44,"C/ Moralzarzal, 86",Unknown,Madrid,,28034,Spain,EMEA,Freyre,Diego,Medium,Freyre Diego,EXPENSIVE,GOOD,1993.0,,,
10194.0,32.0,100.0,5.0,4262.08,11/25/2003,Shipped,Qui_4,11.0,2003.0,Trucks and Buses,121.0,S18_4600,Furniture,Chair,"Saveley & Henriot, Co.",78.32.5555,"2, rue du Commerce",Unknown,Lyon,,69004,France,EMEA,Saveley,Mary,Medium,Saveley Mary,EXPENSIVE,GOOD,1993.0,,,
10266.0,44.0,100.0,14.0,9160.36,7/6/2004,Shipped,Qui_3,7.0,2004.0,Classic Cars,194.0,S12_1099,Furniture,Bookshelf,L'ordine Souveniers,0522-556555,Strada Provinciale 124,Unknown,Reggio Emilia,,42100,Italy,EMEA,Moroni,Maurizio,Large,Moroni Maurizio,EXPENSIVE,GOOD,1997.0,,,
10143.0,34.0,36.66,1.0,1246.44,8/10/2003,Shipped,Qui_3,8.0,2003.0,Vintage Cars,43.0,S50_1341,Accessories,Keyboard,Mini Creations Ltd.,5085559555,4575 Hillside Dr.,Unknown,New Bedford,MA,50553,USA,,Tam,Wing C,Small,Tam WingC,CHEAP,GOOD,1991.0,,,
10273.0,21.0,65.34,7.0,1372.14,7/21/2004,Shipped,Qui_3,7.0,2004.0,Ships,66.0,S700_1138,Technology,Desktop,Petit Auto,(02) 5554 67,Rue Joseph-Bens 532,Unknown,Bruxelles,,B-1180,Belgium,EMEA,Dewey,Catherine,Small,Dewey Catherine,EXPENSIVE,GOOD,1975.0,,,
10401.0,21.0,96.11,2.0,2018.31,4/3/2005,On Hold,Qui_2,4.0,2005.0,Planes,118.0,S700_2834,Technology,Desktop,Tekni Collectables Inc.,2015559350,7476 Moss Rd.,Unknown,Newark,NJ,94019,USA,,Brown,William,Small,Brown William,EXPENSIVE,GOOD,1964.0,,,
10291.0,30.0,100.0,4.0,3855.9,9/8/2004,Shipped,Qui_3,9.0,2004.0,Classic Cars,147.0,S10_4962,Furniture,Cabinet,Scandinavian Gift Ideas,0695-34 6555,?kergatan 24,Unknown,Boras,,S-844 67,Sweden,EMEA,Larsson,Maria,Medium,Larsson Maria,EXPENSIVE,GOOD,1991.0,,,
10276.0,50.0,100.0,3.0,9631.0,8/2/2004,Shipped,Qui_3,8.0,2004.0,Classic Cars,194.0,S12_1099,Furniture,Bookshelf,Online Mini Collectables,6175557555,7635 Spinnaker Dr.,Unknown,Brickhaven,MA,58339,USA,,Barajas,Miguel,Large,Barajas Miguel,EXPENSIVE,EXCELLENT,1979.0,,,
10318.0,47.0,100.0,7.0,5305.36,11/2/2004,Shipped,Qui_4,11.0,2004.0,Motorcycles,99.0,S32_1374,Office Supplies,Eraser,Diecast Classics Inc.,2155551555,7586 Pompton St.,Unknown,Allentown,PA,70267,USA,,Yu,Kyung,Medium,Yu Kyung,EXPENSIVE,GOOD,1993.0,,,
10331.0,26.0,64.9,10.0,1687.4,11/17/2004,Shipped,Qui_4,11.0,2004.0,Classic Cars,132.0,S18_2870,Furniture,Cabinet,Motor Mint Distributors Inc.,2155559857,11328 Douglas Av.,Unknown,Philadelphia,PA,71270,USA,,Hernandez,Rosa,Small,Hernandez Rosa,CHEAP,GOOD,1960.0,,,
10159.0,37.0,100.0,17.0,5016.83,10/10/2003,Shipped,Qui_4,10.0,2003.0,Motorcycles,118.0,S10_2016,Furniture,Chair,Corporate Gift Ideas Co.,6505551386,7734 Strong St.,Unknown,San Francisco,CA,,USA,,Brown,Julie,Medium,Brown Julie,EXPENSIVE,GOOD,1977.0,,,
10304.0,46.0,100.0,7.0,4613.8,10/11/2004,Shipped,Qui_4,10.0,2004.0,Vintage Cars,101.0,S18_2949,Furniture,Desk,Auto Assoc. & Cie.,30.59.8555,"67, avenue de l'Europe",Unknown,Versailles,,78000,France,EMEA,Tonini,Daniel,Medium,Tonini Daniel,EXPENSIVE,GOOD,1960.0,,,
10424.0,46.0,80.92,1.0,3722.32,5/31/2005,In Process,Qui_2,5.0,2005.0,Classic Cars,101.0,S700_2824,Technology,Desktop,Euro Shopping Channel,(91) 555 94 44,"C/ Moralzarzal, 86",Unknown,Madrid,,28034,Spain,EMEA,Freyre,Diego,Medium,Freyre Diego,EXPENSIVE,GOOD,1997.0,,,
10350.0,31.0,71.4,8.0,2213.4,12/2/2004,Shipped,Qui_4,12.0,2004.0,Trucks and Buses,115.0,S50_1392,Accessories,Adapter,Euro Shopping Channel,(91) 555 94 44,"C/ Moralzarzal, 86",Unknown,Madrid,,28034,Spain,EMEA,Freyre,Diego,Small,Freyre Diego,EXPENSIVE,GOOD,1960.0,,,
10396.0,27.0,83.2,7.0,2246.4,3/23/2005,Shipped,Qui_1,3.0,2005.0,Vintage Cars,88.0,S24_3151,Office Supplies,Pencil,Mini Gifts Distributors Ltd.,4155551450,5677 Strong St.,Unknown,San Rafael,CA,97562,USA,,Nelson,Valarie,Small,Nelson Valarie,EXPENSIVE,GOOD,1961.0,,,
10171.0,35.0,100.0,2.0,4508.0,11/5/2003,Shipped,Qui_4,11.0,2003.0,Classic Cars,141.0,S18_1129,Furniture,Table,Quebec Home Shopping Network,(514) 555-8054,43 rue St. Laurent,Unknown,Montreal,Quebec,H1J 1C3,Canada,,Fresnisre,Jean,Medium,Fresnisre Jean,EXPENSIVE,GOOD,1976.0,,,
10156.0,48.0,100.0,2.0,4954.08,10/8/2003,Shipped,Qui_4,10.0,2003.0,Planes,91.0,S700_1691,Technology,Smart phone,Euro Shopping Channel,(91) 555 94 44,"C/ Moralzarzal, 86",Unknown,Madrid,,28034,Spain,EMEA,Freyre,Diego,Medium,Freyre Diego,EXPENSIVE,GOOD,1971.0,,,
10214.0,50.0,100.0,1.0,9534.5,1/26/2004,Shipped,Qui_1,1.0,2004.0,Vintage Cars,168.0,S18_2795,Furniture,Bookshelf,"Corrida Auto Replicas, Ltd",(91) 555 22 82,"C/ Araquil, 67",Unknown,Madrid,,28023,Spain,EMEA,Sommer,Mart¡n,Large,Sommer Mart¡n,EXPENSIVE,EXCELLENT,1995.0,,,
10382.0,25.0,88.0,5.0,2200.0,2/17/2005,Shipped,Qui_1,2.0,2005.0,Classic Cars,163.0,S18_2238,Furniture,Table,Mini Gifts Distributors Ltd.,4155551450,5677 Strong St.,Unknown,San Rafael,CA,97562,USA,,Nelson,Valarie,Small,Nelson Valarie,EXPENSIVE,GOOD,1961.0,,,
10222.0,45.0,85.75,9.0,3858.75,2/19/2004,Shipped,Qui_1,2.0,2004.0,Vintage Cars,105.0,S18_3856,Furniture,Desk,Collectable Mini Designs Co.,7605558146,361 Furth Circle,Unknown,San Diego,CA,91217,USA,,Thompson,Valarie,Medium,Thompson Valarie,EXPENSIVE,GOOD,1961.0,,,
10204.0,40.0,79.62,9.0,3184.8,12/2/2003,Shipped,Qui_4,12.0,2003.0,Classic Cars,85.0,S24_3191,Office Supplies,Ruler,Muscle Machine Inc,2125557413,4092 Furth Circle,Suite 400,NYC,NY,10022,USA,,Young,Jeff,Medium,Young Jeff,EXPENSIVE,GOOD,1974.0,,,
10375.0,44.0,100.0,11.0,5208.72,2/3/2005,Shipped,Qui_1,2.0,2005.0,Planes,80.0,S700_3167,Technology,Smart watch,La Rochelle Gifts,40.67.8555,"67, rue des Cinquante Otages",Unknown,Nantes,,44000,France,EMEA,Labrune,Janine,Medium,Labrune Janine,EXPENSIVE,GOOD,2000.0,,,
10181.0,45.0,100.0,7.0,6324.75,11/12/2003,Shipped,Qui_4,11.0,2003.0,Classic Cars,169.0,S18_3232,Furniture,Table,Herkku Gifts,+47 2267 3215,"Drammen 121, PR 744 Sentrum",Unknown,Bergen,,N 5804,Norway,EMEA,Oeztan,Veysel,Medium,Oeztan Veysel,EXPENSIVE,GOOD,1974.0,,,
10359.0,22.0,100.0,1.0,4301.22,12/15/2004,Shipped,Qui_4,12.0,2004.0,Trains,62.0,S32_3207,Office Supplies,Pen,Reims Collectables,26.47.1555,59 rue de l'Abbaye,Unknown,Reims,,51100,France,EMEA,Henriot,Paul,Medium,Henriot Paul,EXPENSIVE,GOOD,1989.0,,,
10289.0,43.0,100.0,3.0,8272.34,9/3/2004,Shipped,Qui_3,9.0,2004.0,Vintage Cars,168.0,S18_2795,Furniture,Bookshelf,Herkku Gifts,+47 2267 3215,"Drammen 121, PR 744 Sentrum",Unknown,Bergen,,N 5804,Norway,EMEA,Oeztan,Veysel,Large,Oeztan Veysel,EXPENSIVE,GOOD,1974.0,,,
10287.0,41.0,100.0,4.0,6499.32,8/30/2004,Shipped,Qui_3,8.0,2004.0,Classic Cars,141.0,S18_1129,Furniture,Table,"Vida Sport, Ltd",0897-034555,Grenzacherweg 237,Unknown,Gensve,,1203,Switzerland,EMEA,Holz,Michael,Medium,Holz Michael,EXPENSIVE,GOOD,1991.0,,,
10319.0,45.0,77.29,6.0,3478.05,11/3/2004,Shipped,Qui_4,11.0,2004.0,Motorcycles,81.0,S50_4713,Accessories,Headphone,Microscale Inc.,2125551957,5290 North Pendale Street,Suite 200,NYC,NY,10022,USA,,Kuo,Kee,Medium,Kuo Kee,EXPENSIVE,GOOD,1962.0,,,
10209.0,20.0,100.0,5.0,2498.6,1/9/2004,Shipped,Qui_1,1.0,2004.0,Vintage Cars,105.0,S18_3856,Furniture,Desk,"Men 'R' US Retailers, Ltd.",2155554369,6047 Douglas Av.,Unknown,Los Angeles,CA,,USA,,Chandler,Michael,Small,Chandler Michael,EXPENSIVE,GOOD,1987.0,,,
10278.0,34.0,100.0,6.0,4667.86,8/6/2004,Shipped,Qui_3,8.0,2004.0,Classic Cars,141.0,S18_1129,Furniture,Table,Signal Gift Stores,7025551838,8489 Strong St.,Unknown,Las Vegas,NV,83030,USA,,King,Sue,Medium,King Sue,EXPENSIVE,GOOD,1962.0,,,
10299.0,33.0,66.49,6.0,2194.17,9/30/2004,Shipped,Qui_3,9.0,2004.0,Motorcycles,69.0,S24_2360,Office Supplies,Eraser,"Toys of Finland, Co.",90-224 8555,Keskuskatu 45,Unknown,Helsinki,,21240,Finland,EMEA,Karttunen,Matti,Small,Karttunen Matti,EXPENSIVE,GOOD,1979.0,,,
10396.0,39.0,66.67,1.0,2600.13,3/23/2005,Shipped,Qui_1,3.0,2005.0,Ships,66.0,S700_1138,Technology,Desktop,Mini Gifts Distributors Ltd.,4155551450,5677 Strong St.,Unknown,San Rafael,CA,97562,USA,,Nelson,Valarie,Small,Nelson Valarie,EXPENSIVE,GOOD,1986.0,,,
10310.0,38.0,56.94,9.0,2163.72,10/16/2004,Shipped,Qui_4,10.0,2004.0,Classic Cars,61.0,S24_3371,Office Supplies,Eraser,"Toms Spezialitten, Ltd",0221-5554327,Mehrheimerstr. 369,Unknown,Koln,,50739,Germany,EMEA,Pfalzheim,Henriette,Small,Pfalzheim Henriette,CHEAP,GOOD,1962.0,,,
10147.0,36.0,86.04,10.0,3097.44,9/5/2003,Shipped,Qui_3,9.0,2003.0,Classic Cars,80.0,S18_3278,Furniture,Cabinet,Collectables For Less Inc.,6175558555,7825 Douglas Av.,Unknown,Brickhaven,MA,58339,USA,,Nelson,Allen,Medium,Nelson Allen,EXPENSIVE,GOOD,1967.0,,,
10392.0,29.0,86.92,2.0,2520.68,3/10/2005,Shipped,Qui_1,3.0,2005.0,Vintage Cars,104.0,S18_3136,Furniture,Table,Mini Auto Werke,7675-3555,Kirchgasse 6,Unknown,Graz,,8010,Austria,EMEA,Mendel,Roland,Small,Mendel Roland,EXPENSIVE,GOOD,1971.0,,,
10281.0,44.0,59.87,14.0,2634.28,8/19/2004,Shipped,Qui_3,8.0,2004.0,Vintage Cars,50.0,S18_4668,Furniture,Cabinet,Diecast Classics Inc.,2155551555,7586 Pompton St.,Unknown,Allentown,PA,70267,USA,,Yu,Kyung,Small,Yu Kyung,CHEAP,GOOD,1993.0,,,
10167.0,40.0,41.71,4.0,1668.4,10/23/2003,Cancelled,Qui_4,10.0,2003.0,Planes,49.0,S72_1253,Accessories,Keyboard,Scandinavian Gift Ideas,0695-34 6555,?kergatan 24,Unknown,Boras,,S-844 67,Sweden,EMEA,Larsson,Maria,Small,Larsson Maria,CHEAP,GOOD,1979.0,,,
10151.0,21.0,100.0,7.0,3734.01,9/21/2003,Shipped,Qui_3,9.0,2003.0,Classic Cars,169.0,S18_3232,Furniture,Table,"Oulu Toy Supplies, Inc.",981-443655,Torikatu 38,Unknown,Oulu,,90110,Finland,EMEA,Koskitalo,Pirkko,Medium,Koskitalo Pirkko,EXPENSIVE,GOOD,1981.0,,,
10301.0,48.0,34.36,10.0,1649.28,10/5/2003,Shipped,Qui_4,10.0,2003.0,Classic Cars,37.0,S24_2972,Office Supplies,Eraser,"Norway Gifts By Mail, Co.",+47 2212 1555,"Drammensveien 126 A, PB 744 Sentrum",Unknown,Oslo,,N 0106,Norway,EMEA,Klaeboe,Jan,Small,Klaeboe Jan,CHEAP,GOOD,1961.0,,,
10201.0,39.0,100.0,3.0,4351.23,12/1/2003,Shipped,Qui_4,12.0,2003.0,Motorcycles,112.0,S24_1578,Office Supplies,Eraser,Mini Wheels Co.,6505555787,5557 North Pendale Street,Unknown,San Francisco,CA,,USA,,Murphy,Julie,Medium,Murphy Julie,EXPENSIVE,GOOD,1991.0,,,
10214.0,49.0,47.94,2.0,2349.06,1/26/2004,Shipped,Qui_1,1.0,2004.0,Vintage Cars,44.0,S24_2022,Office Supplies,Lamp,"Corrida Auto Replicas, Ltd",(91) 555 22 82,"C/ Araquil, 67",Unknown,Madrid,,28023,Spain,EMEA,Sommer,Mart¡n,Small,Sommer Mart¡n,CHEAP,GOOD,1974.0,,,
10230.0,43.0,100.0,1.0,7016.31,3/15/2004,Shipped,Qui_1,3.0,2004.0,Classic Cars,151.0,S12_3148,Furniture,Desk,"Blauer See Auto, Co.",+49 69 66 90 2555,Lyonerstr. 34,Unknown,Frankfurt,,60528,Germany,EMEA,Keitel,Roland,Large,Keitel Roland,EXPENSIVE,GOOD,1972.0,,,
10107.0,21.0,100.0,1.0,3036.6,2/24/2003,Shipped,Qui_1,2.0,2003.0,Motorcycles,150.0,S12_2823,Furniture,Table,Land of Toys Inc.,2125557818,897 Long Airport Avenue,Unknown,NYC,NY,10022,USA,,Yu,Kwai,Medium,Yu Kwai,EXPENSIVE,GOOD,1995.0,,,
10339.0,22.0,100.0,5.0,2816.44,11/23/2004,Shipped,Qui_4,11.0,2004.0,Ships,66.0,S700_1138,Technology,Desktop,"Tokyo Collectables, Ltd",+81 3 3584 0555,2-2-8 Roppongi,Unknown,Minato-ku,Tokyo,106-0032,Japan,Japan,Shimamura,Akiko,Small,Shimamura Akiko,EXPENSIVE,GOOD,1965.0,,,
10227.0,31.0,48.52,2.0,1504.12,3/2/2004,Shipped,Qui_1,3.0,2004.0,Vintage Cars,53.0,S18_1367,Furniture,Cabinet,"Saveley & Henriot, Co.",78.32.5555,"2, rue du Commerce",Unknown,Lyon,,69004,France,EMEA,Saveley,Mary,Small,Saveley Mary,CHEAP,GOOD,1986.0,,,
10278.0,42.0,100.0,7.0,6401.22,8/6/2004,Shipped,Qui_3,8.0,2004.0,Classic Cars,169.0,S18_3232,Furniture,Table,Signal Gift Stores,7025551838,8489 Strong St.,Unknown,Las Vegas,NV,83030,USA,,King,Sue,Medium,King Sue,EXPENSIVE,GOOD,1961.0,,,
10355.0,31.0,53.47,1.0,1657.57,12/7/2004,Shipped,Qui_4,12.0,2004.0,Motorcycles,62.0,S18_3782,Furniture,Bookshelf,Euro Shopping Channel,(91) 555 94 44,"C/ Moralzarzal, 86",Unknown,Madrid,,28034,Spain,EMEA,Freyre,Diego,Small,Freyre Diego,CHEAP,GOOD,1998.0,,,
10363.0,33.0,85.39,3.0,2817.87,1/6/2005,Shipped,Qui_1,1.0,2005.0,Classic Cars,194.0,S12_1099,Furniture,Bookshelf,Suominen Souveniers,+358 9 8045 555,"Software Engineering Center, SEC Oy",Unknown,Espoo,,FIN-02271,Finland,EMEA,Suominen,Kalle,Small,Suominen Kalle,EXPENSIVE,GOOD,1972.0,,,
10374.0,38.0,100.0,6.0,4197.1,2/2/2005,Shipped,Qui_1,2.0,2005.0,Motorcycles,112.0,S24_1578,Office Supplies,Eraser,"Australian Gift Network, Co",61-7-3844-6555,31 Duncan St. West End,Unknown,South Brisbane,Queensland,4101,Australia,APAC,Calaghan,Tony,Medium,Calaghan Tony,EXPENSIVE,GOOD,1996.0,,,
10109.0,38.0,100.0,3.0,4432.7,3/10/2003,Shipped,Qui_1,3.0,2003.0,Classic Cars,142.0,S18_1984,Furniture,Bookshelf,Motor Mint Distributors Inc.,2155559857,11328 Douglas Av.,Unknown,Philadelphia,PA,71270,USA,,Hernandez,Rosa,Medium,Hernandez Rosa,EXPENSIVE,GOOD,1975.0,,,
10124.0,25.0,93.95,9.0,2348.75,5/21/2003,Shipped,Qui_2,5.0,2003.0,Classic Cars,117.0,S24_2887,Office Supplies,Ruler,Signal Gift Stores,7025551838,8489 Strong St.,Unknown,Las Vegas,NV,83030,USA,,King,Sue,Small,King Sue,EXPENSIVE,GOOD,1991.0,,,
10150.0,20.0,100.0,3.0,2104.0,9/19/2003,Shipped,Qui_3,9.0,2003.0,Classic Cars,101.0,S700_2824,Technology,Desktop,"Dragon Souveniers, Ltd.",+65 221 7555,"Bronz Sok., Bronz Apt. 3/6 Tesvikiye",Unknown,Singapore,,79903,Singapore,Japan,Natividad,Eric,Small,Natividad Eric,EXPENSIVE,GOOD,1993.0,,,
10331.0,41.0,100.0,2.0,5715.4,11/17/2004,Shipped,Qui_4,11.0,2004.0,Classic Cars,80.0,S24_4620,Office Supplies,Lamp,Motor Mint Distributors Inc.,2155559857,11328 Douglas Av.,Unknown,Philadelphia,PA,71270,USA,,Hernandez,Rosa,Medium,Hernandez Rosa,EXPENSIVE,GOOD,1963.0,,,
10377.0,24.0,67.83,5.0,1627.92,2/9/2005,Shipped,Qui_1,2.0,2005.0,Classic Cars,79.0,S12_3990,Furniture,Bookshelf,"Toys of Finland, Co.",90-224 8555,Keskuskatu 45,Unknown,Helsinki,,21240,Finland,EMEA,Karttunen,Matti,Small,Karttunen Matti,EXPENSIVE,GOOD,1972.0,,,
10203.0,33.0,86.04,11.0,2839.32,12/2/2003,Shipped,Qui_4,12.0,2003.0,Classic Cars,80.0,S18_3278,Furniture,Cabinet,Euro Shopping Channel,(91) 555 94 44,"C/ Moralzarzal, 86",Unknown,Madrid,,28034,Spain,EMEA,Freyre,Diego,Small,Freyre Diego,EXPENSIVE,GOOD,1987.0,,,
10326.0,39.0,60.0,1.0,2340.0,11/9/2004,Shipped,Qui_4,11.0,2004.0,Ships,66.0,S700_1138,Technology,Desktop,"Volvo Model Replicas, Co",0921-12 3555,Berguvsv„gen  8,Unknown,Lule,,S-958 22,Sweden,EMEA,Berglund,Christina,Small,Berglund Christina,CHEAP,GOOD,1973.0,,,
10337.0,31.0,89.38,1.0,2770.78,11/21/2004,Shipped,Qui_4,11.0,2004.0,Ships,100.0,S700_3505,Technology,Laptop,Classic Legends Inc.,2125558493,5905 Pompton St.,Suite 750,NYC,NY,10022,USA,,Hernandez,Maria,Small,Hernandez Maria,EXPENSIVE,GOOD,1999.0,,,
10208.0,20.0,100.0,12.0,3114.4,1/2/2004,Shipped,Qui_1,1.0,2004.0,Classic Cars,173.0,S12_3891,Furniture,Bookshelf,"Saveley & Henriot, Co.",78.32.5555,"2, rue du Commerce",Unknown,Lyon,,69004,France,EMEA,Saveley,Mary,Medium,Saveley Mary,EXPENSIVE,GOOD,1960.0,,,
10136.0,41.0,100.0,3.0,8331.61,7/4/2003,Shipped,Qui_3,7.0,2003.0,Classic Cars,169.0,S18_3232,Furniture,Table,Alpha Cognac,61.77.6555,1 rue Alsace-Lorraine,Unknown,Toulouse,,31000,France,EMEA,Roulet,Annette,Large,Roulet Annette,EXPENSIVE,GOOD,1997.0,,,
10142.0,46.0,100.0,11.0,9470.94,8/8/2003,Shipped,Qui_3,8.0,2003.0,Classic Cars,173.0,S12_3891,Furniture,Bookshelf,Mini Gifts Distributors Ltd.,4155551450,5677 Strong St.,Unknown,San Rafael,CA,97562,USA,,Nelson,Valarie,Large,Nelson Valarie,EXPENSIVE,GOOD,1961.0,,,
10231.0,42.0,100.0,2.0,8378.58,3/19/2004,Shipped,Qui_1,3.0,2004.0,Classic Cars,207.0,S12_1108,Furniture,Chair,CAF Imports,+34 913 728 555,"Merchants House, 27-30 Merchant's Quay",Unknown,Madrid,,28023,Spain,EMEA,Fernandez,Jesus,Large,Fernandez Jesus,EXPENSIVE,GOOD,1998.0,,,
10271.0,43.0,100.0,10.0,5605.05,7/20/2004,Shipped,Qui_3,7.0,2004.0,Trucks and Buses,127.0,S24_2300,Office Supplies,Pen,Mini Gifts Distributors Ltd.,4155551450,5677 Strong St.,Unknown,San Rafael,CA,97562,USA,,Nelson,Valarie,Medium,Nelson Valarie,EXPENSIVE,GOOD,1998.0,,,
10241.0,44.0,100.0,12.0,6853.44,4/13/2004,Shipped,Qui_2,4.0,2004.0,Classic Cars,132.0,S18_2870,Furniture,Cabinet,Mini Caravy,88.60.1555,"24, place Kluber",Unknown,Strasbourg,,67000,France,EMEA,Citeaux,Frederique,Medium,Citeaux Frederique,EXPENSIVE,GOOD,1998.0,,,
10230.0,45.0,100.0,5.0,4737.15,3/15/2004,Shipped,Qui_1,3.0,2004.0,Classic Cars,118.0,S24_4048,Office Supplies,Pencil,"Blauer See Auto, Co.",+49 69 66 90 2555,Lyonerstr. 34,Unknown,Frankfurt,,60528,Germany,EMEA,Keitel,Roland,Medium,Keitel Roland,EXPENSIVE,GOOD,1989.0,,,
10108.0,26.0,68.35,9.0,1777.1,3/3/2003,Shipped,Qui_1,3.0,2003.0,Classic Cars,80.0,S18_3278,Furniture,Cabinet,Cruz & Sons Co.,+63 2 555 3587,15 McCallum Street - NatWest Center #13-03,Unknown,Makati City,,1227 MM,Philippines,Japan,Cruz,Arnold,Small,Cruz Arnold,EXPENSIVE,GOOD,1987.0,,,
10411.0,27.0,100.0,2.0,4427.73,5/1/2005,Shipped,Qui_2,5.0,2005.0,Classic Cars,147.0,S10_4962,Furniture,Cabinet,Quebec Home Shopping Network,(514) 555-8054,43 rue St. Laurent,Unknown,Montreal,Quebec,H1J 1C3,Canada,,Fresnisre,Jean,Medium,Fresnisre Jean,EXPENSIVE,GOOD,1987.0,,,
10419.0,34.0,100.0,4.0,4594.76,5/17/2005,Shipped,Qui_2,5.0,2005.0,Classic Cars,142.0,S18_1984,Furniture,Bookshelf,Salzburg Collectables,6562-9555,Geislweg 14,Unknown,Salzburg,,5020,Austria,EMEA,Pipps,Georg,Medium,Pipps Georg,EXPENSIVE,GOOD,1967.0,,,
10389.0,49.0,79.22,3.0,3881.78,3/3/2005,Shipped,Qui_1,3.0,2005.0,Classic Cars,77.0,S18_1889,Furniture,Bookshelf,Scandinavian Gift Ideas,0695-34 6555,?kergatan 24,Unknown,Boras,,S-844 67,Sweden,EMEA,Larsson,Maria,Medium,Larsson Maria,EXPENSIVE,GOOD,1985.0,,,
10379.0,27.0,49.3,1.0,1331.1,2/10/2005,Shipped,Qui_1,2.0,2005.0,Vintage Cars,60.0,S18_2248,Furniture,Desk,Euro Shopping Channel,(91) 555 94 44,"C/ Moralzarzal, 86",Unknown,Madrid,,28034,Spain,EMEA,Freyre,Diego,Small,Freyre Diego,CHEAP,GOOD,1987.0,,,
10407.0,43.0,86.73,9.0,3729.39,4/22/2005,On Hold,Qui_2,4.0,2005.0,Classic Cars,107.0,S24_3432,Office Supplies,Lamp,The Sharp Gifts Warehouse,4085553659,3086 Ingle Ln.,Unknown,San Jose,CA,94217,USA,,Frick,Sue,Medium,Frick Sue,EXPENSIVE,GOOD,2000.0,,,
10329.0,39.0,64.74,15.0,2524.86,11/15/2004,Shipped,Qui_4,11.0,2004.0,Classic Cars,115.0,S12_4675,Furniture,Cabinet,Land of Toys Inc.,2125557818,897 Long Airport Avenue,Unknown,NYC,NY,10022,USA,,Yu,Kwai,Small,Yu Kwai,CHEAP,GOOD,1999.0,,,
10327.0,43.0,80.0,2.0,3440.0,11/10/2004,Resolved,Qui_4,11.0,2004.0,Ships,100.0,S700_3505,Technology,Laptop,Danish Wholesale Imports,31 12 3555,Vinb'ltet 34,Unknown,Kobenhavn,,1734,Denmark,EMEA,Petersen,Jytte,Medium,Petersen Jytte,EXPENSIVE,GOOD,1982.0,,,
10319.0,43.0,85.69,2.0,3684.67,11/3/2004,Shipped,Qui_4,11.0,2004.0,Classic Cars,80.0,S24_4620,Office Supplies,Lamp,Microscale Inc.,2125551957,5290 North Pendale Street,Suite 200,NYC,NY,10022,USA,,Kuo,Kee,Medium,Kuo Kee,EXPENSIVE,GOOD,1998.0,,,
10315.0,35.0,100.0,6.0,4215.05,10/29/2004,Shipped,Qui_4,10.0,2004.0,Ships,122.0,S24_2011,Office Supplies,Pen,La Rochelle Gifts,40.67.8555,"67, rue des Cinquante Otages",Unknown,Nantes,,44000,France,EMEA,Labrune,Janine,Medium,Labrune Janine,EXPENSIVE,GOOD,1971.0,,,
10197.0,47.0,83.2,8.0,3910.4,11/26/2003,Shipped,Qui_4,11.0,2003.0,Vintage Cars,88.0,S24_3151,Office Supplies,Pencil,Enaco Distributors,(93) 203 4555,"Rambla de Catalu¤a, 23",Unknown,Barcelona,,8022,Spain,EMEA,Saavedra,Eduardo,Medium,Saavedra Eduardo,EXPENSIVE,GOOD,1982.0,,,
10120.0,46.0,58.15,4.0,2674.9,4/29/2003,Shipped,Qui_2,4.0,2003.0,Motorcycles,60.0,S18_2625,Furniture,Table,"Australian Collectors, Co.",03 9520 4555,636 St Kilda Road,Level 3,Melbourne,Victoria,3004,Australia,APAC,Ferguson,Peter,Small,Ferguson Peter,CHEAP,GOOD,1972.0,,,
10215.0,49.0,100.0,4.0,5510.05,1/29/2004,Shipped,Qui_1,1.0,2004.0,Vintage Cars,101.0,S18_2949,Furniture,Desk,West Coast Collectables Co.,3105553722,3675 Furth Circle,Unknown,Burbank,CA,94019,USA,,Thompson,Steve,Medium,Thompson Steve,EXPENSIVE,GOOD,1971.0,,,
10371.0,25.0,100.0,7.0,2602.25,1/23/2005,Shipped,Qui_1,1.0,2005.0,Classic Cars,163.0,S18_2238,Furniture,Table,Mini Gifts Distributors Ltd.,4155551450,5677 Strong St.,Unknown,San Rafael,CA,97562,USA,,Nelson,Valarie,Small,Nelson Valarie,EXPENSIVE,GOOD,1984.0,,,
10314.0,36.0,100.0,4.0,6913.8,10/22/2004,Shipped,Qui_4,10.0,2004.0,Classic Cars,173.0,S12_3891,Furniture,Bookshelf,Heintze Collectables,86 21 3555,Smagsloget 45,Unknown,Aaarhus,,8200,Denmark,EMEA,Ibsen,Palle,Medium,Ibsen Palle,EXPENSIVE,GOOD,2000.0,,,
10369.0,40.0,86.92,3.0,3476.8,1/20/2005,Shipped,Qui_1,1.0,2005.0,Vintage Cars,97.0,S24_4258,Office Supplies,Pencil,Collectables For Less Inc.,6175558555,7825 Douglas Av.,Unknown,Brickhaven,MA,58339,USA,,Nelson,Allen,Medium,Nelson Allen,EXPENSIVE,GOOD,1986.0,,,
10211.0,41.0,100.0,14.0,4708.44,1/15/2004,Shipped,Qui_1,1.0,2004.0,Motorcycles,95.0,S10_1678,Furniture,Cabinet,Auto Canal Petit,(1) 47.55.6555,"25, rue Lauriston",Unknown,Paris,,75016,France,EMEA,Perrier,Dominique,Medium,Perrier Dominique,EXPENSIVE,GOOD,1963.0,,,
10347.0,42.0,49.6,5.0,2083.2,11/29/2004,Shipped,Qui_4,11.0,2004.0,Trucks and Buses,116.0,S18_1097,Furniture,Bookshelf,"Australian Collectors, Co.",03 9520 4555,636 St Kilda Road,Level 3,Melbourne,Victoria,3004,Australia,APAC,Ferguson,Peter,Small,Ferguson Peter,CHEAP,GOOD,1965.0,,,
10315.0,24.0,86.74,1.0,2081.76,10/29/2004,Shipped,Qui_4,10.0,2004.0,Vintage Cars,88.0,S24_3151,Office Supplies,Pencil,La Rochelle Gifts,40.67.8555,"67, rue des Cinquante Otages",Unknown,Nantes,,44000,France,EMEA,Labrune,Janine,Small,Labrune Janine,EXPENSIVE,GOOD,1968.0,,,
10284.0,32.0,64.41,9.0,2061.12,8/21/2004,Shipped,Qui_3,8.0,2004.0,Planes,74.0,S700_4002,Technology,Laptop,"Norway Gifts By Mail, Co.",+47 2212 1555,"Drammensveien 126 A, PB 744 Sentrum",Unknown,Oslo,,N 0106,Norway,EMEA,Klaeboe,Jan,Small,Klaeboe Jan,CHEAP,GOOD,1982.0,,,
10203.0,48.0,100.0,1.0,8291.04,12/2/2003,Shipped,Qui_4,12.0,2003.0,Classic Cars,169.0,S18_3232,Furniture,Table,Euro Shopping Channel,(91) 555 94 44,"C/ Moralzarzal, 86",Unknown,Madrid,,28034,Spain,EMEA,Freyre,Diego,Large,Freyre Diego,EXPENSIVE,GOOD,1987.0,,,
10224.0,43.0,100.0,6.0,6087.94,2/21/2004,Shipped,Qui_1,2.0,2004.0,Motorcycles,150.0,S12_2823,Furniture,Table,Daedalus Designs Imports,20.16.1555,"184, chausse de Tournai",Unknown,Lille,,59000,France,EMEA,Rance,Martine,Medium,Rance Martine,EXPENSIVE,GOOD,1987.0,,,
10225.0,40.0,100.0,4.0,4550.0,2/22/2004,Shipped,Qui_1,2.0,2004.0,Classic Cars,140.0,S24_3856,Office Supplies,Pencil,"Vida Sport, Ltd",0897-034555,Grenzacherweg 237,Unknown,Gensve,,1203,Switzerland,EMEA,Holz,Michael,Medium,Holz Michael,EXPENSIVE,GOOD,1995.0,,,
10413.0,51.0,63.85,4.0,3256.35,5/5/2005,Shipped,Qui_2,5.0,2005.0,Trains,58.0,S50_1514,Accessories,Headphone,Gift Depot Inc.,2035552570,25593 South Bay Ln.,Unknown,Bridgewater,CT,97562,USA,,King,Julie,Medium,King Julie,CHEAP,EXCELLENT,1998.0,,,
10283.0,38.0,89.38,11.0,3396.44,8/20/2004,Shipped,Qui_3,8.0,2004.0,Ships,99.0,S700_3962,Technology,Smart watch,"Royal Canadian Collectables, Ltd.",(604) 555-4555,23 Tsawassen Blvd.,Unknown,Tsawassen,BC,T2F 8M4,Canada,,Lincoln,Elizabeth,Medium,Lincoln Elizabeth,EXPENSIVE,GOOD,1972.0,,,
10103.0,25.0,100.0,13.0,2539.5,1/29/2003,Shipped,Qui_1,1.0,2003.0,Vintage Cars,104.0,S18_3136,Furniture,Table,Baane Mini Imports,07-98 9555,Erling Skakkes gate 78,Unknown,Stavern,,4110,Norway,EMEA,Bergulfsen,Jonas,Small,Bergulfsen Jonas,EXPENSIVE,GOOD,1982.0,,,
10416.0,15.0,98.84,4.0,1482.6,5/10/2005,Shipped,Qui_2,5.0,2005.0,Planes,84.0,S18_2581,Furniture,Bookshelf,L'ordine Souveniers,0522-556555,Strada Provinciale 124,Unknown,Reggio Emilia,,42100,Italy,EMEA,Moroni,Maurizio,Small,Moroni Maurizio,EXPENSIVE,GOOD,1973.0,,,
10358.0,36.0,100.0,2.0,5669.64,12/10/2004,Shipped,Qui_4,12.0,2004.0,Trucks and Buses,64.0,S32_3522,Office Supplies,Lamp,Euro Shopping Channel,(91) 555 94 44,"C/ Moralzarzal, 86",Unknown,Madrid,,28034,Spain,EMEA,Freyre,Diego,Medium,Freyre Diego,EXPENSIVE,GOOD,1991.0,,,
10129.0,33.0,100.0,2.0,4398.24,6/12/2003,Shipped,Qui_2,6.0,2003.0,Classic Cars,136.0,S10_4757,Furniture,Desk,"Stylish Desk Decors, Co.",(171) 555-0297,35 King George,Unknown,London,,WX3 6FW,UK,EMEA,Brown,Ann,Medium,Brown Ann,EXPENSIVE,GOOD,1964.0,,,
10197.0,35.0,93.35,11.0,3267.25,11/26/2003,Shipped,Qui_4,11.0,2003.0,Ships,99.0,S700_3962,Technology,Smart watch,Enaco Distributors,(93) 203 4555,"Rambla de Catalu¤a, 23",Unknown,Barcelona,,8022,Spain,EMEA,Saavedra,Eduardo,Medium,Saavedra Eduardo,EXPENSIVE,GOOD,1965.0,,,
10271.0,38.0,41.72,6.0,1585.36,7/20/2004,Shipped,Qui_3,7.0,2004.0,Classic Cars,35.0,S24_2840,Office Supplies,Pencil,Mini Gifts Distributors Ltd.,4155551450,5677 Strong St.,Unknown,San Rafael,CA,97562,USA,,Nelson,Valarie,Small,Nelson Valarie,CHEAP,GOOD,1993.0,,,
10191.0,43.0,72.74,9.0,3127.82,11/20/2003,Shipped,Qui_4,11.0,2003.0,Motorcycles,62.0,S18_3782,Furniture,Bookshelf,"Toms Spezialitten, Ltd",0221-5554327,Mehrheimerstr. 369,Unknown,Koln,,50739,Germany,EMEA,Pfalzheim,Henriette,Medium,Pfalzheim Henriette,EXPENSIVE,GOOD,1963.0,,,
10331.0,20.0,100.0,5.0,3657.8,11/17/2004,Shipped,Qui_4,11.0,2004.0,Motorcycles,81.0,S50_4713,Accessories,Headphone,Motor Mint Distributors Inc.,2155559857,11328 Douglas Av.,Unknown,Philadelphia,PA,71270,USA,,Hernandez,Rosa,Medium,Hernandez Rosa,EXPENSIVE,GOOD,1966.0,,,
10161.0,23.0,53.33,7.0,1226.59,10/17/2003,Shipped,Qui_4,10.0,2003.0,Classic Cars,50.0,S24_1628,Office Supplies,Lamp,Heintze Collectables,86 21 3555,Smagsloget 45,Unknown,Aaarhus,,8200,Denmark,EMEA,Ibsen,Palle,Small,Ibsen Palle,CHEAP,GOOD,2000.0,,,
10390.0,30.0,82.42,10.0,2472.6,3/4/2005,Shipped,Qui_1,3.0,2005.0,Classic Cars,80.0,S24_4620,Office Supplies,Lamp,Mini Gifts Distributors Ltd.,4155551450,5677 Strong St.,Unknown,San Rafael,CA,97562,USA,,Nelson,Valarie,Small,Nelson Valarie,EXPENSIVE,GOOD,1998.0,,,
10170.0,34.0,100.0,1.0,3819.56,11/4/2003,Shipped,Qui_4,11.0,2003.0,Classic Cars,140.0,S24_3856,Office Supplies,Pencil,Mini Auto Werke,7675-3555,Kirchgasse 6,Unknown,Graz,,8010,Austria,EMEA,Mendel,Roland,Medium,Mendel Roland,EXPENSIVE,GOOD,1999.0,,,
10214.0,30.0,100.0,7.0,5967.0,1/26/2004,Shipped,Qui_1,1.0,2004.0,Vintage Cars,170.0,S18_1749,Furniture,Desk,"Corrida Auto Replicas, Ltd",(91) 555 22 82,"C/ Araquil, 67",Unknown,Madrid,,28023,Spain,EMEA,Sommer,Mart¡n,Medium,Sommer Mart¡n,EXPENSIVE,GOOD,1990.0,,,
10322.0,46.0,61.99,8.0,2851.54,11/4/2004,Shipped,Qui_4,11.0,2004.0,Classic Cars,147.0,S10_4962,Furniture,Cabinet,Online Diecast Creations Co.,6035558647,2304 Long Airport Avenue,Unknown,Nashua,NH,62005,USA,,Young,Valarie,Small,Young Valarie,CHEAP,GOOD,1970.0,,,
10358.0,30.0,100.0,8.0,5302.8,12/10/2004,Shipped,Qui_4,12.0,2004.0,Vintage Cars,50.0,S18_4668,Furniture,Cabinet,Euro Shopping Channel,(91) 555 94 44,"C/ Moralzarzal, 86",Unknown,Madrid,,28034,Spain,EMEA,Freyre,Diego,Medium,Freyre Diego,EXPENSIVE,GOOD,1968.0,,,
10184.0,24.0,100.0,11.0,3496.32,11/14/2003,Shipped,Qui_4,11.0,2003.0,Trucks and Buses,127.0,S24_2300,Office Supplies,Pen,"Iberia Gift Imports, Corp.",(95) 555 82 82,"C/ Romero, 33",Unknown,Sevilla,,41101,Spain,EMEA,Roel,Jose Pedro,Medium,Roel JosePedro,EXPENSIVE,GOOD,1987.0,,,
10312.0,37.0,100.0,4.0,3711.1,10/21/2004,Shipped,Qui_4,10.0,2004.0,Vintage Cars,101.0,S18_2949,Furniture,Desk,Mini Gifts Distributors Ltd.,4155551450,5677 Strong St.,Unknown,San Rafael,CA,97562,USA,,Nelson,Valarie,Medium,Nelson Valarie,EXPENSIVE,GOOD,1963.0,,,
10287.0,20.0,67.97,11.0,1359.4,8/30/2004,Shipped,Qui_3,8.0,2004.0,Classic Cars,61.0,S24_3371,Office Supplies,Eraser,"Vida Sport, Ltd",0897-034555,Grenzacherweg 237,Unknown,Gensve,,1203,Switzerland,EMEA,Holz,Michael,Small,Holz Michael,EXPENSIVE,GOOD,1987.0,,,
10416.0,41.0,100.0,3.0,5642.83,5/10/2005,Shipped,Qui_2,5.0,2005.0,Planes,118.0,S700_2834,Technology,Desktop,L'ordine Souveniers,0522-556555,Strada Provinciale 124,Unknown,Reggio Emilia,,42100,Italy,EMEA,Moroni,Maurizio,Medium,Moroni Maurizio,EXPENSIVE,GOOD,1960.0,,,
10153.0,20.0,100.0,11.0,4904.0,9/28/2003,Shipped,Qui_3,9.0,2003.0,Classic Cars,207.0,S12_1108,Furniture,Chair,Euro Shopping Channel,(91) 555 94 44,"C/ Moralzarzal, 86",Unknown,Madrid,,28034,Spain,EMEA,Freyre,Diego,Medium,Freyre Diego,EXPENSIVE,GOOD,1971.0,,,
10126.0,43.0,65.02,2.0,2795.86,5/28/2003,Shipped,Qui_2,5.0,2003.0,Trucks and Buses,60.0,S18_2432,Furniture,Table,"Corrida Auto Replicas, Ltd",(91) 555 22 82,"C/ Araquil, 67",Unknown,Madrid,,28023,Spain,EMEA,Sommer,Mart¡n,Small,Sommer Mart¡n,EXPENSIVE,GOOD,1988.0,,,
10412.0,30.0,36.07,6.0,1082.1,5/3/2005,Shipped,Qui_2,5.0,2005.0,Classic Cars,35.0,S24_2840,Office Supplies,Pencil,Euro Shopping Channel,(91) 555 94 44,"C/ Moralzarzal, 86",Unknown,Madrid,,28034,Spain,EMEA,Freyre,Diego,Small,Freyre Diego,CHEAP,GOOD,1989.0,,,
10304.0,39.0,100.0,3.0,6396.0,10/11/2004,Shipped,Qui_4,10.0,2004.0,Trucks and Buses,136.0,S12_1666,Furniture,Cabinet,Auto Assoc. & Cie.,30.59.8555,"67, avenue de l'Europe",Unknown,Versailles,,78000,France,EMEA,Tonini,Daniel,Medium,Tonini Daniel,EXPENSIVE,GOOD,1986.0,,,
10373.0,32.0,84.41,15.0,2701.12,1/31/2005,Shipped,Qui_1,1.0,2005.0,Ships,90.0,S700_2047,Technology,Tablet,"Oulu Toy Supplies, Inc.",981-443655,Torikatu 38,Unknown,Oulu,,90110,Finland,EMEA,Koskitalo,Pirkko,Small,Koskitalo Pirkko,EXPENSIVE,GOOD,1966.0,,,
10206.0,28.0,100.0,3.0,4056.36,12/5/2003,Shipped,Qui_4,12.0,2003.0,Trucks and Buses,136.0,S12_1666,Furniture,Cabinet,Canadian Gift Exchange Network,(604) 555-3392,1900 Oak St.,Unknown,Vancouver,BC,V3F 2K1,Canada,,Tannamuri,Yoshi,Medium,Tannamuri Yoshi,EXPENSIVE,GOOD,1967.0,,,
10329.0,30.0,87.78,7.0,2633.4,11/15/2004,Shipped,Qui_4,11.0,2004.0,Motorcycles,112.0,S24_1578,Office Supplies,Eraser,Land of Toys Inc.,2125557818,897 Long Airport Avenue,Unknown,NYC,NY,10022,USA,,Yu,Kwai,Small,Yu Kwai,EXPENSIVE,GOOD,1963.0,,,
10333.0,24.0,79.86,8.0,1916.64,11/18/2004,Shipped,Qui_4,11.0,2004.0,Vintage Cars,50.0,S18_4668,Furniture,Cabinet,Mini Wheels Co.,6505555787,5557 North Pendale Street,Unknown,San Francisco,CA,,USA,,Murphy,Julie,Small,Murphy Julie,EXPENSIVE,GOOD,1976.0,,,
10314.0,35.0,66.49,9.0,2327.15,10/22/2004,Shipped,Qui_4,10.0,2004.0,Trains,62.0,S32_3207,Office Supplies,Pen,Heintze Collectables,86 21 3555,Smagsloget 45,Unknown,Aaarhus,,8200,Denmark,EMEA,Ibsen,Palle,Small,Ibsen Palle,EXPENSIVE,GOOD,1969.0,,,
10424.0,49.0,100.0,3.0,7969.36,5/31/2005,In Process,Qui_2,5.0,2005.0,Trucks and Buses,136.0,S12_1666,Furniture,Cabinet,Euro Shopping Channel,(91) 555 94 44,"C/ Moralzarzal, 86",Unknown,Madrid,,28034,Spain,EMEA,Freyre,Diego,Large,Freyre Diego,EXPENSIVE,GOOD,1967.0,,,
10211.0,28.0,100.0,4.0,3745.28,1/15/2004,Shipped,Qui_1,1.0,2004.0,Classic Cars,146.0,S18_3482,Furniture,Bookshelf,Auto Canal Petit,(1) 47.55.6555,"25, rue Lauriston",Unknown,Paris,,75016,France,EMEA,Perrier,Dominique,Medium,Perrier Dominique,EXPENSIVE,GOOD,1984.0,,,
10419.0,10.0,100.0,11.0,1092.2,5/17/2005,Shipped,Qui_2,5.0,2005.0,Classic Cars,117.0,S12_3380,Furniture,Bookshelf,Salzburg Collectables,6562-9555,Geislweg 14,Unknown,Salzburg,,5020,Austria,EMEA,Pipps,Georg,Small,Pipps Georg,EXPENSIVE,GOOD,1965.0,,,
10239.0,21.0,93.28,5.0,1958.88,4/12/2004,Shipped,Qui_2,4.0,2004.0,Classic Cars,115.0,S12_4675,Furniture,Cabinet,"Oulu Toy Supplies, Inc.",981-443655,Torikatu 38,Unknown,Oulu,,90110,Finland,EMEA,Koskitalo,Pirkko,Small,Koskitalo Pirkko,EXPENSIVE,GOOD,1972.0,,,
10161.0,25.0,100.0,2.0,2759.75,10/17/2003,Shipped,Qui_4,10.0,2003.0,Classic Cars,117.0,S24_2887,Office Supplies,Ruler,Heintze Collectables,86 21 3555,Smagsloget 45,Unknown,Aaarhus,,8200,Denmark,EMEA,Ibsen,Palle,Small,Ibsen Palle,EXPENSIVE,GOOD,1987.0,,,
10367.0,49.0,56.3,1.0,2758.7,1/12/2005,Resolved,Qui_1,1.0,2005.0,Classic Cars,124.0,S18_1589,Furniture,Bookshelf,Toys4GrownUps.com,6265557265,78934 Hillside Dr.,Unknown,Pasadena,CA,90003,USA,,Young,Julie,Small,Young Julie,CHEAP,GOOD,1961.0,,,
10223.0,29.0,100.0,8.0,3199.86,2/20/2004,Shipped,Qui_1,2.0,2004.0,Planes,118.0,S700_2834,Technology,Desktop,"Australian Collectors, Co.",03 9520 4555,636 St Kilda Road,Level 3,Melbourne,Victoria,3004,Australia,APAC,Ferguson,Peter,Medium,Ferguson Peter,EXPENSIVE,GOOD,1968.0,,,
10342.0,40.0,100.0,2.0,6454.4,11/24/2004,Shipped,Qui_4,11.0,2004.0,Classic Cars,141.0,S18_1129,Furniture,Table,"Australian Collectors, Co.",03 9520 4555,636 St Kilda Road,Level 3,Melbourne,Victoria,3004,Australia,APAC,Ferguson,Peter,Medium,Ferguson Peter,EXPENSIVE,GOOD,1998.0,,,
10333.0,39.0,100.0,1.0,4424.16,11/18/2004,Shipped,Qui_4,11.0,2004.0,Vintage Cars,97.0,S24_4258,Office Supplies,Pencil,Mini Wheels Co.,6505555787,5557 North Pendale Street,Unknown,San Francisco,CA,,USA,,Murphy,Julie,Medium,Murphy Julie,EXPENSIVE,GOOD,1992.0,,,
10329.0,33.0,100.0,14.0,3607.56,11/15/2004,Shipped,Qui_4,11.0,2004.0,Classic Cars,79.0,S12_3990,Furniture,Bookshelf,Land of Toys Inc.,2125557818,897 Long Airport Avenue,Unknown,NYC,NY,10022,USA,,Yu,Kwai,Medium,Yu Kwai,EXPENSIVE,GOOD,1979.0,,,
10331.0,46.0,100.0,6.0,6434.02,11/17/2004,Shipped,Qui_4,11.0,2004.0,Classic Cars,141.0,S18_1129,Furniture,Table,Motor Mint Distributors Inc.,2155559857,11328 Douglas Av.,Unknown,Philadelphia,PA,71270,USA,,Hernandez,Rosa,Medium,Hernandez Rosa,EXPENSIVE,GOOD,1979.0,,,
10358.0,41.0,100.0,1.0,4428.0,12/10/2004,Shipped,Qui_4,12.0,2004.0,Trucks and Buses,96.0,S32_1268,Office Supplies,Eraser,Euro Shopping Channel,(91) 555 94 44,"C/ Moralzarzal, 86",Unknown,Madrid,,28034,Spain,EMEA,Freyre,Diego,Medium,Freyre Diego,EXPENSIVE,GOOD,1969.0,,,
10312.0,35.0,53.72,6.0,1880.2,10/21/2004,Shipped,Qui_4,10.0,2004.0,Vintage Cars,62.0,S18_2957,Furniture,Desk,Mini Gifts Distributors Ltd.,4155551450,5677 Strong St.,Unknown,San Rafael,CA,97562,USA,,Nelson,Valarie,Small,Nelson Valarie,CHEAP,GOOD,1984.0,,,
10103.0,46.0,100.0,16.0,4791.82,1/29/2003,Shipped,Qui_1,1.0,2003.0,Vintage Cars,99.0,S18_3320,Furniture,Table,Baane Mini Imports,07-98 9555,Erling Skakkes gate 78,Unknown,Stavern,,4110,Norway,EMEA,Bergulfsen,Jonas,Medium,Bergulfsen Jonas,EXPENSIVE,GOOD,1988.0,,,
10331.0,32.0,100.0,4.0,5026.56,11/17/2004,Shipped,Qui_4,11.0,2004.0,Motorcycles,102.0,S32_4485,Office Supplies,Ruler,Motor Mint Distributors Inc.,2155559857,11328 Douglas Av.,Unknown,Philadelphia,PA,71270,USA,,Hernandez,Rosa,Medium,Hernandez Rosa,EXPENSIVE,GOOD,1981.0,,,
10295.0,26.0,75.34,4.0,1958.84,9/10/2004,Shipped,Qui_3,9.0,2004.0,Ships,66.0,S700_1138,Technology,Desktop,Gifts4AllAges.com,6175559555,8616 Spinnaker Dr.,Unknown,Boston,MA,51003,USA,,Yoshido,Juri,Small,Yoshido Juri,EXPENSIVE,GOOD,1971.0,,,
10342.0,38.0,100.0,11.0,6276.46,11/24/2004,Shipped,Qui_4,11.0,2004.0,Classic Cars,148.0,S18_4721,Furniture,Table,"Australian Collectors, Co.",03 9520 4555,636 St Kilda Road,Level 3,Melbourne,Victoria,3004,Australia,APAC,Ferguson,Peter,Medium,Ferguson Peter,EXPENSIVE,GOOD,1988.0,,,
10284.0,21.0,55.96,10.0,1175.16,8/21/2004,Shipped,Qui_3,8.0,2004.0,Planes,68.0,S24_3949,Office Supplies,Pencil,"Norway Gifts By Mail, Co.",+47 2212 1555,"Drammensveien 126 A, PB 744 Sentrum",Unknown,Oslo,,N 0106,Norway,EMEA,Klaeboe,Jan,Small,Klaeboe Jan,CHEAP,GOOD,1961.0,,,
10209.0,33.0,88.71,4.0,2927.43,1/9/2004,Shipped,Qui_1,1.0,2004.0,Ships,90.0,S700_2047,Technology,Tablet,"Men 'R' US Retailers, Ltd.",2155554369,6047 Douglas Av.,Unknown,Los Angeles,CA,,USA,,Chandler,Michael,Small,Chandler Michael,EXPENSIVE,GOOD,1978.0,,,
10141.0,47.0,100.0,8.0,6287.66,8/1/2003,Shipped,Qui_3,8.0,2003.0,Trucks and Buses,122.0,S18_2319,Furniture,Chair,Suominen Souveniers,+358 9 8045 555,"Software Engineering Center, SEC Oy",Unknown,Espoo,,FIN-02271,Finland,EMEA,Suominen,Kalle,Medium,Suominen Kalle,EXPENSIVE,GOOD,1995.0,,,
10322.0,50.0,100.0,6.0,12536.5,11/4/2004,Shipped,Qui_4,11.0,2004.0,Vintage Cars,127.0,S18_2325,Furniture,Table,Online Diecast Creations Co.,6035558647,2304 Long Airport Avenue,Unknown,Nashua,NH,62005,USA,,Young,Valarie,Large,Young Valarie,EXPENSIVE,EXCELLENT,1986.0,,,
10102.0,41.0,50.14,1.0,2055.74,1/10/2003,Shipped,Qui_1,1.0,2003.0,Vintage Cars,53.0,S18_1367,Furniture,Cabinet,Vitachrome Inc.,2125551500,2678 Kingston Rd.,Suite 101,NYC,NY,10022,USA,,Frick,Michael,Small,Frick Michael,CHEAP,GOOD,1976.0,,,
10192.0,46.0,100.0,5.0,5566.0,11/20/2003,Shipped,Qui_4,11.0,2003.0,Classic Cars,107.0,S24_3432,Office Supplies,Lamp,Online Diecast Creations Co.,6035558647,2304 Long Airport Avenue,Unknown,Nashua,NH,62005,USA,,Young,Valarie,Medium,Young Valarie,EXPENSIVE,GOOD,1974.0,,,
10321.0,33.0,100.0,11.0,5700.09,11/4/2004,Shipped,Qui_4,11.0,2004.0,Classic Cars,169.0,S18_3232,Furniture,Table,FunGiftIdeas.com,5085552555,1785 First Street,Unknown,New Bedford,MA,50553,USA,,Benitez,Violeta,Medium,Benitez Violeta,EXPENSIVE,GOOD,1961.0,,,
10183.0,23.0,100.0,8.0,5372.57,11/13/2003,Shipped,Qui_4,11.0,2003.0,Classic Cars,214.0,S10_1949,Furniture,Desk,"Classic Gift Ideas, Inc",2155554695,782 First Street,Unknown,Philadelphia,PA,71270,USA,,Cervantes,Francisca,Medium,Cervantes Francisca,EXPENSIVE,GOOD,1988.0,,,
10141.0,40.0,94.62,1.0,3784.8,8/1/2003,Shipped,Qui_3,8.0,2003.0,Classic Cars,118.0,S24_4048,Office Supplies,Pencil,Suominen Souveniers,+358 9 8045 555,"Software Engineering Center, SEC Oy",Unknown,Espoo,,FIN-02271,Finland,EMEA,Suominen,Kalle,Medium,Suominen Kalle,EXPENSIVE,GOOD,1966.0,,,
10291.0,47.0,100.0,12.0,5713.79,9/8/2004,Shipped,Qui_3,9.0,2004.0,Vintage Cars,101.0,S18_2949,Furniture,Desk,Scandinavian Gift Ideas,0695-34 6555,?kergatan 24,Unknown,Boras,,S-844 67,Sweden,EMEA,Larsson,Maria,Medium,Larsson Maria,EXPENSIVE,GOOD,1993.0,,,
10148.0,29.0,81.25,2.0,2356.25,9/11/2003,Shipped,Qui_3,9.0,2003.0,Classic Cars,71.0,S18_4933,Furniture,Table,"Anna's Decorations, Ltd",02 9936 8555,201 Miller Street,Level 15,North Sydney,NSW,2060,Australia,APAC,O'Hara,Anna,Small,O'Hara Anna,EXPENSIVE,GOOD,1969.0,,,
10263.0,34.0,58.75,6.0,1997.5,6/28/2004,Shipped,Qui_2,6.0,2004.0,Motorcycles,60.0,S18_2625,Furniture,Table,Gift Depot Inc.,2035552570,25593 South Bay Ln.,Unknown,Bridgewater,CT,97562,USA,,King,Julie,Small,King Julie,CHEAP,GOOD,1999.0,,,
10135.0,42.0,100.0,7.0,8008.56,7/2/2003,Shipped,Qui_3,7.0,2003.0,Classic Cars,194.0,S12_1099,Furniture,Bookshelf,Mini Gifts Distributors Ltd.,4155551450,5677 Strong St.,Unknown,San Rafael,CA,97562,USA,,Nelson,Valarie,Large,Nelson Valarie,EXPENSIVE,GOOD,1979.0,,,
10253.0,26.0,100.0,5.0,3054.48,6/1/2004,Cancelled,Qui_2,6.0,2004.0,Classic Cars,141.0,S18_1129,Furniture,Table,"UK Collectables, Ltd.",(171) 555-2282,Berkeley Gardens 12  Brewery,Unknown,Liverpool,,WX1 6LT,UK,EMEA,Devon,Elizabeth,Medium,Devon Elizabeth,EXPENSIVE,GOOD,1964.0,,,
10253.0,39.0,100.0,8.0,5148.0,6/1/2004,Cancelled,Qui_2,6.0,2004.0,Classic Cars,140.0,S24_3856,Office Supplies,Pencil,"UK Collectables, Ltd.",(171) 555-2282,Berkeley Gardens 12  Brewery,Unknown,Liverpool,,WX1 6LT,UK,EMEA,Devon,Elizabeth,Medium,Devon Elizabeth,EXPENSIVE,GOOD,1992.0,,,
10308.0,47.0,43.64,11.0,2051.08,10/15/2004,Shipped,Qui_4,10.0,2004.0,Vintage Cars,43.0,S50_1341,Accessories,Keyboard,Mini Classics,9145554562,3758 North Pendale Street,Unknown,White Plains,NY,24067,USA,,Frick,Steve,Small,Frick Steve,CHEAP,GOOD,1968.0,,,
10380.0,21.0,47.18,8.0,990.78,2/16/2005,Shipped,Qui_1,2.0,2005.0,Vintage Cars,168.0,S18_2795,Furniture,Bookshelf,Euro Shopping Channel,(91) 555 94 44,"C/ Moralzarzal, 86",Unknown,Madrid,,28034,Spain,EMEA,Freyre,Diego,Small,Freyre Diego,CHEAP,GOOD,1978.0,,,
10273.0,42.0,62.16,5.0,2610.72,7/21/2004,Shipped,Qui_3,7.0,2004.0,Ships,72.0,S700_2610,Technology,Laptop,Petit Auto,(02) 5554 67,Rue Joseph-Bens 532,Unknown,Bruxelles,,B-1180,Belgium,EMEA,Dewey,Catherine,Small,Dewey Catherine,CHEAP,GOOD,1976.0,,,
10284.0,31.0,71.81,1.0,2226.11,8/21/2004,Shipped,Qui_3,8.0,2004.0,Planes,84.0,S18_2581,Furniture,Bookshelf,"Norway Gifts By Mail, Co.",+47 2212 1555,"Drammensveien 126 A, PB 744 Sentrum",Unknown,Oslo,,N 0106,Norway,EMEA,Klaeboe,Jan,Small,Klaeboe Jan,EXPENSIVE,GOOD,1991.0,,,
10306.0,35.0,59.51,6.0,2082.85,10/14/2004,Shipped,Qui_4,10.0,2004.0,Ships,54.0,S72_3212,Accessories,Headphone,"AV Stores, Co.",(171) 555-1555,Fauntleroy Circus,Unknown,Manchester,,EC2 5NT,UK,EMEA,Ashworth,Victoria,Small,Ashworth Victoria,CHEAP,GOOD,1962.0,,,
10195.0,35.0,100.0,9.0,3608.15,11/25/2003,Shipped,Qui_4,11.0,2003.0,Trucks and Buses,122.0,S18_2319,Furniture,Chair,Mini Classics,9145554562,3758 North Pendale Street,Unknown,White Plains,NY,24067,USA,,Frick,Steve,Medium,Frick Steve,EXPENSIVE,GOOD,1999.0,,,
10278.0,29.0,90.86,10.0,2634.94,8/6/2004,Shipped,Qui_3,8.0,2004.0,Classic Cars,77.0,S18_1889,Furniture,Bookshelf,Signal Gift Stores,7025551838,8489 Strong St.,Unknown,Las Vegas,NV,83030,USA,,King,Sue,Small,King Sue,EXPENSIVE,GOOD,1971.0,,,
10100.0,30.0,100.0,3.0,5151.0,1/6/2003,Shipped,Qui_1,1.0,2003.0,Vintage Cars,170.0,S18_1749,Furniture,Desk,Online Diecast Creations Co.,6035558647,2304 Long Airport Avenue,Unknown,Nashua,NH,62005,USA,,Young,Valarie,Medium,Young Valarie,EXPENSIVE,GOOD,1978.0,,,
10225.0,25.0,99.82,7.0,2495.5,2/22/2004,Shipped,Qui_1,2.0,2004.0,Classic Cars,117.0,S12_3380,Furniture,Bookshelf,"Vida Sport, Ltd",0897-034555,Grenzacherweg 237,Unknown,Gensve,,1203,Switzerland,EMEA,Holz,Michael,Small,Holz Michael,EXPENSIVE,GOOD,1968.0,,,
10235.0,25.0,100.0,8.0,2580.25,4/2/2004,Shipped,Qui_2,4.0,2004.0,Planes,91.0,S700_1691,Technology,Smart phone,"Royal Canadian Collectables, Ltd.",(604) 555-4555,23 Tsawassen Blvd.,Unknown,Tsawassen,BC,T2F 8M4,Canada,,Lincoln,Elizabeth,Small,Lincoln Elizabeth,EXPENSIVE,GOOD,1966.0,,,
10339.0,45.0,96.92,11.0,4361.4,11/23/2004,Shipped,Qui_4,11.0,2004.0,Planes,68.0,S24_3949,Office Supplies,Pencil,"Tokyo Collectables, Ltd",+81 3 3584 0555,2-2-8 Roppongi,Unknown,Minato-ku,Tokyo,106-0032,Japan,Japan,Shimamura,Akiko,Medium,Shimamura Akiko,EXPENSIVE,GOOD,1983.0,,,
10339.0,29.0,99.69,14.0,2891.01,11/23/2004,Shipped,Qui_4,11.0,2004.0,Vintage Cars,65.0,S24_3420,Office Supplies,Lamp,"Tokyo Collectables, Ltd",+81 3 3584 0555,2-2-8 Roppongi,Unknown,Minato-ku,Tokyo,106-0032,Japan,Japan,Shimamura,Akiko,Small,Shimamura Akiko,EXPENSIVE,GOOD,1963.0,,,
10398.0,34.0,40.22,1.0,1367.48,3/30/2005,Shipped,Qui_1,3.0,2005.0,Planes,49.0,S72_1253,Accessories,Keyboard,Reims Collectables,26.47.1555,59 rue de l'Abbaye,Unknown,Reims,,51100,France,EMEA,Henriot,Paul,Small,Henriot Paul,CHEAP,GOOD,1977.0,,,
10251.0,44.0,100.0,5.0,5756.52,5/18/2004,Shipped,Qui_2,5.0,2004.0,Motorcycles,118.0,S10_2016,Furniture,Chair,Tekni Collectables Inc.,2015559350,7476 Moss Rd.,Unknown,Newark,NJ,94019,USA,,Brown,William,Medium,Brown William,EXPENSIVE,GOOD,1977.0,,,
10401.0,11.0,100.0,8.0,1135.31,4/3/2005,On Hold,Qui_2,4.0,2005.0,Planes,91.0,S700_1691,Technology,Smart phone,Tekni Collectables Inc.,2015559350,7476 Moss Rd.,Unknown,Newark,NJ,94019,USA,,Brown,William,Small,Brown William,EXPENSIVE,GOOD,1998.0,,,
10153.0,42.0,100.0,12.0,5393.64,9/28/2003,Shipped,Qui_3,9.0,2003.0,Classic Cars,151.0,S12_3148,Furniture,Desk,Euro Shopping Channel,(91) 555 94 44,"C/ Moralzarzal, 86",Unknown,Madrid,,28034,Spain,EMEA,Freyre,Diego,Medium,Freyre Diego,EXPENSIVE,GOOD,1991.0,,,
10139.0,49.0,43.13,6.0,2113.37,7/16/2003,Shipped,Qui_3,7.0,2003.0,Vintage Cars,53.0,S18_1367,Furniture,Cabinet,Souveniers And Things Co.,+61 2 9495 8555,"Monitor Money Building, 815 Pacific Hwy",Level 6,Chatswood,NSW,2067,Australia,APAC,Huxley,Adrian,Small,Huxley Adrian,CHEAP,GOOD,1993.0,,,
10232.0,22.0,100.0,6.0,3606.02,3/20/2004,Shipped,Qui_1,3.0,2004.0,Vintage Cars,136.0,S18_3140,Furniture,Desk,giftsbymail.co.uk,(198) 555-8888,Garden House Crowther Way,Unknown,Cowes,Isle of Wight,PO31 7PJ,UK,EMEA,Bennett,Helen,Medium,Bennett Helen,EXPENSIVE,GOOD,1994.0,,,
10204.0,35.0,100.0,15.0,5735.8,12/2/2003,Shipped,Qui_4,12.0,2003.0,Classic Cars,141.0,S18_3685,Furniture,Bookshelf,Muscle Machine Inc,2125557413,4092 Furth Circle,Suite 400,NYC,NY,10022,USA,,Young,Jeff,Medium,Young Jeff,EXPENSIVE,GOOD,1966.0,,,
10193.0,44.0,100.0,11.0,4642.88,11/21/2003,Shipped,Qui_4,11.0,2003.0,Vintage Cars,127.0,S18_2325,Furniture,Table,"Australian Collectables, Ltd",61-9-3844-6555,7 Allen Street,Unknown,Glen Waverly,Victoria,3150,Australia,APAC,Connery,Sean,Medium,Connery Sean,EXPENSIVE,GOOD,1999.0,,,
10282.0,39.0,100.0,10.0,4797.39,8/20/2004,Shipped,Qui_3,8.0,2004.0,Classic Cars,118.0,S24_4048,Office Supplies,Pencil,Mini Gifts Distributors Ltd.,4155551450,5677 Strong St.,Unknown,San Rafael,CA,97562,USA,,Nelson,Valarie,Medium,Nelson Valarie,EXPENSIVE,GOOD,1986.0,,,
10342.0,26.0,55.95,8.0,1454.7,11/24/2004,Shipped,Qui_4,11.0,2004.0,Motorcycles,62.0,S18_3782,Furniture,Bookshelf,"Australian Collectors, Co.",03 9520 4555,636 St Kilda Road,Level 3,Melbourne,Victoria,3004,Australia,APAC,Ferguson,Peter,Small,Ferguson Peter,CHEAP,GOOD,1976.0,,,
10181.0,37.0,42.67,8.0,1578.79,11/12/2003,Shipped,Qui_4,11.0,2003.0,Classic Cars,37.0,S24_2972,Office Supplies,Eraser,Herkku Gifts,+47 2267 3215,"Drammen 121, PR 744 Sentrum",Unknown,Bergen,,N 5804,Norway,EMEA,Oeztan,Veysel,Small,Oeztan Veysel,CHEAP,GOOD,1977.0,,,
10316.0,34.0,82.21,4.0,2795.14,11/1/2004,Shipped,Qui_4,11.0,2004.0,Planes,91.0,S700_1691,Technology,Smart phone,giftsbymail.co.uk,(198) 555-8888,Garden House Crowther Way,Unknown,Cowes,Isle of Wight,PO31 7PJ,UK,EMEA,Bennett,Helen,Small,Bennett Helen,EXPENSIVE,GOOD,1972.0,,,
10293.0,24.0,100.0,4.0,2819.28,9/9/2004,Shipped,Qui_3,9.0,2004.0,Vintage Cars,136.0,S18_3140,Furniture,Desk,Amica Models & Co.,011-4988555,Via Monte Bianco 34,Unknown,Torino,,10100,Italy,EMEA,Accorti,Paolo,Small,Accorti Paolo,EXPENSIVE,GOOD,1978.0,,,
10143.0,28.0,66.19,6.0,1853.32,8/10/2003,Shipped,Qui_3,8.0,2003.0,Planes,68.0,S24_3949,Office Supplies,Pencil,Mini Creations Ltd.,5085559555,4575 Hillside Dr.,Unknown,New Bedford,MA,50553,USA,,Tam,Wing C,Small,Tam WingC,EXPENSIVE,GOOD,1972.0,,,
10133.0,23.0,100.0,1.0,2642.01,6/27/2003,Shipped,Qui_2,6.0,2003.0,Motorcycles,99.0,S32_1374,Office Supplies,Eraser,Euro Shopping Channel,(91) 555 94 44,"C/ Moralzarzal, 86",Unknown,Madrid,,28034,Spain,EMEA,Freyre,Diego,Small,Freyre Diego,EXPENSIVE,GOOD,1979.0,,,
10374.0,22.0,53.3,4.0,1172.6,2/2/2005,Shipped,Qui_1,2.0,2005.0,Motorcycles,60.0,S18_2625,Furniture,Table,"Australian Gift Network, Co",61-7-3844-6555,31 Duncan St. West End,Unknown,South Brisbane,Queensland,4101,Australia,APAC,Calaghan,Tony,Small,Calaghan Tony,CHEAP,GOOD,1983.0,,,
10243.0,47.0,100.0,2.0,6154.18,4/26/2004,Shipped,Qui_2,4.0,2004.0,Vintage Cars,127.0,S18_2325,Furniture,Table,Diecast Collectables,6175552555,6251 Ingle Ln.,Unknown,Boston,MA,51003,USA,,Franco,Valarie,Medium,Franco Valarie,EXPENSIVE,GOOD,1985.0,,,
10164.0,49.0,54.94,5.0,2692.06,10/21/2003,Resolved,Qui_4,10.0,2003.0,Trucks and Buses,64.0,S32_3522,Office Supplies,Lamp,Mini Auto Werke,7675-3555,Kirchgasse 6,Unknown,Graz,,8010,Austria,EMEA,Mendel,Roland,Small,Mendel Roland,CHEAP,GOOD,1963.0,,,
10165.0,48.0,94.92,10.0,4556.16,10/22/2003,Shipped,Qui_4,10.0,2003.0,Trucks and Buses,115.0,S50_1392,Accessories,Adapter,"Dragon Souveniers, Ltd.",+65 221 7555,"Bronz Sok., Bronz Apt. 3/6 Tesvikiye",Unknown,Singapore,,79903,Singapore,Japan,Natividad,Eric,Medium,Natividad Eric,EXPENSIVE,GOOD,1983.0,,,
10115.0,27.0,100.0,3.0,2843.91,4/4/2003,Shipped,Qui_2,4.0,2003.0,Trucks and Buses,115.0,S50_1392,Accessories,Adapter,Classic Legends Inc.,2125558493,5905 Pompton St.,Suite 750,NYC,NY,10022,USA,,Hernandez,Maria,Small,Hernandez Maria,EXPENSIVE,GOOD,1979.0,,,
10259.0,30.0,100.0,3.0,5697.9,6/15/2004,Shipped,Qui_2,6.0,2004.0,Classic Cars,163.0,S18_2238,Furniture,Table,Handji Gifts& Co,+65 224 1555,Village Close - 106 Linden Road Sandown,2nd Floor,Singapore,,69045,Singapore,APAC,Victorino,Wendy,Medium,Victorino Wendy,EXPENSIVE,GOOD,1982.0,,,
10392.0,37.0,59.96,3.0,2218.52,3/10/2005,Shipped,Qui_1,3.0,2005.0,Vintage Cars,62.0,S18_2957,Furniture,Desk,Mini Auto Werke,7675-3555,Kirchgasse 6,Unknown,Graz,,8010,Austria,EMEA,Mendel,Roland,Small,Mendel Roland,CHEAP,GOOD,1970.0,,,
10250.0,27.0,98.84,4.0,2668.68,5/11/2004,Shipped,Qui_2,5.0,2004.0,Planes,84.0,S18_2581,Furniture,Bookshelf,The Sharp Gifts Warehouse,4085553659,3086 Ingle Ln.,Unknown,San Jose,CA,94217,USA,,Frick,Sue,Small,Frick Sue,EXPENSIVE,GOOD,1979.0,,,
10174.0,34.0,100.0,4.0,8014.82,11/6/2003,Shipped,Qui_4,11.0,2003.0,Classic Cars,214.0,S10_1949,Furniture,Desk,"Australian Gift Network, Co",61-7-3844-6555,31 Duncan St. West End,Unknown,South Brisbane,Queensland,4101,Australia,APAC,Calaghan,Tony,Large,Calaghan Tony,EXPENSIVE,GOOD,1968.0,,,
10186.0,32.0,89.46,7.0,2862.72,11/14/2003,Shipped,Qui_4,11.0,2003.0,Ships,86.0,S18_3029,Furniture,Table,"Double Decker Gift Stores, Ltd",(171) 555-7555,120 Hanover Sq.,Unknown,London,,WA1 1DP,UK,EMEA,Hardy,Thomas,Small,Hardy Thomas,EXPENSIVE,GOOD,1968.0,,,
10381.0,20.0,100.0,1.0,2952.0,2/17/2005,Shipped,Qui_1,2.0,2005.0,Trucks and Buses,136.0,S12_1666,Furniture,Cabinet,Corporate Gift Ideas Co.,6505551386,7734 Strong St.,Unknown,San Francisco,CA,,USA,,Brown,Julie,Small,Brown Julie,EXPENSIVE,GOOD,1994.0,,,
10126.0,50.0,100.0,5.0,7083.0,5/28/2003,Shipped,Qui_2,5.0,2003.0,Trucks and Buses,121.0,S18_4600,Furniture,Chair,"Corrida Auto Replicas, Ltd",(91) 555 22 82,"C/ Araquil, 67",Unknown,Madrid,,28023,Spain,EMEA,Sommer,Mart¡n,Large,Sommer Mart¡n,EXPENSIVE,EXCELLENT,1963.0,,,
10311.0,46.0,92.09,7.0,4236.14,10/16/2004,Shipped,Qui_4,10.0,2004.0,Classic Cars,107.0,S24_3432,Office Supplies,Lamp,Euro Shopping Channel,(91) 555 94 44,"C/ Moralzarzal, 86",Unknown,Madrid,,28034,Spain,EMEA,Freyre,Diego,Medium,Freyre Diego,EXPENSIVE,GOOD,1969.0,,,
10411.0,26.0,100.0,1.0,2904.72,5/1/2005,Shipped,Qui_2,5.0,2005.0,Trucks and Buses,96.0,S32_1268,Office Supplies,Eraser,Quebec Home Shopping Network,(514) 555-8054,43 rue St. Laurent,Unknown,Montreal,Quebec,H1J 1C3,Canada,,Fresnisre,Jean,Small,Fresnisre Jean,EXPENSIVE,GOOD,1998.0,,,
10391.0,24.0,100.0,1.0,4042.08,3/9/2005,Shipped,Qui_1,3.0,2005.0,Vintage Cars,44.0,S24_2022,Office Supplies,Lamp,"Anna's Decorations, Ltd",02 9936 8555,201 Miller Street,Level 15,North Sydney,NSW,2060,Australia,APAC,O'Hara,Anna,Medium,O'Hara Anna,EXPENSIVE,GOOD,1978.0,,,
10238.0,29.0,100.0,1.0,3167.38,4/9/2004,Shipped,Qui_2,4.0,2004.0,Classic Cars,117.0,S12_3380,Furniture,Bookshelf,Danish Wholesale Imports,31 12 3555,Vinb'ltet 34,Unknown,Kobenhavn,,1734,Denmark,EMEA,Petersen,Jytte,Medium,Petersen Jytte,EXPENSIVE,GOOD,1997.0,,,
10120.0,29.0,71.81,8.0,2082.49,4/29/2003,Shipped,Qui_2,4.0,2003.0,Planes,84.0,S18_2581,Furniture,Bookshelf,"Australian Collectors, Co.",03 9520 4555,636 St Kilda Road,Level 3,Melbourne,Victoria,3004,Australia,APAC,Ferguson,Peter,Small,Ferguson Peter,EXPENSIVE,GOOD,1961.0,,,
10207.0,27.0,60.06,9.0,1621.62,12/9/2003,Shipped,Qui_4,12.0,2003.0,Trucks and Buses,54.0,S32_2509,Office Supplies,Pen,Diecast Collectables,6175552555,6251 Ingle Ln.,Unknown,Boston,MA,51003,USA,,Franco,Valarie,Small,Franco Valarie,CHEAP,GOOD,1964.0,,,
10281.0,20.0,40.66,2.0,813.2,8/19/2004,Shipped,Qui_3,8.0,2004.0,Classic Cars,35.0,S24_2840,Office Supplies,Pencil,Diecast Classics Inc.,2155551555,7586 Pompton St.,Unknown,Allentown,PA,70267,USA,,Yu,Kyung,Small,Yu Kyung,CHEAP,GOOD,1994.0,,,
10304.0,46.0,98.0,5.0,4508.0,10/11/2004,Shipped,Qui_4,10.0,2004.0,Trucks and Buses,116.0,S18_1097,Furniture,Bookshelf,Auto Assoc. & Cie.,30.59.8555,"67, avenue de l'Europe",Unknown,Versailles,,78000,France,EMEA,Tonini,Daniel,Medium,Tonini Daniel,EXPENSIVE,GOOD,1978.0,,,
10310.0,49.0,97.01,14.0,4753.49,10/16/2004,Shipped,Qui_4,10.0,2004.0,Classic Cars,80.0,S24_4620,Office Supplies,Lamp,"Toms Spezialitten, Ltd",0221-5554327,Mehrheimerstr. 369,Unknown,Koln,,50739,Germany,EMEA,Pfalzheim,Henriette,Medium,Pfalzheim Henriette,EXPENSIVE,GOOD,1969.0,,,
10414.0,60.0,100.0,5.0,6107.4,5/6/2005,On Hold,Qui_2,5.0,2005.0,Vintage Cars,88.0,S24_3151,Office Supplies,Pencil,Gifts4AllAges.com,6175559555,8616 Spinnaker Dr.,Unknown,Boston,MA,51003,USA,,Yoshido,Juri,Medium,Yoshido Juri,EXPENSIVE,EXCELLENT,1967.0,,,
10185.0,30.0,100.0,7.0,3170.7,11/14/2003,Shipped,Qui_4,11.0,2003.0,Ships,122.0,S24_2011,Office Supplies,Pen,Mini Creations Ltd.,5085559555,4575 Hillside Dr.,Unknown,New Bedford,MA,50553,USA,,Tam,Wing C,Medium,Tam WingC,EXPENSIVE,GOOD,1998.0,,,
10180.0,28.0,68.55,14.0,1919.4,11/11/2003,Shipped,Qui_4,11.0,2003.0,Motorcycles,76.0,S24_2000,Office Supplies,Pen,Daedalus Designs Imports,20.16.1555,"184, chausse de Tournai",Unknown,Lille,,59000,France,EMEA,Rance,Martine,Small,Rance Martine,EXPENSIVE,GOOD,1985.0,,,
10371.0,20.0,100.0,5.0,3449.4,1/23/2005,Shipped,Qui_1,1.0,2005.0,Trucks and Buses,127.0,S24_2300,Office Supplies,Pen,Mini Gifts Distributors Ltd.,4155551450,5677 Strong St.,Unknown,San Rafael,CA,97562,USA,,Nelson,Valarie,Medium,Nelson Valarie,EXPENSIVE,GOOD,1973.0,,,
10228.0,33.0,100.0,6.0,3406.59,3/10/2004,Shipped,Qui_1,3.0,2004.0,Vintage Cars,97.0,S24_4258,Office Supplies,Pencil,Cambridge Collectables Co.,6175555555,4658 Baden Av.,Unknown,Cambridge,MA,51247,USA,,Tseng,Kyung,Medium,Tseng Kyung,EXPENSIVE,GOOD,1989.0,,,
10306.0,34.0,100.0,14.0,4982.7,10/14/2004,Shipped,Qui_4,10.0,2004.0,Classic Cars,151.0,S12_3148,Furniture,Desk,"AV Stores, Co.",(171) 555-1555,Fauntleroy Circus,Unknown,Manchester,,EC2 5NT,UK,EMEA,Ashworth,Victoria,Medium,Ashworth Victoria,EXPENSIVE,GOOD,1983.0,,,
10329.0,26.0,100.0,3.0,5868.2,11/15/2004,Shipped,Qui_4,11.0,2004.0,Motorcycles,193.0,S10_4698,Furniture,Bookshelf,Land of Toys Inc.,2125557818,897 Long Airport Avenue,Unknown,NYC,NY,10022,USA,,Yu,Kwai,Medium,Yu Kwai,EXPENSIVE,GOOD,1961.0,,,
10348.0,39.0,50.31,2.0,1962.09,11/1/2004,Shipped,Qui_4,11.0,2004.0,Vintage Cars,97.0,S24_4258,Office Supplies,Pencil,"Corrida Auto Replicas, Ltd",(91) 555 22 82,"C/ Araquil, 67",Unknown,Madrid,,28023,Spain,EMEA,Sommer,Mart¡n,Small,Sommer Mart¡n,CHEAP,GOOD,1966.0,,,
10363.0,43.0,61.23,14.0,2632.89,1/6/2005,Shipped,Qui_1,1.0,2005.0,Motorcycles,69.0,S24_2360,Office Supplies,Eraser,Suominen Souveniers,+358 9 8045 555,"Software Engineering Center, SEC Oy",Unknown,Espoo,,FIN-02271,Finland,EMEA,Suominen,Kalle,Small,Suominen Kalle,CHEAP,GOOD,1960.0,,,
10245.0,45.0,59.87,7.0,2694.15,5/4/2004,Shipped,Qui_2,5.0,2004.0,Vintage Cars,50.0,S18_4668,Furniture,Cabinet,Super Scale Inc.,2035559545,567 North Pendale Street,Unknown,New Haven,CT,97823,USA,,Murphy,Leslie,Small,Murphy Leslie,CHEAP,GOOD,1997.0,,,
10128.0,32.0,97.0,3.0,3104.0,6/6/2003,Shipped,Qui_2,6.0,2003.0,Ships,86.0,S700_1938,Technology,Desktop,Euro Shopping Channel,(91) 555 94 44,"C/ Moralzarzal, 86",Unknown,Madrid,,28034,Spain,EMEA,Freyre,Diego,Medium,Freyre Diego,EXPENSIVE,GOOD,1968.0,,,
10271.0,50.0,100.0,4.0,9169.0,7/20/2004,Shipped,Qui_3,7.0,2004.0,Classic Cars,163.0,S18_2238,Furniture,Table,Mini Gifts Distributors Ltd.,4155551450,5677 Strong St.,Unknown,San Rafael,CA,97562,USA,,Nelson,Valarie,Large,Nelson Valarie,EXPENSIVE,EXCELLENT,1960.0,,,
10108.0,38.0,82.39,2.0,3130.82,3/3/2003,Shipped,Qui_1,3.0,2003.0,Classic Cars,77.0,S18_1889,Furniture,Bookshelf,Cruz & Sons Co.,+63 2 555 3587,15 McCallum Street - NatWest Center #13-03,Unknown,Makati City,,1227 MM,Philippines,Japan,Cruz,Arnold,Medium,Cruz Arnold,EXPENSIVE,GOOD,1962.0,,,
10247.0,40.0,49.71,6.0,1988.4,5/5/2004,Shipped,Qui_2,5.0,2004.0,Trains,62.0,S32_3207,Office Supplies,Pen,Suominen Souveniers,+358 9 8045 555,"Software Engineering Center, SEC Oy",Unknown,Espoo,,FIN-02271,Finland,EMEA,Suominen,Kalle,Small,Suominen Kalle,CHEAP,GOOD,1980.0,,,
10261.0,25.0,88.15,5.0,2203.75,6/17/2004,Shipped,Qui_2,6.0,2004.0,Ships,100.0,S700_3505,Technology,Laptop,Quebec Home Shopping Network,(514) 555-8054,43 rue St. Laurent,Unknown,Montreal,Quebec,H1J 1C3,Canada,,Fresnisre,Jean,Small,Fresnisre Jean,EXPENSIVE,GOOD,1966.0,,,
10301.0,22.0,96.37,2.0,2120.14,10/5/2003,Shipped,Qui_4,10.0,2003.0,Classic Cars,107.0,S24_3432,Office Supplies,Lamp,"Norway Gifts By Mail, Co.",+47 2212 1555,"Drammensveien 126 A, PB 744 Sentrum",Unknown,Oslo,,N 0106,Norway,EMEA,Klaeboe,Jan,Small,Klaeboe Jan,EXPENSIVE,GOOD,1972.0,,,
10265.0,45.0,86.84,2.0,3907.8,7/2/2004,Shipped,Qui_3,7.0,2004.0,Classic Cars,80.0,S18_3278,Furniture,Cabinet,"Australian Collectables, Ltd",61-9-3844-6555,7 Allen Street,Unknown,Glen Waverly,Victoria,3150,Australia,APAC,Connery,Sean,Medium,Connery Sean,EXPENSIVE,GOOD,1980.0,,,
10141.0,21.0,100.0,5.0,2140.11,8/1/2003,Shipped,Qui_3,8.0,2003.0,Trucks and Buses,118.0,S12_4473,Furniture,Cabinet,Suominen Souveniers,+358 9 8045 555,"Software Engineering Center, SEC Oy",Unknown,Espoo,,FIN-02271,Finland,EMEA,Suominen,Kalle,Small,Suominen Kalle,EXPENSIVE,GOOD,1971.0,,,
10252.0,38.0,87.31,3.0,3317.78,5/26/2004,Shipped,Qui_2,5.0,2004.0,Classic Cars,80.0,S24_4620,Office Supplies,Lamp,Auto Canal Petit,(1) 47.55.6555,"25, rue Lauriston",Unknown,Paris,,75016,France,EMEA,Perrier,Dominique,Medium,Perrier Dominique,EXPENSIVE,GOOD,1990.0,,,
10165.0,27.0,100.0,2.0,5559.03,10/22/2003,Shipped,Qui_4,10.0,2003.0,Classic Cars,173.0,S12_3891,Furniture,Bookshelf,"Dragon Souveniers, Ltd.",+65 221 7555,"Bronz Sok., Bronz Apt. 3/6 Tesvikiye",Unknown,Singapore,,79903,Singapore,Japan,Natividad,Eric,Medium,Natividad Eric,EXPENSIVE,GOOD,1970.0,,,
10375.0,21.0,34.91,12.0,733.11,2/3/2005,Shipped,Qui_1,2.0,2005.0,Motorcycles,95.0,S10_1678,Furniture,Cabinet,La Rochelle Gifts,40.67.8555,"67, rue des Cinquante Otages",Unknown,Nantes,,44000,France,EMEA,Labrune,Janine,Small,Labrune Janine,CHEAP,GOOD,1966.0,,,
10397.0,48.0,100.0,3.0,5192.64,3/28/2005,Shipped,Qui_1,3.0,2005.0,Ships,100.0,S700_3505,Technology,Laptop,Alpha Cognac,61.77.6555,1 rue Alsace-Lorraine,Unknown,Toulouse,,31000,France,EMEA,Roulet,Annette,Medium,Roulet Annette,EXPENSIVE,GOOD,1965.0,,,
10298.0,32.0,48.46,2.0,1550.72,9/27/2004,Shipped,Qui_3,9.0,2004.0,Motorcycles,60.0,S18_2625,Furniture,Table,Atelier graphique,40.32.2555,"54, rue Royale",Unknown,Nantes,,44000,France,EMEA,Schmitt,Carine,Small,Schmitt Carine,CHEAP,GOOD,1978.0,,,
10378.0,41.0,100.0,2.0,4894.17,2/10/2005,Shipped,Qui_1,2.0,2005.0,Classic Cars,80.0,S24_4620,Office Supplies,Lamp,Euro Shopping Channel,(91) 555 94 44,"C/ Moralzarzal, 86",Unknown,Madrid,,28034,Spain,EMEA,Freyre,Diego,Medium,Freyre Diego,EXPENSIVE,GOOD,1962.0,,,
10412.0,41.0,100.0,4.0,6712.93,5/3/2005,Shipped,Qui_2,5.0,2005.0,Classic Cars,163.0,S18_2238,Furniture,Table,Euro Shopping Channel,(91) 555 94 44,"C/ Moralzarzal, 86",Unknown,Madrid,,28034,Spain,EMEA,Freyre,Diego,Medium,Freyre Diego,EXPENSIVE,GOOD,1987.0,,,
10424.0,54.0,100.0,5.0,7182.0,5/31/2005,In Process,Qui_2,5.0,2005.0,Trucks and Buses,116.0,S18_1097,Furniture,Bookshelf,Euro Shopping Channel,(91) 555 94 44,"C/ Moralzarzal, 86",Unknown,Madrid,,28034,Spain,EMEA,Freyre,Diego,Large,Freyre Diego,EXPENSIVE,EXCELLENT,1984.0,,,
10378.0,33.0,53.27,3.0,1757.91,2/10/2005,Shipped,Qui_1,2.0,2005.0,Classic Cars,140.0,S24_3856,Office Supplies,Pencil,Euro Shopping Channel,(91) 555 94 44,"C/ Moralzarzal, 86",Unknown,Madrid,,28034,Spain,EMEA,Freyre,Diego,Small,Freyre Diego,CHEAP,GOOD,1993.0,,,
10358.0,44.0,60.76,14.0,2673.44,12/10/2004,Shipped,Qui_4,12.0,2004.0,Classic Cars,57.0,S24_1444,Office Supplies,Pencil,Euro Shopping Channel,(91) 555 94 44,"C/ Moralzarzal, 86",Unknown,Madrid,,28034,Spain,EMEA,Freyre,Diego,Small,Freyre Diego,CHEAP,GOOD,1984.0,,,
10395.0,33.0,69.12,1.0,2280.96,3/17/2005,Shipped,Qui_1,3.0,2005.0,Classic Cars,207.0,S12_1108,Furniture,Chair,Lyon Souveniers,+33 1 46 62 7555,27 rue du Colonel Pierre Avia,Unknown,Paris,,75508,France,EMEA,Da Cunha,Daniel,Small,DaCunha Daniel,EXPENSIVE,GOOD,1970.0,,,
10120.0,29.0,85.49,9.0,2479.21,4/29/2003,Shipped,Qui_2,4.0,2003.0,Planes,72.0,S24_4278,Office Supplies,Eraser,"Australian Collectors, Co.",03 9520 4555,636 St Kilda Road,Level 3,Melbourne,Victoria,3004,Australia,APAC,Ferguson,Peter,Small,Ferguson Peter,EXPENSIVE,GOOD,1974.0,,,
10135.0,29.0,61.64,16.0,1787.56,7/2/2003,Shipped,Qui_3,7.0,2003.0,Motorcycles,69.0,S24_2360,Office Supplies,Eraser,Mini Gifts Distributors Ltd.,4155551450,5677 Strong St.,Unknown,San Rafael,CA,97562,USA,,Nelson,Valarie,Small,Nelson Valarie,CHEAP,GOOD,1977.0,,,
10192.0,45.0,90.86,15.0,4088.7,11/20/2003,Shipped,Qui_4,11.0,2003.0,Classic Cars,77.0,S18_1889,Furniture,Bookshelf,Online Diecast Creations Co.,6035558647,2304 Long Airport Avenue,Unknown,Nashua,NH,62005,USA,,Young,Valarie,Medium,Young Valarie,EXPENSIVE,GOOD,1986.0,,,
10237.0,20.0,68.34,3.0,1366.8,4/5/2004,Shipped,Qui_2,4.0,2004.0,Motorcycles,81.0,S50_4713,Accessories,Headphone,Vitachrome Inc.,2125551500,2678 Kingston Rd.,Suite 101,NYC,NY,10022,USA,,Frick,Michael,Small,Frick Michael,EXPENSIVE,GOOD,1977.0,,,
10139.0,29.0,100.0,4.0,3276.13,7/16/2003,Shipped,Qui_3,7.0,2003.0,Vintage Cars,97.0,S24_4258,Office Supplies,Pencil,Souveniers And Things Co.,+61 2 9495 8555,"Monitor Money Building, 815 Pacific Hwy",Level 6,Chatswood,NSW,2067,Australia,APAC,Huxley,Adrian,Medium,Huxley Adrian,EXPENSIVE,GOOD,1975.0,,,
10309.0,50.0,84.7,3.0,4235.0,10/15/2004,Shipped,Qui_4,10.0,2004.0,Motorcycles,102.0,S32_4485,Office Supplies,Ruler,Baane Mini Imports,07-98 9555,Erling Skakkes gate 78,Unknown,Stavern,,4110,Norway,EMEA,Bergulfsen,Jonas,Medium,Bergulfsen Jonas,EXPENSIVE,EXCELLENT,1998.0,,,
10284.0,50.0,81.86,4.0,4093.0,8/21/2004,Shipped,Qui_3,8.0,2004.0,Vintage Cars,68.0,S32_4289,Office Supplies,Ruler,"Norway Gifts By Mail, Co.",+47 2212 1555,"Drammensveien 126 A, PB 744 Sentrum",Unknown,Oslo,,N 0106,Norway,EMEA,Klaeboe,Jan,Medium,Klaeboe Jan,EXPENSIVE,EXCELLENT,1968.0,,,
10419.0,39.0,83.93,9.0,3273.27,5/17/2005,Shipped,Qui_2,5.0,2005.0,Classic Cars,77.0,S18_1889,Furniture,Bookshelf,Salzburg Collectables,6562-9555,Geislweg 14,Unknown,Salzburg,,5020,Austria,EMEA,Pipps,Georg,Medium,Pipps Georg,EXPENSIVE,GOOD,1979.0,,,
10318.0,45.0,100.0,4.0,5566.5,11/2/2004,Shipped,Qui_4,11.0,2004.0,Motorcycles,118.0,S10_2016,Furniture,Chair,Diecast Classics Inc.,2155551555,7586 Pompton St.,Unknown,Allentown,PA,70267,USA,,Yu,Kyung,Medium,Yu Kyung,EXPENSIVE,GOOD,1980.0,,,
10160.0,38.0,88.55,4.0,3364.9,10/11/2003,Shipped,Qui_4,10.0,2003.0,Classic Cars,77.0,S18_1889,Furniture,Bookshelf,"Men 'R' US Retailers, Ltd.",2155554369,6047 Douglas Av.,Unknown,Los Angeles,CA,,USA,,Chandler,Michael,Medium,Chandler Michael,EXPENSIVE,GOOD,1982.0,,,
10352.0,49.0,100.0,2.0,4935.28,12/3/2004,Shipped,Qui_4,12.0,2004.0,Planes,99.0,S700_2466,Technology,Smart watch,Auto-Moto Classics Inc.,6175558428,16780 Pompton St.,Unknown,Brickhaven,MA,58339,USA,,Taylor,Leslie,Medium,Taylor Leslie,EXPENSIVE,GOOD,1989.0,,,
10324.0,33.0,37.48,10.0,1236.84,11/5/2004,Shipped,Qui_4,11.0,2004.0,Trucks and Buses,122.0,S18_2319,Furniture,Chair,Vitachrome Inc.,2125551500,2678 Kingston Rd.,Suite 101,NYC,NY,10022,USA,,Frick,Michael,Small,Frick Michael,CHEAP,GOOD,1981.0,,,
10367.0,38.0,38.5,11.0,1463.0,1/12/2005,Resolved,Qui_1,1.0,2005.0,Classic Cars,50.0,S24_1628,Office Supplies,Lamp,Toys4GrownUps.com,6265557265,78934 Hillside Dr.,Unknown,Pasadena,CA,90003,USA,,Young,Julie,Small,Young Julie,CHEAP,GOOD,1976.0,,,
10384.0,49.0,100.0,1.0,6397.44,2/23/2005,Shipped,Qui_1,2.0,2005.0,Ships,86.0,S700_1938,Technology,Desktop,Corporate Gift Ideas Co.,6505551386,7734 Strong St.,Unknown,San Francisco,CA,,USA,,Brown,Julie,Medium,Brown Julie,EXPENSIVE,GOOD,1992.0,,,
10190.0,42.0,85.72,4.0,3600.24,11/19/2003,Shipped,Qui_4,11.0,2003.0,Motorcycles,102.0,S32_4485,Office Supplies,Ruler,Euro Shopping Channel,(91) 555 94 44,"C/ Moralzarzal, 86",Unknown,Madrid,,28034,Spain,EMEA,Freyre,Diego,Medium,Freyre Diego,EXPENSIVE,GOOD,1973.0,,,
10180.0,42.0,100.0,12.0,4695.6,11/11/2003,Shipped,Qui_4,11.0,2003.0,Motorcycles,118.0,S10_2016,Furniture,Chair,Daedalus Designs Imports,20.16.1555,"184, chausse de Tournai",Unknown,Lille,,59000,France,EMEA,Rance,Martine,Medium,Rance Martine,EXPENSIVE,GOOD,1978.0,,,
10246.0,22.0,100.0,3.0,2928.42,5/5/2004,Shipped,Qui_2,5.0,2004.0,Trucks and Buses,115.0,S50_1392,Accessories,Adapter,Euro Shopping Channel,(91) 555 94 44,"C/ Moralzarzal, 86",Unknown,Madrid,,28034,Spain,EMEA,Freyre,Diego,Small,Freyre Diego,EXPENSIVE,GOOD,1982.0,,,
10305.0,41.0,53.48,11.0,2192.68,10/13/2004,Shipped,Qui_4,10.0,2004.0,Trucks and Buses,60.0,S18_2432,Furniture,Table,Marta's Replicas Co.,6175558555,39323 Spinnaker Dr.,Unknown,Cambridge,MA,51247,USA,,Hernandez,Marta,Small,Hernandez Marta,CHEAP,GOOD,1967.0,,,
10248.0,40.0,100.0,13.0,4157.2,5/7/2004,Cancelled,Qui_2,5.0,2004.0,Ships,86.0,S700_1938,Technology,Desktop,Land of Toys Inc.,2125557818,897 Long Airport Avenue,Unknown,NYC,NY,10022,USA,,Yu,Kwai,Medium,Yu Kwai,EXPENSIVE,GOOD,1994.0,,,
10358.0,41.0,100.0,7.0,5684.65,12/10/2004,Shipped,Qui_4,12.0,2004.0,Trucks and Buses,127.0,S24_2300,Office Supplies,Pen,Euro Shopping Channel,(91) 555 94 44,"C/ Moralzarzal, 86",Unknown,Madrid,,28034,Spain,EMEA,Freyre,Diego,Medium,Freyre Diego,EXPENSIVE,GOOD,1975.0,,,
10214.0,21.0,62.96,6.0,1322.16,1/26/2004,Shipped,Qui_1,1.0,2004.0,Vintage Cars,60.0,S18_2248,Furniture,Desk,"Corrida Auto Replicas, Ltd",(91) 555 22 82,"C/ Araquil, 67",Unknown,Madrid,,28023,Spain,EMEA,Sommer,Mart¡n,Small,Sommer Mart¡n,CHEAP,GOOD,1970.0,,,
10405.0,97.0,93.28,5.0,9048.16,4/14/2005,Shipped,Qui_2,4.0,2005.0,Classic Cars,115.0,S12_4675,Furniture,Cabinet,Mini Caravy,88.60.1555,"24, place Kluber",Unknown,Strasbourg,,67000,France,EMEA,Citeaux,Frederique,Large,Citeaux Frederique,EXPENSIVE,EXCELLENT,1968.0,,,
10280.0,43.0,68.71,5.0,2954.53,8/17/2004,Shipped,Qui_3,8.0,2004.0,Vintage Cars,62.0,S18_2957,Furniture,Desk,Amica Models & Co.,011-4988555,Via Monte Bianco 34,Unknown,Torino,,10100,Italy,EMEA,Accorti,Paolo,Small,Accorti Paolo,EXPENSIVE,GOOD,1994.0,,,
10275.0,45.0,92.83,1.0,4177.35,7/23/2004,Shipped,Qui_3,7.0,2004.0,Motorcycles,95.0,S10_1678,Furniture,Cabinet,La Rochelle Gifts,40.67.8555,"67, rue des Cinquante Otages",Unknown,Nantes,,44000,France,EMEA,Labrune,Janine,Medium,Labrune Janine,EXPENSIVE,GOOD,1975.0,,,
10263.0,40.0,100.0,5.0,4472.0,6/28/2004,Shipped,Qui_2,6.0,2004.0,Motorcycles,118.0,S10_2016,Furniture,Chair,Gift Depot Inc.,2035552570,25593 South Bay Ln.,Unknown,Bridgewater,CT,97562,USA,,King,Julie,Medium,King Julie,EXPENSIVE,GOOD,1961.0,,,
10221.0,49.0,100.0,1.0,6804.63,2/18/2004,Shipped,Qui_1,2.0,2004.0,Ships,122.0,S24_2011,Office Supplies,Pen,Petit Auto,(02) 5554 67,Rue Joseph-Bens 532,Unknown,Bruxelles,,B-1180,Belgium,EMEA,Dewey,Catherine,Medium,Dewey Catherine,EXPENSIVE,GOOD,1963.0,,,
10210.0,40.0,49.67,3.0,1986.8,1/12/2004,Shipped,Qui_1,1.0,2004.0,Motorcycles,60.0,S18_2625,Furniture,Table,Osaka Souveniers Co.,+81 06 6342 5555,"Dojima Avanza 4F, 1-6-20 Dojima, Kita-ku",Unknown,Osaka,Osaka,530-0003,Japan,Japan,Kentary,Mory,Small,Kentary Mory,CHEAP,GOOD,1972.0,,,
10111.0,39.0,100.0,4.0,4178.85,3/25/2003,Shipped,Qui_1,3.0,2003.0,Vintage Cars,99.0,S18_3320,Furniture,Table,Mini Wheels Co.,6505555787,5557 North Pendale Street,Unknown,San Francisco,CA,,USA,,Murphy,Julie,Medium,Murphy Julie,EXPENSIVE,GOOD,1985.0,,,
10195.0,34.0,100.0,2.0,3699.88,11/25/2003,Shipped,Qui_4,11.0,2003.0,Classic Cars,118.0,S24_4048,Office Supplies,Pencil,Mini Classics,9145554562,3758 North Pendale Street,Unknown,White Plains,NY,24067,USA,,Frick,Steve,Medium,Frick Steve,EXPENSIVE,GOOD,1961.0,,,
10348.0,42.0,100.0,3.0,6386.94,11/1/2004,Shipped,Qui_4,11.0,2004.0,Trucks and Buses,96.0,S32_1268,Office Supplies,Eraser,"Corrida Auto Replicas, Ltd",(91) 555 22 82,"C/ Araquil, 67",Unknown,Madrid,,28023,Spain,EMEA,Sommer,Mart¡n,Medium,Sommer Mart¡n,EXPENSIVE,GOOD,1993.0,,,
10139.0,46.0,100.0,1.0,5545.76,7/16/2003,Shipped,Qui_3,7.0,2003.0,Vintage Cars,101.0,S18_2949,Furniture,Desk,Souveniers And Things Co.,+61 2 9495 8555,"Monitor Money Building, 815 Pacific Hwy",Level 6,Chatswood,NSW,2067,Australia,APAC,Huxley,Adrian,Medium,Huxley Adrian,EXPENSIVE,GOOD,1972.0,,,
10368.0,46.0,79.62,1.0,3662.52,1/19/2005,Shipped,Qui_1,1.0,2005.0,Classic Cars,85.0,S24_3191,Office Supplies,Ruler,Mini Gifts Distributors Ltd.,4155551450,5677 Strong St.,Unknown,San Rafael,CA,97562,USA,,Nelson,Valarie,Medium,Nelson Valarie,EXPENSIVE,GOOD,1974.0,,,
10305.0,27.0,100.0,4.0,3934.44,10/13/2004,Shipped,Qui_4,10.0,2004.0,Classic Cars,163.0,S18_2238,Furniture,Table,Marta's Replicas Co.,6175558555,39323 Spinnaker Dr.,Unknown,Cambridge,MA,51247,USA,,Hernandez,Marta,Medium,Hernandez Marta,EXPENSIVE,GOOD,1973.0,,,
10411.0,40.0,100.0,6.0,6232.0,5/1/2005,Shipped,Qui_2,5.0,2005.0,Trucks and Buses,136.0,S12_1666,Furniture,Cabinet,Quebec Home Shopping Network,(514) 555-8054,43 rue St. Laurent,Unknown,Montreal,Quebec,H1J 1C3,Canada,,Fresnisre,Jean,Medium,Fresnisre Jean,EXPENSIVE,GOOD,1975.0,,,
10175.0,41.0,69.28,7.0,2840.48,11/6/2003,Shipped,Qui_4,11.0,2003.0,Trucks and Buses,60.0,S18_2432,Furniture,Table,"Stylish Desk Decors, Co.",(171) 555-0297,35 King George,Unknown,London,,WX3 6FW,UK,EMEA,Brown,Ann,Small,Brown Ann,EXPENSIVE,GOOD,1989.0,,,
10288.0,33.0,40.62,3.0,1340.46,9/1/2004,Shipped,Qui_3,9.0,2004.0,Vintage Cars,41.0,S24_3969,Office Supplies,Eraser,Handji Gifts& Co,+65 224 1555,Village Close - 106 Linden Road Sandown,2nd Floor,Singapore,,69045,Singapore,APAC,Victorino,Wendy,Small,Victorino Wendy,CHEAP,GOOD,1980.0,,,
10149.0,34.0,100.0,11.0,5375.4,9/12/2003,Shipped,Qui_3,9.0,2003.0,Vintage Cars,170.0,S18_1749,Furniture,Desk,Signal Collectibles Ltd.,4155554312,2793 Furth Circle,Unknown,Brisbane,CA,94217,USA,,Taylor,Sue,Medium,Taylor Sue,EXPENSIVE,GOOD,1961.0,,,
10361.0,23.0,95.2,12.0,2189.6,12/17/2004,Shipped,Qui_4,12.0,2004.0,Planes,49.0,S72_1253,Accessories,Keyboard,Souveniers And Things Co.,+61 2 9495 8555,"Monitor Money Building, 815 Pacific Hwy",Level 6,Chatswood,NSW,2067,Australia,APAC,Huxley,Adrian,Small,Huxley Adrian,EXPENSIVE,GOOD,1968.0,,,
10353.0,39.0,100.0,9.0,5043.87,12/4/2004,Shipped,Qui_4,12.0,2004.0,Planes,91.0,S700_1691,Technology,Smart phone,Gift Ideas Corp.,2035554407,2440 Pompton St.,Unknown,Glendale,CT,97561,USA,,Lewis,Dan,Medium,Lewis Dan,EXPENSIVE,GOOD,1981.0,,,
10403.0,30.0,40.23,2.0,1206.9,4/8/2005,Shipped,Qui_2,4.0,2005.0,Motorcycles,40.0,S32_2206,Office Supplies,Pen,"UK Collectables, Ltd.",(171) 555-2282,Berkeley Gardens 12  Brewery,Unknown,Liverpool,,WX1 6LT,UK,EMEA,Devon,Elizabeth,Small,Devon Elizabeth,CHEAP,GOOD,1967.0,,,
10148.0,47.0,100.0,9.0,5848.68,9/11/2003,Shipped,Qui_3,9.0,2003.0,Classic Cars,124.0,S18_1589,Furniture,Bookshelf,"Anna's Decorations, Ltd",02 9936 8555,201 Miller Street,Level 15,North Sydney,NSW,2060,Australia,APAC,O'Hara,Anna,Medium,O'Hara Anna,EXPENSIVE,GOOD,1979.0,,,
10127.0,45.0,100.0,14.0,6295.95,6/3/2003,Shipped,Qui_2,6.0,2003.0,Trucks and Buses,122.0,S18_2319,Furniture,Chair,Muscle Machine Inc,2125557413,4092 Furth Circle,Suite 400,NYC,NY,10022,USA,,Young,Jeff,Medium,Young Jeff,EXPENSIVE,GOOD,1968.0,,,
10308.0,21.0,100.0,12.0,2224.95,10/15/2004,Shipped,Qui_4,10.0,2004.0,Planes,91.0,S700_1691,Technology,Smart phone,Mini Classics,9145554562,3758 North Pendale Street,Unknown,White Plains,NY,24067,USA,,Frick,Steve,Small,Frick Steve,EXPENSIVE,GOOD,1962.0,,,
10140.0,46.0,61.99,2.0,2851.54,7/24/2003,Shipped,Qui_3,7.0,2003.0,Trucks and Buses,60.0,S18_2432,Furniture,Table,Technics Stores Inc.,6505556809,9408 Furth Circle,Unknown,Burlingame,CA,94217,USA,,Hirano,Juri,Small,Hirano Juri,CHEAP,GOOD,1993.0,,,
10209.0,28.0,100.0,6.0,2817.92,1/9/2004,Shipped,Qui_1,1.0,2004.0,Ships,86.0,S18_3029,Furniture,Table,"Men 'R' US Retailers, Ltd.",2155554369,6047 Douglas Av.,Unknown,Los Angeles,CA,,USA,,Chandler,Michael,Small,Chandler Michael,EXPENSIVE,GOOD,1990.0,,,
10297.0,23.0,72.45,5.0,1666.35,9/16/2004,Shipped,Qui_3,9.0,2004.0,Planes,72.0,S24_4278,Office Supplies,Eraser,"Clover Collections, Co.",+353 1862 1555,25 Maiden Lane,Floor No. 4,Dublin,,2,Ireland,EMEA,Cassidy,Dean,Small,Cassidy Dean,EXPENSIVE,GOOD,1960.0,,,
10250.0,40.0,75.06,13.0,3002.4,5/11/2004,Shipped,Qui_2,5.0,2004.0,Planes,68.0,S24_3949,Office Supplies,Pencil,The Sharp Gifts Warehouse,4085553659,3086 Ingle Ln.,Unknown,San Jose,CA,94217,USA,,Frick,Sue,Medium,Frick Sue,EXPENSIVE,GOOD,1964.0,,,
10382.0,34.0,54.84,9.0,1864.56,2/17/2005,Shipped,Qui_1,2.0,2005.0,Classic Cars,101.0,S700_2824,Technology,Desktop,Mini Gifts Distributors Ltd.,4155551450,5677 Strong St.,Unknown,San Rafael,CA,97562,USA,,Nelson,Valarie,Small,Nelson Valarie,CHEAP,GOOD,1992.0,,,
10135.0,24.0,75.01,8.0,1800.24,7/2/2003,Shipped,Qui_3,7.0,2003.0,Classic Cars,79.0,S12_3990,Furniture,Bookshelf,Mini Gifts Distributors Ltd.,4155551450,5677 Strong St.,Unknown,San Rafael,CA,97562,USA,,Nelson,Valarie,Small,Nelson Valarie,EXPENSIVE,GOOD,1985.0,,,
10141.0,44.0,100.0,3.0,5500.44,8/1/2003,Shipped,Qui_3,8.0,2003.0,Trucks and Buses,115.0,S50_1392,Accessories,Adapter,Suominen Souveniers,+358 9 8045 555,"Software Engineering Center, SEC Oy",Unknown,Espoo,,FIN-02271,Finland,EMEA,Suominen,Kalle,Medium,Suominen Kalle,EXPENSIVE,GOOD,1960.0,,,
10343.0,27.0,36.21,6.0,977.67,11/24/2004,Shipped,Qui_4,11.0,2004.0,Classic Cars,50.0,S24_1628,Office Supplies,Lamp,Reims Collectables,26.47.1555,59 rue de l'Abbaye,Unknown,Reims,,51100,France,EMEA,Henriot,Paul,Small,Henriot Paul,CHEAP,GOOD,1962.0,,,
10147.0,25.0,42.67,1.0,1066.75,9/5/2003,Shipped,Qui_3,9.0,2003.0,Classic Cars,37.0,S24_2972,Office Supplies,Eraser,Collectables For Less Inc.,6175558555,7825 Douglas Av.,Unknown,Brickhaven,MA,58339,USA,,Nelson,Allen,Small,Nelson Allen,CHEAP,GOOD,1969.0,,,
10273.0,48.0,83.02,3.0,3984.96,7/21/2004,Shipped,Qui_3,7.0,2004.0,Vintage Cars,83.0,S24_3816,Office Supplies,Pen,Petit Auto,(02) 5554 67,Rue Joseph-Bens 532,Unknown,Bruxelles,,B-1180,Belgium,EMEA,Dewey,Catherine,Medium,Dewey Catherine,EXPENSIVE,GOOD,1981.0,,,
10349.0,34.0,100.0,5.0,4394.84,12/1/2004,Shipped,Qui_4,12.0,2004.0,Classic Cars,143.0,S18_4027,Furniture,Table,Muscle Machine Inc,2125557413,4092 Furth Circle,Suite 400,NYC,NY,10022,USA,,Young,Jeff,Medium,Young Jeff,EXPENSIVE,GOOD,1964.0,,,
10209.0,39.0,100.0,8.0,5197.92,1/9/2004,Shipped,Qui_1,1.0,2004.0,Classic Cars,136.0,S10_4757,Furniture,Desk,"Men 'R' US Retailers, Ltd.",2155554369,6047 Douglas Av.,Unknown,Los Angeles,CA,,USA,,Chandler,Michael,Medium,Chandler Michael,EXPENSIVE,GOOD,1989.0,,,
10403.0,66.0,100.0,6.0,8648.64,4/8/2005,Shipped,Qui_2,4.0,2005.0,Motorcycles,150.0,S12_2823,Furniture,Table,"UK Collectables, Ltd.",(171) 555-2282,Berkeley Gardens 12  Brewery,Unknown,Liverpool,,WX1 6LT,UK,EMEA,Devon,Elizabeth,Large,Devon Elizabeth,EXPENSIVE,EXCELLENT,1999.0,,,
10212.0,34.0,43.42,12.0,1476.28,1/16/2004,Shipped,Qui_1,1.0,2004.0,Classic Cars,37.0,S24_2972,Office Supplies,Eraser,Euro Shopping Channel,(91) 555 94 44,"C/ Moralzarzal, 86",Unknown,Madrid,,28034,Spain,EMEA,Freyre,Diego,Small,Freyre Diego,CHEAP,GOOD,1971.0,,,
10186.0,21.0,69.04,3.0,1449.84,11/14/2003,Shipped,Qui_4,11.0,2003.0,Vintage Cars,65.0,S24_3420,Office Supplies,Lamp,"Double Decker Gift Stores, Ltd",(171) 555-7555,120 Hanover Sq.,Unknown,London,,WA1 1DP,UK,EMEA,Hardy,Thomas,Small,Hardy Thomas,EXPENSIVE,GOOD,1978.0,,,
10129.0,42.0,91.15,6.0,3828.3,6/12/2003,Shipped,Qui_2,6.0,2003.0,Ships,100.0,S700_3505,Technology,Laptop,"Stylish Desk Decors, Co.",(171) 555-0297,35 King George,Unknown,London,,WX3 6FW,UK,EMEA,Brown,Ann,Medium,Brown Ann,EXPENSIVE,GOOD,1988.0,,,
10334.0,20.0,100.0,3.0,2878.8,11/19/2004,On Hold,Qui_4,11.0,2004.0,Classic Cars,169.0,S18_3232,Furniture,Table,"Volvo Model Replicas, Co",0921-12 3555,Berguvsv„gen  8,Unknown,Lule,,S-958 22,Sweden,EMEA,Berglund,Christina,Small,Berglund Christina,EXPENSIVE,GOOD,2000.0,,,
10261.0,44.0,68.67,2.0,3021.48,6/17/2004,Shipped,Qui_2,6.0,2004.0,Ships,72.0,S700_2610,Technology,Laptop,Quebec Home Shopping Network,(514) 555-8054,43 rue St. Laurent,Unknown,Montreal,Quebec,H1J 1C3,Canada,,Fresnisre,Jean,Medium,Fresnisre Jean,EXPENSIVE,GOOD,1978.0,,,
10238.0,47.0,62.45,2.0,2935.15,4/9/2004,Shipped,Qui_2,4.0,2004.0,Classic Cars,61.0,S24_3371,Office Supplies,Eraser,Danish Wholesale Imports,31 12 3555,Vinb'ltet 34,Unknown,Kobenhavn,,1734,Denmark,EMEA,Petersen,Jytte,Small,Petersen Jytte,CHEAP,GOOD,1997.0,,,
10287.0,34.0,100.0,17.0,4300.32,8/30/2004,Shipped,Qui_3,8.0,2004.0,Classic Cars,148.0,S18_4721,Furniture,Table,"Vida Sport, Ltd",0897-034555,Grenzacherweg 237,Unknown,Gensve,,1203,Switzerland,EMEA,Holz,Michael,Medium,Holz Michael,EXPENSIVE,GOOD,1989.0,,,
10350.0,31.0,77.34,13.0,2397.54,12/2/2004,Shipped,Qui_4,12.0,2004.0,Ships,100.0,S700_3505,Technology,Laptop,Euro Shopping Channel,(91) 555 94 44,"C/ Moralzarzal, 86",Unknown,Madrid,,28034,Spain,EMEA,Freyre,Diego,Small,Freyre Diego,EXPENSIVE,GOOD,1971.0,,,
10281.0,41.0,100.0,1.0,5247.18,8/19/2004,Shipped,Qui_3,8.0,2004.0,Trucks and Buses,118.0,S12_4473,Furniture,Cabinet,Diecast Classics Inc.,2155551555,7586 Pompton St.,Unknown,Allentown,PA,70267,USA,,Yu,Kyung,Medium,Yu Kyung,EXPENSIVE,GOOD,1983.0,,,
10306.0,32.0,90.15,4.0,2884.8,10/14/2004,Shipped,Qui_4,10.0,2004.0,Ships,100.0,S700_3505,Technology,Laptop,"AV Stores, Co.",(171) 555-1555,Fauntleroy Circus,Unknown,Manchester,,EC2 5NT,UK,EMEA,Ashworth,Victoria,Small,Ashworth Victoria,EXPENSIVE,GOOD,1968.0,,,
10382.0,32.0,66.58,13.0,2130.56,2/17/2005,Shipped,Qui_1,2.0,2005.0,Trucks and Buses,118.0,S12_4473,Furniture,Cabinet,Mini Gifts Distributors Ltd.,4155551450,5677 Strong St.,Unknown,San Rafael,CA,97562,USA,,Nelson,Valarie,Small,Nelson Valarie,EXPENSIVE,GOOD,1980.0,,,
10374.0,46.0,94.1,3.0,4328.6,2/2/2005,Shipped,Qui_1,2.0,2005.0,Planes,109.0,S24_1785,Office Supplies,Ruler,"Australian Gift Network, Co",61-7-3844-6555,31 Duncan St. West End,Unknown,South Brisbane,Queensland,4101,Australia,APAC,Calaghan,Tony,Medium,Calaghan Tony,EXPENSIVE,GOOD,1983.0,,,
10177.0,23.0,100.0,9.0,3675.63,11/7/2003,Shipped,Qui_4,11.0,2003.0,Vintage Cars,136.0,S18_3140,Furniture,Desk,CAF Imports,+34 913 728 555,"Merchants House, 27-30 Merchant's Quay",Unknown,Madrid,,28023,Spain,EMEA,Fernandez,Jesus,Medium,Fernandez Jesus,EXPENSIVE,GOOD,1985.0,,,
10383.0,38.0,60.06,10.0,2282.28,2/22/2005,Shipped,Qui_1,2.0,2005.0,Trains,58.0,S50_1514,Accessories,Headphone,Euro Shopping Channel,(91) 555 94 44,"C/ Moralzarzal, 86",Unknown,Madrid,,28034,Spain,EMEA,Freyre,Diego,Small,Freyre Diego,CHEAP,GOOD,1984.0,,,
10110.0,32.0,50.25,6.0,1608.0,3/18/2003,Shipped,Qui_1,3.0,2003.0,Vintage Cars,60.0,S18_2248,Furniture,Desk,"AV Stores, Co.",(171) 555-1555,Fauntleroy Circus,Unknown,Manchester,,EC2 5NT,UK,EMEA,Ashworth,Victoria,Small,Ashworth Victoria,CHEAP,GOOD,1965.0,,,
10145.0,30.0,49.67,10.0,1490.1,8/25/2003,Shipped,Qui_3,8.0,2003.0,Motorcycles,60.0,S18_2625,Furniture,Table,Toys4GrownUps.com,6265557265,78934 Hillside Dr.,Unknown,Pasadena,CA,90003,USA,,Young,Julie,Small,Young Julie,CHEAP,GOOD,1975.0,,,
10188.0,32.0,65.42,5.0,2093.44,11/18/2003,Shipped,Qui_4,11.0,2003.0,Motorcycles,60.0,S18_2625,Furniture,Table,Herkku Gifts,+47 2267 3215,"Drammen 121, PR 744 Sentrum",Unknown,Bergen,,N 5804,Norway,EMEA,Oeztan,Veysel,Small,Oeztan Veysel,EXPENSIVE,GOOD,1973.0,,,
10178.0,27.0,73.64,6.0,1988.28,11/8/2003,Shipped,Qui_4,11.0,2003.0,Vintage Cars,65.0,S24_3420,Office Supplies,Lamp,Alpha Cognac,61.77.6555,1 rue Alsace-Lorraine,Unknown,Toulouse,,31000,France,EMEA,Roulet,Annette,Small,Roulet Annette,EXPENSIVE,GOOD,1973.0,,,
10357.0,43.0,100.0,9.0,5780.92,12/10/2004,Shipped,Qui_4,12.0,2004.0,Classic Cars,147.0,S10_4962,Furniture,Cabinet,Mini Gifts Distributors Ltd.,4155551450,5677 Strong St.,Unknown,San Rafael,CA,97562,USA,,Nelson,Valarie,Medium,Nelson Valarie,EXPENSIVE,GOOD,1985.0,,,
10264.0,34.0,97.97,7.0,3330.98,6/30/2004,Shipped,Qui_2,6.0,2004.0,Motorcycles,102.0,S32_4485,Office Supplies,Ruler,Gifts4AllAges.com,6175559555,8616 Spinnaker Dr.,Unknown,Boston,MA,51003,USA,,Yoshido,Juri,Medium,Yoshido Juri,EXPENSIVE,GOOD,1974.0,,,
10201.0,25.0,73.88,7.0,1847.0,12/1/2003,Shipped,Qui_4,12.0,2003.0,Motorcycles,76.0,S24_2000,Office Supplies,Pen,Mini Wheels Co.,6505555787,5557 North Pendale Street,Unknown,San Francisco,CA,,USA,,Murphy,Julie,Small,Murphy Julie,EXPENSIVE,GOOD,1962.0,,,
10316.0,27.0,100.0,9.0,3704.13,11/1/2004,Shipped,Qui_4,11.0,2004.0,Planes,157.0,S18_1662,Furniture,Cabinet,giftsbymail.co.uk,(198) 555-8888,Garden House Crowther Way,Unknown,Cowes,Isle of Wight,PO31 7PJ,UK,EMEA,Bennett,Helen,Medium,Bennett Helen,EXPENSIVE,GOOD,1966.0,,,
10273.0,27.0,100.0,6.0,2796.12,7/21/2004,Shipped,Qui_3,7.0,2004.0,Vintage Cars,88.0,S24_3151,Office Supplies,Pencil,Petit Auto,(02) 5554 67,Rue Joseph-Bens 532,Unknown,Bruxelles,,B-1180,Belgium,EMEA,Dewey,Catherine,Small,Dewey Catherine,EXPENSIVE,GOOD,1996.0,,,
10175.0,50.0,63.31,3.0,3165.5,11/6/2003,Shipped,Qui_4,11.0,2003.0,Trucks and Buses,54.0,S32_2509,Office Supplies,Pen,"Stylish Desk Decors, Co.",(171) 555-0297,35 King George,Unknown,London,,WX3 6FW,UK,EMEA,Brown,Ann,Medium,Brown Ann,CHEAP,EXCELLENT,1978.0,,,
10339.0,39.0,76.67,3.0,2990.13,11/23/2004,Shipped,Qui_4,11.0,2004.0,Motorcycles,193.0,S10_4698,Furniture,Bookshelf,"Tokyo Collectables, Ltd",+81 3 3584 0555,2-2-8 Roppongi,Unknown,Minato-ku,Tokyo,106-0032,Japan,Japan,Shimamura,Akiko,Small,Shimamura Akiko,EXPENSIVE,GOOD,1977.0,,,
10259.0,40.0,43.83,6.0,1753.2,6/15/2004,Shipped,Qui_2,6.0,2004.0,Trucks and Buses,54.0,S32_2509,Office Supplies,Pen,Handji Gifts& Co,+65 224 1555,Village Close - 106 Linden Road Sandown,2nd Floor,Singapore,,69045,Singapore,APAC,Victorino,Wendy,Small,Victorino Wendy,CHEAP,GOOD,1979.0,,,
10169.0,24.0,94.58,6.0,2269.92,11/4/2003,Shipped,Qui_4,11.0,2003.0,Classic Cars,80.0,S24_4620,Office Supplies,Lamp,"Anna's Decorations, Ltd",02 9936 8555,201 Miller Street,Level 15,North Sydney,NSW,2060,Australia,APAC,O'Hara,Anna,Small,O'Hara Anna,EXPENSIVE,GOOD,1979.0,,,
10240.0,41.0,100.0,3.0,5628.89,4/13/2004,Shipped,Qui_2,4.0,2004.0,Classic Cars,141.0,S18_1129,Furniture,Table,Osaka Souveniers Co.,+81 06 6342 5555,"Dojima Avanza 4F, 1-6-20 Dojima, Kita-ku",Unknown,Osaka,Osaka,530-0003,Japan,Japan,Kentary,Mory,Medium,Kentary Mory,EXPENSIVE,GOOD,1989.0,,,
10230.0,34.0,100.0,7.0,3974.94,3/15/2004,Shipped,Qui_1,3.0,2004.0,Trucks and Buses,115.0,S50_1392,Accessories,Adapter,"Blauer See Auto, Co.",+49 69 66 90 2555,Lyonerstr. 34,Unknown,Frankfurt,,60528,Germany,EMEA,Keitel,Roland,Medium,Keitel Roland,EXPENSIVE,GOOD,1963.0,,,
10259.0,29.0,100.0,2.0,3054.57,6/15/2004,Shipped,Qui_2,6.0,2004.0,Trucks and Buses,115.0,S50_1392,Accessories,Adapter,Handji Gifts& Co,+65 224 1555,Village Close - 106 Linden Road Sandown,2nd Floor,Singapore,,69045,Singapore,APAC,Victorino,Wendy,Medium,Victorino Wendy,EXPENSIVE,GOOD,1977.0,,,
10341.0,55.0,75.2,7.0,4136.0,11/24/2004,Shipped,Qui_4,11.0,2004.0,Classic Cars,115.0,S12_4675,Furniture,Cabinet,Salzburg Collectables,6562-9555,Geislweg 14,Unknown,Salzburg,,5020,Austria,EMEA,Pipps,Georg,Medium,Pipps Georg,EXPENSIVE,EXCELLENT,1961.0,,,
10301.0,32.0,100.0,4.0,3424.64,10/5/2003,Shipped,Qui_4,10.0,2003.0,Classic Cars,124.0,S18_1589,Furniture,Bookshelf,"Norway Gifts By Mail, Co.",+47 2212 1555,"Drammensveien 126 A, PB 744 Sentrum",Unknown,Oslo,,N 0106,Norway,EMEA,Klaeboe,Jan,Medium,Klaeboe Jan,EXPENSIVE,GOOD,2000.0,,,
10343.0,36.0,100.0,4.0,5848.92,11/24/2004,Shipped,Qui_4,11.0,2004.0,Classic Cars,124.0,S18_1589,Furniture,Bookshelf,Reims Collectables,26.47.1555,59 rue de l'Abbaye,Unknown,Reims,,51100,France,EMEA,Henriot,Paul,Medium,Henriot Paul,EXPENSIVE,GOOD,1998.0,,,
10398.0,34.0,71.67,13.0,2436.78,3/30/2005,Shipped,Qui_1,3.0,2005.0,Vintage Cars,65.0,S24_3420,Office Supplies,Lamp,Reims Collectables,26.47.1555,59 rue de l'Abbaye,Unknown,Reims,,51100,France,EMEA,Henriot,Paul,Small,Henriot Paul,EXPENSIVE,GOOD,1964.0,,,
10168.0,21.0,70.96,9.0,1490.16,10/28/2003,Shipped,Qui_4,10.0,2003.0,Planes,84.0,S18_2581,Furniture,Bookshelf,Technics Stores Inc.,6505556809,9408 Furth Circle,Unknown,Burlingame,CA,94217,USA,,Hirano,Juri,Small,Hirano Juri,EXPENSIVE,GOOD,1963.0,,,
10300.0,49.0,78.8,8.0,3861.2,10/4/2003,Shipped,Qui_4,10.0,2003.0,Classic Cars,80.0,S18_3278,Furniture,Cabinet,"Blauer See Auto, Co.",+49 69 66 90 2555,Lyonerstr. 34,Unknown,Frankfurt,,60528,Germany,EMEA,Keitel,Roland,Medium,Keitel Roland,EXPENSIVE,GOOD,1984.0,,,
10117.0,33.0,100.0,9.0,6034.38,4/16/2003,Shipped,Qui_2,4.0,2003.0,Classic Cars,207.0,S12_1108,Furniture,Chair,"Dragon Souveniers, Ltd.",+65 221 7555,"Bronz Sok., Bronz Apt. 3/6 Tesvikiye",Unknown,Singapore,,79903,Singapore,Japan,Natividad,Eric,Medium,Natividad Eric,EXPENSIVE,GOOD,1998.0,,,
10312.0,31.0,100.0,14.0,4729.36,10/21/2004,Shipped,Qui_4,10.0,2004.0,Vintage Cars,127.0,S18_2325,Furniture,Table,Mini Gifts Distributors Ltd.,4155551450,5677 Strong St.,Unknown,San Rafael,CA,97562,USA,,Nelson,Valarie,Medium,Nelson Valarie,EXPENSIVE,GOOD,1996.0,,,
10328.0,20.0,72.98,2.0,1459.6,11/12/2004,Shipped,Qui_4,11.0,2004.0,Vintage Cars,65.0,S24_3420,Office Supplies,Lamp,Rovelli Gifts,035-640555,Via Ludovico il Moro 22,Unknown,Bergamo,,24100,Italy,EMEA,Rovelli,Giovanni,Small,Rovelli Giovanni,EXPENSIVE,GOOD,1963.0,,,
10235.0,41.0,35.35,7.0,1449.35,4/2/2004,Shipped,Qui_2,4.0,2004.0,Vintage Cars,43.0,S50_1341,Accessories,Keyboard,"Royal Canadian Collectables, Ltd.",(604) 555-4555,23 Tsawassen Blvd.,Unknown,Tsawassen,BC,T2F 8M4,Canada,,Lincoln,Elizabeth,Small,Lincoln Elizabeth,CHEAP,GOOD,1979.0,,,
10293.0,32.0,60.06,1.0,1921.92,9/9/2004,Shipped,Qui_3,9.0,2004.0,Ships,54.0,S72_3212,Accessories,Headphone,Amica Models & Co.,011-4988555,Via Monte Bianco 34,Unknown,Torino,,10100,Italy,EMEA,Accorti,Paolo,Small,Accorti Paolo,CHEAP,GOOD,1961.0,,,
10320.0,25.0,100.0,5.0,3491.0,11/3/2004,Shipped,Qui_4,11.0,2004.0,Classic Cars,146.0,S18_3482,Furniture,Bookshelf,"Volvo Model Replicas, Co",0921-12 3555,Berguvsv„gen  8,Unknown,Lule,,S-958 22,Sweden,EMEA,Berglund,Christina,Medium,Berglund Christina,EXPENSIVE,GOOD,1970.0,,,
10291.0,23.0,100.0,13.0,2866.26,9/8/2004,Shipped,Qui_3,9.0,2004.0,Vintage Cars,104.0,S18_3136,Furniture,Table,Scandinavian Gift Ideas,0695-34 6555,?kergatan 24,Unknown,Boras,,S-844 67,Sweden,EMEA,Larsson,Maria,Small,Larsson Maria,EXPENSIVE,GOOD,1976.0,,,
10383.0,26.0,100.0,12.0,3340.48,2/22/2005,Shipped,Qui_1,2.0,2005.0,Trains,100.0,S18_3259,Furniture,Desk,Euro Shopping Channel,(91) 555 94 44,"C/ Moralzarzal, 86",Unknown,Madrid,,28034,Spain,EMEA,Freyre,Diego,Medium,Freyre Diego,EXPENSIVE,GOOD,1975.0,,,
10291.0,37.0,100.0,11.0,7136.19,9/8/2004,Shipped,Qui_3,9.0,2004.0,Classic Cars,214.0,S10_1949,Furniture,Desk,Scandinavian Gift Ideas,0695-34 6555,?kergatan 24,Unknown,Boras,,S-844 67,Sweden,EMEA,Larsson,Maria,Large,Larsson Maria,EXPENSIVE,GOOD,1973.0,,,
10417.0,66.0,100.0,2.0,7516.08,5/13/2005,Disputed,Qui_2,5.0,2005.0,Motorcycles,95.0,S10_1678,Furniture,Cabinet,Euro Shopping Channel,(91) 555 94 44,"C/ Moralzarzal, 86",Unknown,Madrid,,28034,Spain,EMEA,Freyre,Diego,Large,Freyre Diego,EXPENSIVE,EXCELLENT,1983.0,,,
10313.0,25.0,100.0,3.0,4572.25,10/22/2004,Shipped,Qui_4,10.0,2004.0,Classic Cars,169.0,S18_3232,Furniture,Table,Canadian Gift Exchange Network,(604) 555-3392,1900 Oak St.,Unknown,Vancouver,BC,V3F 2K1,Canada,,Tannamuri,Yoshi,Medium,Tannamuri Yoshi,EXPENSIVE,GOOD,2000.0,,,
10204.0,23.0,71.44,3.0,1643.12,12/2/2003,Shipped,Qui_4,12.0,2003.0,Vintage Cars,60.0,S18_2248,Furniture,Desk,Muscle Machine Inc,2125557413,4092 Furth Circle,Suite 400,NYC,NY,10022,USA,,Young,Jeff,Small,Young Jeff,EXPENSIVE,GOOD,1973.0,,,
10400.0,46.0,87.8,5.0,4038.8,4/1/2005,Shipped,Qui_2,4.0,2005.0,Ships,90.0,S700_2047,Technology,Tablet,The Sharp Gifts Warehouse,4085553659,3086 Ingle Ln.,Unknown,San Jose,CA,94217,USA,,Frick,Sue,Medium,Frick Sue,EXPENSIVE,GOOD,1985.0,,,
10327.0,21.0,96.31,1.0,2022.51,11/10/2004,Resolved,Qui_4,11.0,2004.0,Ships,72.0,S700_2610,Technology,Laptop,Danish Wholesale Imports,31 12 3555,Vinb'ltet 34,Unknown,Kobenhavn,,1734,Denmark,EMEA,Petersen,Jytte,Small,Petersen Jytte,EXPENSIVE,GOOD,1974.0,,,
10201.0,25.0,100.0,1.0,4029.0,12/1/2003,Shipped,Qui_4,12.0,2003.0,Motorcycles,150.0,S12_2823,Furniture,Table,Mini Wheels Co.,6505555787,5557 North Pendale Street,Unknown,San Francisco,CA,,USA,,Murphy,Julie,Medium,Murphy Julie,EXPENSIVE,GOOD,1996.0,,,
10400.0,38.0,57.2,3.0,2173.6,4/1/2005,Shipped,Qui_2,4.0,2005.0,Vintage Cars,65.0,S24_3420,Office Supplies,Lamp,The Sharp Gifts Warehouse,4085553659,3086 Ingle Ln.,Unknown,San Jose,CA,94217,USA,,Frick,Sue,Small,Frick Sue,CHEAP,GOOD,1987.0,,,
10303.0,24.0,40.21,1.0,965.04,10/6/2004,Shipped,Qui_4,10.0,2004.0,Vintage Cars,41.0,S24_3969,Office Supplies,Eraser,"Iberia Gift Imports, Corp.",(95) 555 82 82,"C/ Romero, 33",Unknown,Sevilla,,41101,Spain,EMEA,Roel,Jose Pedro,Small,Roel JosePedro,CHEAP,GOOD,1993.0,,,
10182.0,33.0,94.17,15.0,3107.61,11/12/2003,Shipped,Qui_4,11.0,2003.0,Classic Cars,85.0,S24_3191,Office Supplies,Ruler,Mini Gifts Distributors Ltd.,4155551450,5677 Strong St.,Unknown,San Rafael,CA,97562,USA,,Nelson,Valarie,Medium,Nelson Valarie,EXPENSIVE,GOOD,1970.0,,,
10161.0,28.0,100.0,12.0,3764.88,10/17/2003,Shipped,Qui_4,10.0,2003.0,Classic Cars,141.0,S18_1129,Furniture,Table,Heintze Collectables,86 21 3555,Smagsloget 45,Unknown,Aaarhus,,8200,Denmark,EMEA,Ibsen,Palle,Medium,Ibsen Palle,EXPENSIVE,GOOD,1967.0,,,
10341.0,32.0,100.0,6.0,3307.2,11/24/2004,Shipped,Qui_4,11.0,2004.0,Motorcycles,69.0,S24_2360,Office Supplies,Eraser,Salzburg Collectables,6562-9555,Geislweg 14,Unknown,Salzburg,,5020,Austria,EMEA,Pipps,Georg,Medium,Pipps Georg,EXPENSIVE,GOOD,1970.0,,,
10313.0,29.0,100.0,2.0,3416.78,10/22/2004,Shipped,Qui_4,10.0,2004.0,Trucks and Buses,122.0,S18_2319,Furniture,Chair,Canadian Gift Exchange Network,(604) 555-3392,1900 Oak St.,Unknown,Vancouver,BC,V3F 2K1,Canada,,Tannamuri,Yoshi,Medium,Tannamuri Yoshi,EXPENSIVE,GOOD,1993.0,,,
10282.0,36.0,59.65,9.0,2147.4,8/20/2004,Shipped,Qui_3,8.0,2004.0,Trains,62.0,S32_3207,Office Supplies,Pen,Mini Gifts Distributors Ltd.,4155551450,5677 Strong St.,Unknown,San Rafael,CA,97562,USA,,Nelson,Valarie,Small,Nelson Valarie,CHEAP,GOOD,1994.0,,,
10245.0,21.0,100.0,3.0,2390.22,5/4/2004,Shipped,Qui_2,5.0,2004.0,Trucks and Buses,121.0,S18_4600,Furniture,Chair,Super Scale Inc.,2035559545,567 North Pendale Street,Unknown,New Haven,CT,97823,USA,,Murphy,Leslie,Small,Murphy Leslie,EXPENSIVE,GOOD,1983.0,,,
10170.0,47.0,100.0,4.0,5464.69,11/4/2003,Shipped,Qui_4,11.0,2003.0,Classic Cars,117.0,S12_3380,Furniture,Bookshelf,Mini Auto Werke,7675-3555,Kirchgasse 6,Unknown,Graz,,8010,Austria,EMEA,Mendel,Roland,Medium,Mendel Roland,EXPENSIVE,GOOD,1977.0,,,
10311.0,45.0,49.3,8.0,2218.5,10/16/2004,Shipped,Qui_4,10.0,2004.0,Classic Cars,50.0,S24_1628,Office Supplies,Lamp,Euro Shopping Channel,(91) 555 94 44,"C/ Moralzarzal, 86",Unknown,Madrid,,28034,Spain,EMEA,Freyre,Diego,Small,Freyre Diego,CHEAP,GOOD,1969.0,,,
10170.0,41.0,100.0,3.0,4391.1,11/4/2003,Shipped,Qui_4,11.0,2003.0,Classic Cars,115.0,S12_4675,Furniture,Cabinet,Mini Auto Werke,7675-3555,Kirchgasse 6,Unknown,Graz,,8010,Austria,EMEA,Mendel,Roland,Medium,Mendel Roland,EXPENSIVE,GOOD,1965.0,,,
10213.0,27.0,100.0,3.0,2790.45,1/22/2004,Shipped,Qui_1,1.0,2004.0,Classic Cars,117.0,S24_2887,Office Supplies,Ruler,"Double Decker Gift Stores, Ltd",(171) 555-7555,120 Hanover Sq.,Unknown,London,,WA1 1DP,UK,EMEA,Hardy,Thomas,Small,Hardy Thomas,EXPENSIVE,GOOD,1973.0,,,
10283.0,20.0,94.14,2.0,1882.8,8/20/2004,Shipped,Qui_3,8.0,2004.0,Ships,90.0,S700_2047,Technology,Tablet,"Royal Canadian Collectables, Ltd.",(604) 555-4555,23 Tsawassen Blvd.,Unknown,Tsawassen,BC,T2F 8M4,Canada,,Lincoln,Elizabeth,Small,Lincoln Elizabeth,EXPENSIVE,GOOD,1966.0,,,
10388.0,35.0,100.0,8.0,3918.95,3/3/2005,Shipped,Qui_1,3.0,2005.0,Vintage Cars,68.0,S32_4289,Office Supplies,Ruler,FunGiftIdeas.com,5085552555,1785 First Street,Unknown,New Bedford,MA,50553,USA,,Benitez,Violeta,Medium,Benitez Violeta,EXPENSIVE,GOOD,1974.0,,,
10210.0,40.0,71.0,8.0,2840.0,1/12/2004,Shipped,Qui_1,1.0,2004.0,Planes,72.0,S24_4278,Office Supplies,Eraser,Osaka Souveniers Co.,+81 06 6342 5555,"Dojima Avanza 4F, 1-6-20 Dojima, Kita-ku",Unknown,Osaka,Osaka,530-0003,Japan,Japan,Kentary,Mory,Small,Kentary Mory,EXPENSIVE,GOOD,1968.0,,,
10280.0,35.0,100.0,17.0,3704.05,8/17/2004,Shipped,Qui_3,8.0,2004.0,Vintage Cars,92.0,S18_4409,Furniture,Chair,Amica Models & Co.,011-4988555,Via Monte Bianco 34,Unknown,Torino,,10100,Italy,EMEA,Accorti,Paolo,Medium,Accorti Paolo,EXPENSIVE,GOOD,1963.0,,,
10117.0,21.0,49.21,11.0,1033.41,4/16/2003,Shipped,Qui_2,4.0,2003.0,Trains,58.0,S50_1514,Accessories,Headphone,"Dragon Souveniers, Ltd.",+65 221 7555,"Bronz Sok., Bronz Apt. 3/6 Tesvikiye",Unknown,Singapore,,79903,Singapore,Japan,Natividad,Eric,Small,Natividad Eric,CHEAP,GOOD,1996.0,,,
10344.0,29.0,59.53,7.0,1726.37,11/25/2004,Shipped,Qui_4,11.0,2004.0,Classic Cars,73.0,S24_1046,Office Supplies,Pencil,Marseille Mini Autos,91.24.4555,"12, rue des Bouchers",Unknown,Marseille,,13008,France,EMEA,Lebihan,Laurence,Small,Lebihan Laurence,CHEAP,GOOD,1962.0,,,
10165.0,29.0,100.0,11.0,5032.95,10/22/2003,Shipped,Qui_4,10.0,2003.0,Classic Cars,163.0,S18_2238,Furniture,Table,"Dragon Souveniers, Ltd.",+65 221 7555,"Bronz Sok., Bronz Apt. 3/6 Tesvikiye",Unknown,Singapore,,79903,Singapore,Japan,Natividad,Eric,Medium,Natividad Eric,EXPENSIVE,GOOD,1992.0,,,
10389.0,36.0,70.26,7.0,2529.36,3/3/2005,Shipped,Qui_1,3.0,2005.0,Classic Cars,79.0,S12_3990,Furniture,Bookshelf,Scandinavian Gift Ideas,0695-34 6555,?kergatan 24,Unknown,Boras,,S-844 67,Sweden,EMEA,Larsson,Maria,Small,Larsson Maria,EXPENSIVE,GOOD,1972.0,,,
10113.0,21.0,100.0,2.0,3415.44,3/26/2003,Shipped,Qui_1,3.0,2003.0,Trucks and Buses,136.0,S12_1666,Furniture,Cabinet,Mini Gifts Distributors Ltd.,4155551450,5677 Strong St.,Unknown,San Rafael,CA,97562,USA,,Nelson,Valarie,Medium,Nelson Valarie,EXPENSIVE,GOOD,1968.0,,,
10342.0,42.0,100.0,6.0,5013.54,11/24/2004,Shipped,Qui_4,11.0,2004.0,Classic Cars,140.0,S24_3856,Office Supplies,Pencil,"Australian Collectors, Co.",03 9520 4555,636 St Kilda Road,Level 3,Melbourne,Victoria,3004,Australia,APAC,Ferguson,Peter,Medium,Ferguson Peter,EXPENSIVE,GOOD,1973.0,,,
10241.0,21.0,100.0,11.0,2508.66,4/13/2004,Shipped,Qui_2,4.0,2004.0,Classic Cars,124.0,S18_1589,Furniture,Bookshelf,Mini Caravy,88.60.1555,"24, place Kluber",Unknown,Strasbourg,,67000,France,EMEA,Citeaux,Frederique,Small,Citeaux Frederique,EXPENSIVE,GOOD,1979.0,,,
10414.0,16.0,75.48,11.0,1207.68,5/6/2005,On Hold,Qui_2,5.0,2005.0,Vintage Cars,87.0,S18_4522,Furniture,Table,Gifts4AllAges.com,6175559555,8616 Spinnaker Dr.,Unknown,Boston,MA,51003,USA,,Yoshido,Juri,Small,Yoshido Juri,EXPENSIVE,GOOD,1967.0,,,
10283.0,47.0,65.77,7.0,3091.19,8/20/2004,Shipped,Qui_3,8.0,2004.0,Ships,72.0,S700_2610,Technology,Laptop,"Royal Canadian Collectables, Ltd.",(604) 555-4555,23 Tsawassen Blvd.,Unknown,Tsawassen,BC,T2F 8M4,Canada,,Lincoln,Elizabeth,Medium,Lincoln Elizabeth,EXPENSIVE,GOOD,1984.0,,,
10100.0,22.0,86.51,4.0,1903.22,1/6/2003,Shipped,Qui_1,1.0,2003.0,Vintage Cars,92.0,S18_4409,Furniture,Chair,Online Diecast Creations Co.,6035558647,2304 Long Airport Avenue,Unknown,Nashua,NH,62005,USA,,Young,Valarie,Small,Young Valarie,EXPENSIVE,GOOD,1992.0,,,
10139.0,20.0,71.2,3.0,1424.0,7/16/2003,Shipped,Qui_3,7.0,2003.0,Vintage Cars,62.0,S18_2957,Furniture,Desk,Souveniers And Things Co.,+61 2 9495 8555,"Monitor Money Building, 815 Pacific Hwy",Level 6,Chatswood,NSW,2067,Australia,APAC,Huxley,Adrian,Small,Huxley Adrian,EXPENSIVE,GOOD,1991.0,,,
10319.0,30.0,100.0,9.0,4111.8,11/3/2004,Shipped,Qui_4,11.0,2004.0,Motorcycles,150.0,S12_2823,Furniture,Table,Microscale Inc.,2125551957,5290 North Pendale Street,Suite 200,NYC,NY,10022,USA,,Kuo,Kee,Medium,Kuo Kee,EXPENSIVE,GOOD,1984.0,,,
10321.0,37.0,78.54,14.0,2905.98,11/4/2004,Shipped,Qui_4,11.0,2004.0,Classic Cars,77.0,S18_1889,Furniture,Bookshelf,FunGiftIdeas.com,5085552555,1785 First Street,Unknown,New Bedford,MA,50553,USA,,Benitez,Violeta,Small,Benitez Violeta,EXPENSIVE,GOOD,1963.0,,,
10401.0,38.0,96.29,5.0,3659.02,4/3/2005,On Hold,Qui_2,4.0,2005.0,Planes,109.0,S24_1785,Office Supplies,Ruler,Tekni Collectables Inc.,2015559350,7476 Moss Rd.,Unknown,Newark,NJ,94019,USA,,Brown,William,Medium,Brown William,EXPENSIVE,GOOD,1993.0,,,
10149.0,36.0,33.19,7.0,1194.84,9/12/2003,Shipped,Qui_3,9.0,2003.0,Vintage Cars,33.0,S24_1937,Office Supplies,Lamp,Signal Collectibles Ltd.,4155554312,2793 Furth Circle,Unknown,Brisbane,CA,94217,USA,,Taylor,Sue,Small,Taylor Sue,CHEAP,GOOD,1978.0,,,
10386.0,37.0,100.0,10.0,5017.57,3/1/2005,Resolved,Qui_1,3.0,2005.0,Ships,72.0,S700_2610,Technology,Laptop,Euro Shopping Channel,(91) 555 94 44,"C/ Moralzarzal, 86",Unknown,Madrid,,28034,Spain,EMEA,Freyre,Diego,Medium,Freyre Diego,EXPENSIVE,GOOD,1988.0,,,
10417.0,35.0,100.0,3.0,3550.05,5/13/2005,Disputed,Qui_2,5.0,2005.0,Motorcycles,112.0,S24_1578,Office Supplies,Eraser,Euro Shopping Channel,(91) 555 94 44,"C/ Moralzarzal, 86",Unknown,Madrid,,28034,Spain,EMEA,Freyre,Diego,Medium,Freyre Diego,EXPENSIVE,GOOD,1962.0,,,
10124.0,49.0,83.04,11.0,4068.96,5/21/2003,Shipped,Qui_2,5.0,2003.0,Classic Cars,85.0,S24_3191,Office Supplies,Ruler,Signal Gift Stores,7025551838,8489 Strong St.,Unknown,Las Vegas,NV,83030,USA,,King,Sue,Medium,King Sue,EXPENSIVE,GOOD,1999.0,,,
10168.0,20.0,100.0,3.0,4183.0,10/28/2003,Shipped,Qui_4,10.0,2003.0,Motorcycles,193.0,S10_4698,Furniture,Bookshelf,Technics Stores Inc.,6505556809,9408 Furth Circle,Unknown,Burlingame,CA,94217,USA,,Hirano,Juri,Medium,Hirano Juri,EXPENSIVE,GOOD,1961.0,,,
10353.0,40.0,44.51,7.0,1780.4,12/4/2004,Shipped,Qui_4,12.0,2004.0,Vintage Cars,68.0,S32_4289,Office Supplies,Ruler,Gift Ideas Corp.,2035554407,2440 Pompton St.,Unknown,Glendale,CT,97561,USA,,Lewis,Dan,Small,Lewis Dan,CHEAP,GOOD,1985.0,,,
10371.0,20.0,66.47,2.0,1329.4,1/23/2005,Shipped,Qui_1,1.0,2005.0,Trucks and Buses,54.0,S32_2509,Office Supplies,Pen,Mini Gifts Distributors Ltd.,4155551450,5677 Strong St.,Unknown,San Rafael,CA,97562,USA,,Nelson,Valarie,Small,Nelson Valarie,EXPENSIVE,GOOD,1978.0,,,
10344.0,30.0,100.0,3.0,3928.2,11/25/2004,Shipped,Qui_4,11.0,2004.0,Vintage Cars,127.0,S18_2325,Furniture,Table,Marseille Mini Autos,91.24.4555,"12, rue des Bouchers",Unknown,Marseille,,13008,France,EMEA,Lebihan,Laurence,Medium,Lebihan Laurence,EXPENSIVE,GOOD,1983.0,,,
10112.0,23.0,100.0,2.0,2539.89,3/24/2003,Shipped,Qui_1,3.0,2003.0,Vintage Cars,101.0,S18_2949,Furniture,Desk,"Volvo Model Replicas, Co",0921-12 3555,Berguvsv„gen  8,Unknown,Lule,,S-958 22,Sweden,EMEA,Berglund,Christina,Small,Berglund Christina,EXPENSIVE,GOOD,1984.0,,,
10142.0,24.0,100.0,15.0,3791.52,8/8/2003,Shipped,Qui_3,8.0,2003.0,Classic Cars,143.0,S18_4027,Furniture,Table,Mini Gifts Distributors Ltd.,4155551450,5677 Strong St.,Unknown,San Rafael,CA,97562,USA,,Nelson,Valarie,Medium,Nelson Valarie,EXPENSIVE,GOOD,1967.0,,,
10142.0,39.0,44.23,5.0,1724.97,8/8/2003,Shipped,Qui_3,8.0,2003.0,Ships,54.0,S72_3212,Accessories,Headphone,Mini Gifts Distributors Ltd.,4155551450,5677 Strong St.,Unknown,San Rafael,CA,97562,USA,,Nelson,Valarie,Small,Nelson Valarie,CHEAP,GOOD,1974.0,,,
10275.0,38.0,45.39,13.0,1724.82,7/23/2004,Shipped,Qui_3,7.0,2004.0,Vintage Cars,43.0,S50_1341,Accessories,Keyboard,La Rochelle Gifts,40.67.8555,"67, rue des Cinquante Otages",Unknown,Nantes,,44000,France,EMEA,Labrune,Janine,Small,Labrune Janine,CHEAP,GOOD,1997.0,,,
10271.0,34.0,98.39,3.0,3345.26,7/20/2004,Shipped,Qui_3,7.0,2004.0,Trucks and Buses,115.0,S50_1392,Accessories,Adapter,Mini Gifts Distributors Ltd.,4155551450,5677 Strong St.,Unknown,San Rafael,CA,97562,USA,,Nelson,Valarie,Medium,Nelson Valarie,EXPENSIVE,GOOD,1987.0,,,
10347.0,45.0,100.0,4.0,5884.65,11/29/2004,Shipped,Qui_4,11.0,2004.0,Trucks and Buses,121.0,S18_4600,Furniture,Chair,"Australian Collectors, Co.",03 9520 4555,636 St Kilda Road,Level 3,Melbourne,Victoria,3004,Australia,APAC,Ferguson,Peter,Medium,Ferguson Peter,EXPENSIVE,GOOD,1971.0,,,
10383.0,24.0,61.52,9.0,1476.48,2/22/2005,Shipped,Qui_1,2.0,2005.0,Vintage Cars,136.0,S18_3140,Furniture,Desk,Euro Shopping Channel,(91) 555 94 44,"C/ Moralzarzal, 86",Unknown,Madrid,,28034,Spain,EMEA,Freyre,Diego,Small,Freyre Diego,CHEAP,GOOD,1997.0,,,
10106.0,41.0,100.0,17.0,4774.86,2/17/2003,Shipped,Qui_1,2.0,2003.0,Vintage Cars,105.0,S18_3856,Furniture,Desk,Rovelli Gifts,035-640555,Via Ludovico il Moro 22,Unknown,Bergamo,,24100,Italy,EMEA,Rovelli,Giovanni,Medium,Rovelli Giovanni,EXPENSIVE,GOOD,1962.0,,,
10203.0,20.0,100.0,6.0,2254.8,12/2/2003,Shipped,Qui_4,12.0,2003.0,Classic Cars,117.0,S12_3380,Furniture,Bookshelf,Euro Shopping Channel,(91) 555 94 44,"C/ Moralzarzal, 86",Unknown,Madrid,,28034,Spain,EMEA,Freyre,Diego,Small,Freyre Diego,EXPENSIVE,GOOD,1977.0,,,
10226.0,21.0,60.26,1.0,1265.46,2/26/2004,Shipped,Qui_1,2.0,2004.0,Classic Cars,73.0,S24_1046,Office Supplies,Pencil,Collectable Mini Designs Co.,7605558146,361 Furth Circle,Unknown,San Diego,CA,91217,USA,,Thompson,Valarie,Small,Thompson Valarie,CHEAP,GOOD,1999.0,,,
10127.0,20.0,96.99,7.0,1939.8,6/3/2003,Shipped,Qui_2,6.0,2003.0,Classic Cars,118.0,S24_4048,Office Supplies,Pencil,Muscle Machine Inc,2125557413,4092 Furth Circle,Suite 400,NYC,NY,10022,USA,,Young,Jeff,Small,Young Jeff,EXPENSIVE,GOOD,1999.0,,,
10264.0,20.0,100.0,2.0,2410.6,6/30/2004,Shipped,Qui_2,6.0,2004.0,Classic Cars,148.0,S18_4721,Furniture,Table,Gifts4AllAges.com,6175559555,8616 Spinnaker Dr.,Unknown,Boston,MA,51003,USA,,Yoshido,Juri,Small,Yoshido Juri,EXPENSIVE,GOOD,1975.0,,,
10181.0,39.0,100.0,4.0,5785.26,11/12/2003,Shipped,Qui_4,11.0,2003.0,Classic Cars,141.0,S18_3685,Furniture,Bookshelf,Herkku Gifts,+47 2267 3215,"Drammen 121, PR 744 Sentrum",Unknown,Bergen,,N 5804,Norway,EMEA,Oeztan,Veysel,Medium,Oeztan Veysel,EXPENSIVE,GOOD,1969.0,,,
10276.0,20.0,61.23,2.0,1224.6,8/2/2004,Shipped,Qui_3,8.0,2004.0,Classic Cars,61.0,S24_3371,Office Supplies,Eraser,Online Mini Collectables,6175557555,7635 Spinnaker Dr.,Unknown,Brickhaven,MA,58339,USA,,Barajas,Miguel,Small,Barajas Miguel,CHEAP,GOOD,1999.0,,,
10347.0,29.0,100.0,3.0,3586.43,11/29/2004,Shipped,Qui_4,11.0,2004.0,Trucks and Buses,136.0,S12_1666,Furniture,Cabinet,"Australian Collectors, Co.",03 9520 4555,636 St Kilda Road,Level 3,Melbourne,Victoria,3004,Australia,APAC,Ferguson,Peter,Medium,Ferguson Peter,EXPENSIVE,GOOD,1998.0,,,
10151.0,49.0,100.0,6.0,5412.54,9/21/2003,Shipped,Qui_3,9.0,2003.0,Trucks and Buses,122.0,S18_2319,Furniture,Chair,"Oulu Toy Supplies, Inc.",981-443655,Torikatu 38,Unknown,Oulu,,90110,Finland,EMEA,Koskitalo,Pirkko,Medium,Koskitalo Pirkko,EXPENSIVE,GOOD,1971.0,,,
10140.0,28.0,60.76,7.0,1701.28,7/24/2003,Shipped,Qui_3,7.0,2003.0,Trucks and Buses,64.0,S32_3522,Office Supplies,Lamp,Technics Stores Inc.,6505556809,9408 Furth Circle,Unknown,Burlingame,CA,94217,USA,,Hirano,Juri,Small,Hirano Juri,CHEAP,GOOD,1995.0,,,
10168.0,50.0,100.0,2.0,5747.5,10/28/2003,Shipped,Qui_4,10.0,2003.0,Motorcycles,112.0,S24_1578,Office Supplies,Eraser,Technics Stores Inc.,6505556809,9408 Furth Circle,Unknown,Burlingame,CA,94217,USA,,Hirano,Juri,Medium,Hirano Juri,EXPENSIVE,EXCELLENT,1988.0,,,
10407.0,59.0,100.0,11.0,7048.14,4/22/2005,On Hold,Qui_2,4.0,2005.0,Classic Cars,124.0,S18_1589,Furniture,Bookshelf,The Sharp Gifts Warehouse,4085553659,3086 Ingle Ln.,Unknown,San Jose,CA,94217,USA,,Frick,Sue,Large,Frick Sue,EXPENSIVE,EXCELLENT,2000.0,,,
10212.0,27.0,79.62,2.0,2149.74,1/16/2004,Shipped,Qui_1,1.0,2004.0,Classic Cars,85.0,S24_3191,Office Supplies,Ruler,Euro Shopping Channel,(91) 555 94 44,"C/ Moralzarzal, 86",Unknown,Madrid,,28034,Spain,EMEA,Freyre,Diego,Small,Freyre Diego,EXPENSIVE,GOOD,1982.0,,,
10313.0,40.0,100.0,7.0,6678.0,10/22/2004,Shipped,Qui_4,10.0,2004.0,Classic Cars,147.0,S10_4962,Furniture,Cabinet,Canadian Gift Exchange Network,(604) 555-3392,1900 Oak St.,Unknown,Vancouver,BC,V3F 2K1,Canada,,Tannamuri,Yoshi,Medium,Tannamuri Yoshi,EXPENSIVE,GOOD,1972.0,,,
10245.0,37.0,100.0,1.0,4133.64,5/4/2004,Shipped,Qui_2,5.0,2004.0,Trucks and Buses,96.0,S32_1268,Office Supplies,Eraser,Super Scale Inc.,2035559545,567 North Pendale Street,Unknown,New Haven,CT,97823,USA,,Murphy,Leslie,Medium,Murphy Leslie,EXPENSIVE,GOOD,1971.0,,,
10425.0,31.0,33.24,5.0,1030.44,5/31/2005,In Process,Qui_2,5.0,2005.0,Classic Cars,35.0,S24_2840,Office Supplies,Pencil,La Rochelle Gifts,40.67.8555,"67, rue des Cinquante Otages",Unknown,Nantes,,44000,France,EMEA,Labrune,Janine,Small,Labrune Janine,CHEAP,GOOD,1990.0,,,
10203.0,47.0,100.0,3.0,6996.42,12/2/2003,Shipped,Qui_4,12.0,2003.0,Classic Cars,140.0,S24_3856,Office Supplies,Pencil,Euro Shopping Channel,(91) 555 94 44,"C/ Moralzarzal, 86",Unknown,Madrid,,28034,Spain,EMEA,Freyre,Diego,Medium,Freyre Diego,EXPENSIVE,GOOD,1966.0,,,
10355.0,36.0,38.52,4.0,1386.72,12/7/2004,Shipped,Qui_4,12.0,2004.0,Classic Cars,37.0,S24_2972,Office Supplies,Eraser,Euro Shopping Channel,(91) 555 94 44,"C/ Moralzarzal, 86",Unknown,Madrid,,28034,Spain,EMEA,Freyre,Diego,Small,Freyre Diego,CHEAP,GOOD,1973.0,,,
10167.0,29.0,100.0,5.0,2940.02,10/23/2003,Cancelled,Qui_4,10.0,2003.0,Ships,90.0,S700_2047,Technology,Tablet,Scandinavian Gift Ideas,0695-34 6555,?kergatan 24,Unknown,Boras,,S-844 67,Sweden,EMEA,Larsson,Maria,Small,Larsson Maria,EXPENSIVE,GOOD,1960.0,,,
10305.0,36.0,100.0,1.0,4641.48,10/13/2004,Shipped,Qui_4,10.0,2004.0,Classic Cars,118.0,S24_4048,Office Supplies,Pencil,Marta's Replicas Co.,6175558555,39323 Spinnaker Dr.,Unknown,Cambridge,MA,51247,USA,,Hernandez,Marta,Medium,Hernandez Marta,EXPENSIVE,GOOD,1995.0,,,
10163.0,21.0,100.0,1.0,4860.24,10/20/2003,Shipped,Qui_4,10.0,2003.0,Classic Cars,214.0,S10_1949,Furniture,Desk,Classic Legends Inc.,2125558493,5905 Pompton St.,Suite 750,NYC,NY,10022,USA,,Hernandez,Maria,Medium,Hernandez Maria,EXPENSIVE,GOOD,1979.0,,,
10136.0,25.0,100.0,2.0,3644.75,7/4/2003,Shipped,Qui_3,7.0,2003.0,Classic Cars,141.0,S18_1129,Furniture,Table,Alpha Cognac,61.77.6555,1 rue Alsace-Lorraine,Unknown,Toulouse,,31000,France,EMEA,Roulet,Annette,Medium,Roulet Annette,EXPENSIVE,GOOD,1961.0,,,
10275.0,41.0,81.89,18.0,3357.49,7/23/2004,Shipped,Qui_3,7.0,2004.0,Planes,68.0,S24_3949,Office Supplies,Pencil,La Rochelle Gifts,40.67.8555,"67, rue des Cinquante Otages",Unknown,Nantes,,44000,France,EMEA,Labrune,Janine,Medium,Labrune Janine,EXPENSIVE,GOOD,1963.0,,,
10159.0,22.0,100.0,16.0,4132.7,10/10/2003,Shipped,Qui_4,10.0,2003.0,Motorcycles,193.0,S10_4698,Furniture,Bookshelf,Corporate Gift Ideas Co.,6505551386,7734 Strong St.,Unknown,San Francisco,CA,,USA,,Brown,Julie,Medium,Brown Julie,EXPENSIVE,GOOD,1971.0,,,
10364.0,48.0,48.28,1.0,2317.44,1/6/2005,Shipped,Qui_1,1.0,2005.0,Motorcycles,40.0,S32_2206,Office Supplies,Pen,Marseille Mini Autos,91.24.4555,"12, rue des Bouchers",Unknown,Marseille,,13008,France,EMEA,Lebihan,Laurence,Small,Lebihan Laurence,CHEAP,GOOD,1965.0,,,
10205.0,24.0,38.08,4.0,913.92,12/3/2003,Shipped,Qui_4,12.0,2003.0,Vintage Cars,44.0,S24_2022,Office Supplies,Lamp,Euro Shopping Channel,(91) 555 94 44,"C/ Moralzarzal, 86",Unknown,Madrid,,28034,Spain,EMEA,Freyre,Diego,Small,Freyre Diego,CHEAP,GOOD,1973.0,,,
10147.0,37.0,100.0,9.0,4405.22,9/5/2003,Shipped,Qui_3,9.0,2003.0,Classic Cars,146.0,S18_3482,Furniture,Bookshelf,Collectables For Less Inc.,6175558555,7825 Douglas Av.,Unknown,Brickhaven,MA,58339,USA,,Nelson,Allen,Medium,Nelson Allen,EXPENSIVE,GOOD,1972.0,,,
10160.0,42.0,37.0,2.0,1554.0,10/11/2003,Shipped,Qui_4,10.0,2003.0,Classic Cars,37.0,S24_2972,Office Supplies,Eraser,"Men 'R' US Retailers, Ltd.",2155554369,6047 Douglas Av.,Unknown,Los Angeles,CA,,USA,,Chandler,Michael,Small,Chandler Michael,CHEAP,GOOD,1967.0,,,
10419.0,32.0,100.0,10.0,3832.64,5/17/2005,Shipped,Qui_2,5.0,2005.0,Classic Cars,115.0,S12_4675,Furniture,Cabinet,Salzburg Collectables,6562-9555,Geislweg 14,Unknown,Salzburg,,5020,Austria,EMEA,Pipps,Georg,Medium,Pipps Georg,EXPENSIVE,GOOD,1985.0,,,
10419.0,12.0,100.0,13.0,1961.28,5/17/2005,Shipped,Qui_2,5.0,2005.0,Classic Cars,194.0,S12_1099,Furniture,Bookshelf,Salzburg Collectables,6562-9555,Geislweg 14,Unknown,Salzburg,,5020,Austria,EMEA,Pipps,Georg,Small,Pipps Georg,EXPENSIVE,GOOD,1964.0,,,
10390.0,45.0,100.0,8.0,6763.05,3/4/2005,Shipped,Qui_1,3.0,2005.0,Classic Cars,140.0,S24_3856,Office Supplies,Pencil,Mini Gifts Distributors Ltd.,4155551450,5677 Strong St.,Unknown,San Rafael,CA,97562,USA,,Nelson,Valarie,Medium,Nelson Valarie,EXPENSIVE,GOOD,1997.0,,,
10108.0,45.0,100.0,4.0,6130.35,3/3/2003,Shipped,Qui_1,3.0,2003.0,Classic Cars,117.0,S12_3380,Furniture,Bookshelf,Cruz & Sons Co.,+63 2 555 3587,15 McCallum Street - NatWest Center #13-03,Unknown,Makati City,,1227 MM,Philippines,Japan,Cruz,Arnold,Medium,Cruz Arnold,EXPENSIVE,GOOD,1984.0,,,
10291.0,29.0,51.82,9.0,1502.78,9/8/2004,Shipped,Qui_3,9.0,2004.0,Vintage Cars,50.0,S18_4668,Furniture,Cabinet,Scandinavian Gift Ideas,0695-34 6555,?kergatan 24,Unknown,Boras,,S-844 67,Sweden,EMEA,Larsson,Maria,Small,Larsson Maria,CHEAP,GOOD,1973.0,,,
10391.0,32.0,45.25,6.0,1448.0,3/9/2005,Shipped,Qui_1,3.0,2005.0,Vintage Cars,101.0,S18_2949,Furniture,Desk,"Anna's Decorations, Ltd",02 9936 8555,201 Miller Street,Level 15,North Sydney,NSW,2060,Australia,APAC,O'Hara,Anna,Small,O'Hara Anna,CHEAP,GOOD,1996.0,,,
10215.0,27.0,89.38,10.0,2413.26,1/29/2004,Shipped,Qui_1,1.0,2004.0,Vintage Cars,102.0,S18_1342,Furniture,Desk,West Coast Collectables Co.,3105553722,3675 Furth Circle,Unknown,Burbank,CA,94019,USA,,Thompson,Steve,Small,Thompson Steve,EXPENSIVE,GOOD,1977.0,,,
10407.0,13.0,81.33,7.0,1057.29,4/22/2005,On Hold,Qui_2,4.0,2005.0,Classic Cars,85.0,S24_3191,Office Supplies,Ruler,The Sharp Gifts Warehouse,4085553659,3086 Ingle Ln.,Unknown,San Jose,CA,94217,USA,,Frick,Sue,Small,Frick Sue,EXPENSIVE,GOOD,1977.0,,,
10172.0,39.0,100.0,7.0,6023.16,11/5/2003,Shipped,Qui_4,11.0,2003.0,Classic Cars,132.0,S18_2870,Furniture,Cabinet,Gift Depot Inc.,2035552570,25593 South Bay Ln.,Unknown,Bridgewater,CT,97562,USA,,King,Julie,Medium,King Julie,EXPENSIVE,GOOD,1996.0,,,
10199.0,48.0,83.12,2.0,3989.76,12/1/2003,Shipped,Qui_4,12.0,2003.0,Planes,91.0,S700_1691,Technology,Smart phone,West Coast Collectables Co.,3105553722,3675 Furth Circle,Unknown,Burbank,CA,94019,USA,,Thompson,Steve,Medium,Thompson Steve,EXPENSIVE,GOOD,1989.0,,,
10261.0,34.0,62.0,4.0,2108.0,6/17/2004,Shipped,Qui_2,6.0,2004.0,Ships,66.0,S700_1138,Technology,Desktop,Quebec Home Shopping Network,(514) 555-8054,43 rue St. Laurent,Unknown,Montreal,Quebec,H1J 1C3,Canada,,Fresnisre,Jean,Small,Fresnisre Jean,CHEAP,GOOD,1968.0,,,
10259.0,28.0,46.82,1.0,1310.96,6/15/2004,Shipped,Qui_2,6.0,2004.0,Classic Cars,57.0,S24_1444,Office Supplies,Pencil,Handji Gifts& Co,+65 224 1555,Village Close - 106 Linden Road Sandown,2nd Floor,Singapore,,69045,Singapore,APAC,Victorino,Wendy,Small,Victorino Wendy,CHEAP,GOOD,1964.0,,,
10167.0,29.0,83.86,8.0,2431.94,10/23/2003,Cancelled,Qui_4,10.0,2003.0,Vintage Cars,83.0,S24_3816,Office Supplies,Pen,Scandinavian Gift Ideas,0695-34 6555,?kergatan 24,Unknown,Boras,,S-844 67,Sweden,EMEA,Larsson,Maria,Small,Larsson Maria,EXPENSIVE,GOOD,1997.0,,,
10114.0,41.0,100.0,9.0,4815.45,4/1/2003,Shipped,Qui_2,4.0,2003.0,Trucks and Buses,121.0,S18_4600,Furniture,Chair,"La Corne D'abondance, Co.",(1) 42.34.2555,"265, boulevard Charonne",Unknown,Paris,,75012,France,EMEA,Bertrand,Marie,Medium,Bertrand Marie,EXPENSIVE,GOOD,1964.0,,,
10365.0,22.0,100.0,3.0,3425.18,1/7/2005,Shipped,Qui_1,1.0,2005.0,Motorcycles,102.0,S32_4485,Office Supplies,Ruler,Mini Creations Ltd.,5085559555,4575 Hillside Dr.,Unknown,New Bedford,MA,50553,USA,,Tam,Wing C,Medium,Tam WingC,EXPENSIVE,GOOD,1985.0,,,
10195.0,32.0,43.29,8.0,1385.28,11/25/2003,Shipped,Qui_4,11.0,2003.0,Trucks and Buses,54.0,S32_2509,Office Supplies,Pen,Mini Classics,9145554562,3758 North Pendale Street,Unknown,White Plains,NY,24067,USA,,Frick,Steve,Small,Frick Steve,CHEAP,GOOD,2000.0,,,
10383.0,40.0,100.0,3.0,6089.6,2/22/2005,Shipped,Qui_1,2.0,2005.0,Classic Cars,35.0,S24_2840,Office Supplies,Pencil,Euro Shopping Channel,(91) 555 94 44,"C/ Moralzarzal, 86",Unknown,Madrid,,28034,Spain,EMEA,Freyre,Diego,Medium,Freyre Diego,EXPENSIVE,GOOD,1968.0,,,
10207.0,28.0,100.0,3.0,2980.6,12/9/2003,Shipped,Qui_4,12.0,2003.0,Classic Cars,118.0,S24_4048,Office Supplies,Pencil,Diecast Collectables,6175552555,6251 Ingle Ln.,Unknown,Boston,MA,51003,USA,,Franco,Valarie,Small,Franco Valarie,EXPENSIVE,GOOD,1980.0,,,
10211.0,36.0,100.0,13.0,4771.8,1/15/2004,Shipped,Qui_1,1.0,2004.0,Motorcycles,150.0,S12_2823,Furniture,Table,Auto Canal Petit,(1) 47.55.6555,"25, rue Lauriston",Unknown,Paris,,75016,France,EMEA,Perrier,Dominique,Medium,Perrier Dominique,EXPENSIVE,GOOD,1983.0,,,
10129.0,45.0,85.29,3.0,3838.05,6/12/2003,Shipped,Qui_2,6.0,2003.0,Ships,72.0,S700_2610,Technology,Laptop,"Stylish Desk Decors, Co.",(171) 555-0297,35 King George,Unknown,London,,WX3 6FW,UK,EMEA,Brown,Ann,Medium,Brown Ann,EXPENSIVE,GOOD,2000.0,,,
10332.0,24.0,52.67,1.0,1264.08,11/17/2004,Shipped,Qui_4,11.0,2004.0,Vintage Cars,168.0,S18_2795,Furniture,Bookshelf,"AV Stores, Co.",(171) 555-1555,Fauntleroy Circus,Unknown,Manchester,,EC2 5NT,UK,EMEA,Ashworth,Victoria,Small,Ashworth Victoria,CHEAP,GOOD,1986.0,,,
10190.0,46.0,32.99,1.0,1517.54,11/19/2003,Shipped,Qui_4,11.0,2003.0,Motorcycles,40.0,S32_2206,Office Supplies,Pen,Euro Shopping Channel,(91) 555 94 44,"C/ Moralzarzal, 86",Unknown,Madrid,,28034,Spain,EMEA,Freyre,Diego,Small,Freyre Diego,CHEAP,GOOD,1983.0,,,
10238.0,22.0,93.77,7.0,2062.94,4/9/2004,Shipped,Qui_2,4.0,2004.0,Classic Cars,80.0,S24_4620,Office Supplies,Lamp,Danish Wholesale Imports,31 12 3555,Vinb'ltet 34,Unknown,Kobenhavn,,1734,Denmark,EMEA,Petersen,Jytte,Small,Petersen Jytte,EXPENSIVE,GOOD,1975.0,,,
10377.0,31.0,67.76,4.0,2100.56,2/9/2005,Shipped,Qui_1,2.0,2005.0,Classic Cars,77.0,S18_1889,Furniture,Bookshelf,"Toys of Finland, Co.",90-224 8555,Keskuskatu 45,Unknown,Helsinki,,21240,Finland,EMEA,Karttunen,Matti,Small,Karttunen Matti,EXPENSIVE,GOOD,1961.0,,,
10280.0,50.0,100.0,9.0,5239.5,8/17/2004,Shipped,Qui_3,8.0,2004.0,Vintage Cars,102.0,S18_1342,Furniture,Desk,Amica Models & Co.,011-4988555,Via Monte Bianco 34,Unknown,Torino,,10100,Italy,EMEA,Accorti,Paolo,Medium,Accorti Paolo,EXPENSIVE,EXCELLENT,1977.0,,,
10263.0,42.0,100.0,3.0,4307.52,6/28/2004,Shipped,Qui_2,6.0,2004.0,Motorcycles,112.0,S24_1578,Office Supplies,Eraser,Gift Depot Inc.,2035552570,25593 South Bay Ln.,Unknown,Bridgewater,CT,97562,USA,,King,Julie,Medium,King Julie,EXPENSIVE,GOOD,1989.0,,,
10316.0,45.0,93.24,13.0,4195.8,11/1/2004,Shipped,Qui_4,11.0,2004.0,Ships,90.0,S700_2047,Technology,Tablet,giftsbymail.co.uk,(198) 555-8888,Garden House Crowther Way,Unknown,Cowes,Isle of Wight,PO31 7PJ,UK,EMEA,Bennett,Helen,Medium,Bennett Helen,EXPENSIVE,GOOD,1967.0,,,
10163.0,40.0,100.0,3.0,4900.8,10/20/2003,Shipped,Qui_4,10.0,2003.0,Vintage Cars,104.0,S18_3136,Furniture,Table,Classic Legends Inc.,2125558493,5905 Pompton St.,Suite 750,NYC,NY,10022,USA,,Hernandez,Maria,Medium,Hernandez Maria,EXPENSIVE,GOOD,1997.0,,,
10343.0,30.0,100.0,1.0,3098.7,11/24/2004,Shipped,Qui_4,11.0,2004.0,Classic Cars,80.0,S24_4620,Office Supplies,Lamp,Reims Collectables,26.47.1555,59 rue de l'Abbaye,Unknown,Reims,,51100,France,EMEA,Henriot,Paul,Medium,Henriot Paul,EXPENSIVE,GOOD,1970.0,,,
10389.0,25.0,72.38,6.0,1809.5,3/3/2005,Shipped,Qui_1,3.0,2005.0,Classic Cars,117.0,S12_3380,Furniture,Bookshelf,Scandinavian Gift Ideas,0695-34 6555,?kergatan 24,Unknown,Boras,,S-844 67,Sweden,EMEA,Larsson,Maria,Small,Larsson Maria,EXPENSIVE,GOOD,1994.0,,,
10147.0,21.0,63.84,8.0,1340.64,9/5/2003,Shipped,Qui_3,9.0,2003.0,Classic Cars,79.0,S12_3990,Furniture,Bookshelf,Collectables For Less Inc.,6175558555,7825 Douglas Av.,Unknown,Brickhaven,MA,58339,USA,,Nelson,Allen,Small,Nelson Allen,CHEAP,GOOD,1996.0,,,
10177.0,24.0,100.0,5.0,2526.48,11/7/2003,Shipped,Qui_4,11.0,2003.0,Ships,99.0,S700_3962,Technology,Smart watch,CAF Imports,+34 913 728 555,"Merchants House, 27-30 Merchant's Quay",Unknown,Madrid,,28023,Spain,EMEA,Fernandez,Jesus,Small,Fernandez Jesus,EXPENSIVE,GOOD,1998.0,,,
10194.0,45.0,70.49,2.0,3172.05,11/25/2003,Shipped,Qui_4,11.0,2003.0,Trucks and Buses,60.0,S18_2432,Furniture,Table,"Saveley & Henriot, Co.",78.32.5555,"2, rue du Commerce",Unknown,Lyon,,69004,France,EMEA,Saveley,Mary,Medium,Saveley Mary,EXPENSIVE,GOOD,1970.0,,,
10107.0,25.0,100.0,3.0,2845.75,2/24/2003,Shipped,Qui_1,2.0,2003.0,Motorcycles,112.0,S24_1578,Office Supplies,Eraser,Land of Toys Inc.,2125557818,897 Long Airport Avenue,Unknown,NYC,NY,10022,USA,,Yu,Kwai,Small,Yu Kwai,EXPENSIVE,GOOD,1995.0,,,
10375.0,37.0,100.0,3.0,6353.27,2/3/2005,Shipped,Qui_1,2.0,2005.0,Motorcycles,99.0,S32_1374,Office Supplies,Eraser,La Rochelle Gifts,40.67.8555,"67, rue des Cinquante Otages",Unknown,Nantes,,44000,France,EMEA,Labrune,Janine,Medium,Labrune Janine,EXPENSIVE,GOOD,1963.0,,,
10343.0,29.0,100.0,5.0,3713.16,11/24/2004,Shipped,Qui_4,11.0,2004.0,Motorcycles,40.0,S32_2206,Office Supplies,Pen,Reims Collectables,26.47.1555,59 rue de l'Abbaye,Unknown,Reims,,51100,France,EMEA,Henriot,Paul,Medium,Henriot Paul,EXPENSIVE,GOOD,1985.0,,,
10143.0,26.0,100.0,11.0,2612.48,8/10/2003,Shipped,Qui_3,8.0,2003.0,Ships,90.0,S700_2047,Technology,Tablet,Mini Creations Ltd.,5085559555,4575 Hillside Dr.,Unknown,New Bedford,MA,50553,USA,,Tam,Wing C,Small,Tam WingC,EXPENSIVE,GOOD,1994.0,,,
10401.0,28.0,72.55,11.0,2031.4,4/3/2005,On Hold,Qui_2,4.0,2005.0,Planes,74.0,S700_4002,Technology,Laptop,Tekni Collectables Inc.,2015559350,7476 Moss Rd.,Unknown,Newark,NJ,94019,USA,,Brown,William,Small,Brown William,EXPENSIVE,GOOD,1986.0,,,
10192.0,27.0,100.0,16.0,3544.56,11/20/2003,Shipped,Qui_4,11.0,2003.0,Classic Cars,115.0,S12_4675,Furniture,Cabinet,Online Diecast Creations Co.,6035558647,2304 Long Airport Avenue,Unknown,Nashua,NH,62005,USA,,Young,Valarie,Medium,Young Valarie,EXPENSIVE,GOOD,1971.0,,,
10195.0,32.0,28.29,7.0,905.28,11/25/2003,Shipped,Qui_4,11.0,2003.0,Classic Cars,35.0,S24_2840,Office Supplies,Pencil,Mini Classics,9145554562,3758 North Pendale Street,Unknown,White Plains,NY,24067,USA,,Frick,Steve,Small,Frick Steve,CHEAP,GOOD,1982.0,,,
10191.0,30.0,64.64,4.0,1939.2,11/20/2003,Shipped,Qui_4,11.0,2003.0,Classic Cars,79.0,S12_3990,Furniture,Bookshelf,"Toms Spezialitten, Ltd",0221-5554327,Mehrheimerstr. 369,Unknown,Koln,,50739,Germany,EMEA,Pfalzheim,Henriette,Small,Pfalzheim Henriette,CHEAP,GOOD,1998.0,,,
10367.0,21.0,60.37,10.0,1267.77,1/12/2005,Resolved,Qui_1,1.0,2005.0,Classic Cars,73.0,S24_1046,Office Supplies,Pencil,Toys4GrownUps.com,6265557265,78934 Hillside Dr.,Unknown,Pasadena,CA,90003,USA,,Young,Julie,Small,Young Julie,CHEAP,GOOD,1982.0,,,
10363.0,34.0,81.62,5.0,2775.08,1/6/2005,Shipped,Qui_1,1.0,2005.0,Classic Cars,79.0,S12_3990,Furniture,Bookshelf,Suominen Souveniers,+358 9 8045 555,"Software Engineering Center, SEC Oy",Unknown,Espoo,,FIN-02271,Finland,EMEA,Suominen,Kalle,Small,Suominen Kalle,EXPENSIVE,GOOD,1979.0,,,
10237.0,20.0,100.0,8.0,2299.0,4/5/2004,Shipped,Qui_2,4.0,2004.0,Motorcycles,112.0,S24_1578,Office Supplies,Eraser,Vitachrome Inc.,2125551500,2678 Kingston Rd.,Suite 101,NYC,NY,10022,USA,,Frick,Michael,Small,Frick Michael,EXPENSIVE,GOOD,1960.0,,,
10273.0,40.0,86.15,8.0,3446.0,7/21/2004,Shipped,Qui_3,7.0,2004.0,Ships,100.0,S700_3505,Technology,Laptop,Petit Auto,(02) 5554 67,Rue Joseph-Bens 532,Unknown,Bruxelles,,B-1180,Belgium,EMEA,Dewey,Catherine,Medium,Dewey Catherine,EXPENSIVE,GOOD,1968.0,,,
10301.0,39.0,100.0,6.0,6446.7,10/5/2003,Shipped,Qui_4,10.0,2003.0,Classic Cars,141.0,S18_3685,Furniture,Bookshelf,"Norway Gifts By Mail, Co.",+47 2212 1555,"Drammensveien 126 A, PB 744 Sentrum",Unknown,Oslo,,N 0106,Norway,EMEA,Klaeboe,Jan,Medium,Klaeboe Jan,EXPENSIVE,GOOD,1978.0,,,
10130.0,33.0,100.0,1.0,3423.75,6/16/2003,Shipped,Qui_2,6.0,2003.0,Vintage Cars,105.0,S18_3856,Furniture,Desk,Auto-Moto Classics Inc.,6175558428,16780 Pompton St.,Unknown,Brickhaven,MA,58339,USA,,Taylor,Leslie,Medium,Taylor Leslie,EXPENSIVE,GOOD,1966.0,,,
10177.0,44.0,92.16,4.0,4055.04,11/7/2003,Shipped,Qui_4,11.0,2003.0,Ships,100.0,S700_3505,Technology,Laptop,CAF Imports,+34 913 728 555,"Merchants House, 27-30 Merchant's Quay",Unknown,Madrid,,28023,Spain,EMEA,Fernandez,Jesus,Medium,Fernandez Jesus,EXPENSIVE,GOOD,1996.0,,,
10122.0,20.0,100.0,7.0,2142.0,5/8/2003,Shipped,Qui_2,5.0,2003.0,Classic Cars,115.0,S12_4675,Furniture,Cabinet,Marseille Mini Autos,91.24.4555,"12, rue des Bouchers",Unknown,Marseille,,13008,France,EMEA,Lebihan,Laurence,Small,Lebihan Laurence,EXPENSIVE,GOOD,1979.0,,,
10145.0,49.0,100.0,5.0,8339.8,8/25/2003,Shipped,Qui_3,8.0,2003.0,Motorcycles,150.0,S12_2823,Furniture,Table,Toys4GrownUps.com,6265557265,78934 Hillside Dr.,Unknown,Pasadena,CA,90003,USA,,Young,Julie,Large,Young Julie,EXPENSIVE,GOOD,1979.0,,,
10269.0,48.0,97.39,2.0,4674.72,7/16/2004,Shipped,Qui_3,7.0,2004.0,Vintage Cars,97.0,S24_4258,Office Supplies,Pencil,Salzburg Collectables,6562-9555,Geislweg 14,Unknown,Salzburg,,5020,Austria,EMEA,Pipps,Georg,Medium,Pipps Georg,EXPENSIVE,GOOD,1963.0,,,
10227.0,25.0,100.0,3.0,2953.75,3/2/2004,Shipped,Qui_1,3.0,2004.0,Vintage Cars,102.0,S18_1342,Furniture,Desk,"Saveley & Henriot, Co.",78.32.5555,"2, rue du Commerce",Unknown,Lyon,,69004,France,EMEA,Saveley,Mary,Small,Saveley Mary,EXPENSIVE,GOOD,1992.0,,,
10361.0,33.0,82.59,3.0,2725.47,12/17/2004,Shipped,Qui_4,12.0,2004.0,Vintage Cars,43.0,S50_1341,Accessories,Keyboard,Souveniers And Things Co.,+61 2 9495 8555,"Monitor Money Building, 815 Pacific Hwy",Level 6,Chatswood,NSW,2067,Australia,APAC,Huxley,Adrian,Small,Huxley Adrian,EXPENSIVE,GOOD,1972.0,,,
10388.0,50.0,44.51,5.0,2225.5,3/3/2005,Shipped,Qui_1,3.0,2005.0,Motorcycles,118.0,S10_2016,Furniture,Chair,FunGiftIdeas.com,5085552555,1785 First Street,Unknown,New Bedford,MA,50553,USA,,Benitez,Violeta,Small,Benitez Violeta,CHEAP,EXCELLENT,1967.0,,,
10253.0,40.0,100.0,6.0,6773.6,6/1/2004,Cancelled,Qui_2,6.0,2004.0,Classic Cars,169.0,S18_3232,Furniture,Table,"UK Collectables, Ltd.",(171) 555-2282,Berkeley Gardens 12  Brewery,Unknown,Liverpool,,WX1 6LT,UK,EMEA,Devon,Elizabeth,Medium,Devon Elizabeth,EXPENSIVE,GOOD,1991.0,,,
10153.0,43.0,64.67,1.0,2780.81,9/28/2003,Shipped,Qui_3,9.0,2003.0,Ships,66.0,S700_1138,Technology,Desktop,Euro Shopping Channel,(91) 555 94 44,"C/ Moralzarzal, 86",Unknown,Madrid,,28034,Spain,EMEA,Freyre,Diego,Small,Freyre Diego,CHEAP,GOOD,1989.0,,,
10229.0,39.0,40.25,14.0,1569.75,3/11/2004,Shipped,Qui_1,3.0,2004.0,Vintage Cars,50.0,S18_4668,Furniture,Cabinet,Mini Gifts Distributors Ltd.,4155551450,5677 Strong St.,Unknown,San Rafael,CA,97562,USA,,Nelson,Valarie,Small,Nelson Valarie,CHEAP,GOOD,1993.0,,,
10310.0,33.0,41.91,4.0,1383.03,10/16/2004,Shipped,Qui_4,10.0,2004.0,Classic Cars,37.0,S24_2972,Office Supplies,Eraser,"Toms Spezialitten, Ltd",0221-5554327,Mehrheimerstr. 369,Unknown,Koln,,50739,Germany,EMEA,Pfalzheim,Henriette,Small,Pfalzheim Henriette,CHEAP,GOOD,1973.0,,,
10306.0,31.0,84.08,2.0,2606.48,10/14/2004,Shipped,Qui_4,10.0,2004.0,Vintage Cars,88.0,S24_3151,Office Supplies,Pencil,"AV Stores, Co.",(171) 555-1555,Fauntleroy Circus,Unknown,Manchester,,EC2 5NT,UK,EMEA,Ashworth,Victoria,Small,Ashworth Victoria,EXPENSIVE,GOOD,1993.0,,,
10150.0,26.0,100.0,10.0,2804.36,9/19/2003,Shipped,Qui_3,9.0,2003.0,Vintage Cars,104.0,S18_3136,Furniture,Table,"Dragon Souveniers, Ltd.",+65 221 7555,"Bronz Sok., Bronz Apt. 3/6 Tesvikiye",Unknown,Singapore,,79903,Singapore,Japan,Natividad,Eric,Small,Natividad Eric,EXPENSIVE,GOOD,1985.0,,,
10185.0,21.0,54.0,3.0,1134.0,11/14/2003,Shipped,Qui_4,11.0,2003.0,Ships,66.0,S700_1138,Technology,Desktop,Mini Creations Ltd.,5085559555,4575 Hillside Dr.,Unknown,New Bedford,MA,50553,USA,,Tam,Wing C,Small,Tam WingC,CHEAP,GOOD,1971.0,,,
10203.0,44.0,82.99,9.0,3651.56,12/2/2003,Shipped,Qui_4,12.0,2003.0,Classic Cars,79.0,S12_3990,Furniture,Bookshelf,Euro Shopping Channel,(91) 555 94 44,"C/ Moralzarzal, 86",Unknown,Madrid,,28034,Spain,EMEA,Freyre,Diego,Medium,Freyre Diego,EXPENSIVE,GOOD,1987.0,,,
10340.0,30.0,88.6,5.0,2658.0,11/24/2004,Shipped,Qui_4,11.0,2004.0,Planes,91.0,S700_1691,Technology,Smart phone,Enaco Distributors,(93) 203 4555,"Rambla de Catalu¤a, 23",Unknown,Barcelona,,8022,Spain,EMEA,Saavedra,Eduardo,Small,Saavedra Eduardo,EXPENSIVE,GOOD,1996.0,,,
10162.0,45.0,51.21,1.0,2304.45,10/18/2003,Shipped,Qui_4,10.0,2003.0,Vintage Cars,53.0,S18_1367,Furniture,Cabinet,Corporate Gift Ideas Co.,6505551386,7734 Strong St.,Unknown,San Francisco,CA,,USA,,Brown,Julie,Small,Brown Julie,CHEAP,GOOD,1986.0,,,
10386.0,44.0,86.4,15.0,3801.6,3/1/2005,Resolved,Qui_1,3.0,2005.0,Planes,74.0,S700_4002,Technology,Laptop,Euro Shopping Channel,(91) 555 94 44,"C/ Moralzarzal, 86",Unknown,Madrid,,28034,Spain,EMEA,Freyre,Diego,Medium,Freyre Diego,EXPENSIVE,GOOD,1981.0,,,
10148.0,34.0,100.0,1.0,3598.22,9/11/2003,Shipped,Qui_3,9.0,2003.0,Vintage Cars,92.0,S18_4409,Furniture,Chair,"Anna's Decorations, Ltd",02 9936 8555,201 Miller Street,Level 15,North Sydney,NSW,2060,Australia,APAC,O'Hara,Anna,Medium,O'Hara Anna,EXPENSIVE,GOOD,1998.0,,,
10183.0,23.0,86.99,3.0,2000.77,11/13/2003,Shipped,Qui_4,11.0,2003.0,Classic Cars,101.0,S700_2824,Technology,Desktop,"Classic Gift Ideas, Inc",2155554695,782 First Street,Unknown,Philadelphia,PA,71270,USA,,Cervantes,Francisca,Small,Cervantes Francisca,EXPENSIVE,GOOD,1961.0,,,
10383.0,47.0,100.0,6.0,6869.05,2/22/2005,Shipped,Qui_1,2.0,2005.0,Classic Cars,169.0,S18_3232,Furniture,Table,Euro Shopping Channel,(91) 555 94 44,"C/ Moralzarzal, 86",Unknown,Madrid,,28034,Spain,EMEA,Freyre,Diego,Medium,Freyre Diego,EXPENSIVE,GOOD,1998.0,,,
10253.0,25.0,90.17,14.0,2254.25,6/1/2004,Cancelled,Qui_2,6.0,2004.0,Classic Cars,79.0,S12_3990,Furniture,Bookshelf,"UK Collectables, Ltd.",(171) 555-2282,Berkeley Gardens 12  Brewery,Unknown,Liverpool,,WX1 6LT,UK,EMEA,Devon,Elizabeth,Small,Devon Elizabeth,EXPENSIVE,GOOD,1962.0,,,
10108.0,44.0,100.0,11.0,5565.12,3/3/2003,Shipped,Qui_1,3.0,2003.0,Classic Cars,148.0,S18_4721,Furniture,Table,Cruz & Sons Co.,+63 2 555 3587,15 McCallum Street - NatWest Center #13-03,Unknown,Makati City,,1227 MM,Philippines,Japan,Cruz,Arnold,Medium,Cruz Arnold,EXPENSIVE,GOOD,1980.0,,,
10135.0,45.0,78.0,10.0,3510.0,7/2/2003,Shipped,Qui_3,7.0,2003.0,Classic Cars,80.0,S18_3278,Furniture,Cabinet,Mini Gifts Distributors Ltd.,4155551450,5677 Strong St.,Unknown,San Rafael,CA,97562,USA,,Nelson,Valarie,Medium,Nelson Valarie,EXPENSIVE,GOOD,1976.0,,,
10239.0,29.0,100.0,3.0,4479.63,4/12/2004,Shipped,Qui_2,4.0,2004.0,Classic Cars,140.0,S24_3856,Office Supplies,Pencil,"Oulu Toy Supplies, Inc.",981-443655,Torikatu 38,Unknown,Oulu,,90110,Finland,EMEA,Koskitalo,Pirkko,Medium,Koskitalo Pirkko,EXPENSIVE,GOOD,1981.0,,,
10302.0,48.0,74.48,6.0,3575.04,10/6/2003,Shipped,Qui_4,10.0,2003.0,Classic Cars,85.0,S24_3191,Office Supplies,Ruler,"UK Collectables, Ltd.",(171) 555-2282,Berkeley Gardens 12  Brewery,Unknown,Liverpool,,WX1 6LT,UK,EMEA,Devon,Elizabeth,Medium,Devon Elizabeth,EXPENSIVE,GOOD,1997.0,,,
10318.0,50.0,100.0,8.0,7119.0,11/2/2004,Shipped,Qui_4,11.0,2004.0,Planes,118.0,S700_2834,Technology,Desktop,Diecast Classics Inc.,2155551555,7586 Pompton St.,Unknown,Allentown,PA,70267,USA,,Yu,Kyung,Large,Yu Kyung,EXPENSIVE,EXCELLENT,1982.0,,,
10213.0,38.0,94.79,1.0,3602.02,1/22/2004,Shipped,Qui_1,1.0,2004.0,Vintage Cars,92.0,S18_4409,Furniture,Chair,"Double Decker Gift Stores, Ltd",(171) 555-7555,120 Hanover Sq.,Unknown,London,,WA1 1DP,UK,EMEA,Hardy,Thomas,Medium,Hardy Thomas,EXPENSIVE,GOOD,1976.0,,,
10300.0,29.0,100.0,3.0,3984.6,10/4/2003,Shipped,Qui_4,10.0,2003.0,Classic Cars,117.0,S12_3380,Furniture,Bookshelf,"Blauer See Auto, Co.",+49 69 66 90 2555,Lyonerstr. 34,Unknown,Frankfurt,,60528,Germany,EMEA,Keitel,Roland,Medium,Keitel Roland,EXPENSIVE,GOOD,1979.0,,,
10299.0,39.0,55.95,3.0,2182.05,9/30/2004,Shipped,Qui_3,9.0,2004.0,Motorcycles,62.0,S18_3782,Furniture,Bookshelf,"Toys of Finland, Co.",90-224 8555,Keskuskatu 45,Unknown,Helsinki,,21240,Finland,EMEA,Karttunen,Matti,Small,Karttunen Matti,CHEAP,GOOD,1985.0,,,
10382.0,37.0,100.0,11.0,4071.85,2/17/2005,Shipped,Qui_1,2.0,2005.0,Classic Cars,151.0,S12_3148,Furniture,Desk,Mini Gifts Distributors Ltd.,4155551450,5677 Strong St.,Unknown,San Rafael,CA,97562,USA,,Nelson,Valarie,Medium,Nelson Valarie,EXPENSIVE,GOOD,1982.0,,,
10375.0,23.0,100.0,9.0,2443.29,2/3/2005,Shipped,Qui_1,2.0,2005.0,Motorcycles,76.0,S24_2000,Office Supplies,Pen,La Rochelle Gifts,40.67.8555,"67, rue des Cinquante Otages",Unknown,Nantes,,44000,France,EMEA,Labrune,Janine,Small,Labrune Janine,EXPENSIVE,GOOD,1979.0,,,
10412.0,70.0,100.0,10.0,8498.0,5/3/2005,Shipped,Qui_2,5.0,2005.0,Trucks and Buses,127.0,S24_2300,Office Supplies,Pen,Euro Shopping Channel,(91) 555 94 44,"C/ Moralzarzal, 86",Unknown,Madrid,,28034,Spain,EMEA,Freyre,Diego,Large,Freyre Diego,EXPENSIVE,EXCELLENT,1981.0,,,
10285.0,47.0,100.0,9.0,6484.59,8/27/2004,Shipped,Qui_3,8.0,2004.0,Motorcycles,118.0,S10_2016,Furniture,Chair,Marta's Replicas Co.,6175558555,39323 Spinnaker Dr.,Unknown,Cambridge,MA,51247,USA,,Hernandez,Marta,Medium,Hernandez Marta,EXPENSIVE,GOOD,1984.0,,,
10382.0,33.0,100.0,4.0,4592.61,2/17/2005,Shipped,Qui_1,2.0,2005.0,Vintage Cars,97.0,S24_4258,Office Supplies,Pencil,Mini Gifts Distributors Ltd.,4155551450,5677 Strong St.,Unknown,San Rafael,CA,97562,USA,,Nelson,Valarie,Medium,Nelson Valarie,EXPENSIVE,GOOD,1973.0,,,
10306.0,30.0,100.0,5.0,3515.7,10/14/2004,Shipped,Qui_4,10.0,2004.0,Ships,99.0,S700_3962,Technology,Smart watch,"AV Stores, Co.",(171) 555-1555,Fauntleroy Circus,Unknown,Manchester,,EC2 5NT,UK,EMEA,Ashworth,Victoria,Medium,Ashworth Victoria,EXPENSIVE,GOOD,1978.0,,,
10400.0,64.0,100.0,9.0,9661.44,4/1/2005,Shipped,Qui_2,4.0,2005.0,Classic Cars,136.0,S10_4757,Furniture,Desk,The Sharp Gifts Warehouse,4085553659,3086 Ingle Ln.,Unknown,San Jose,CA,94217,USA,,Frick,Sue,Large,Frick Sue,EXPENSIVE,EXCELLENT,1981.0,,,
10149.0,30.0,58.22,3.0,1746.6,9/12/2003,Shipped,Qui_3,9.0,2003.0,Vintage Cars,53.0,S18_1367,Furniture,Cabinet,Signal Collectibles Ltd.,4155554312,2793 Furth Circle,Unknown,Brisbane,CA,94217,USA,,Taylor,Sue,Small,Taylor Sue,CHEAP,GOOD,1980.0,,,
10152.0,35.0,100.0,1.0,4524.1,9/25/2003,Shipped,Qui_3,9.0,2003.0,Classic Cars,143.0,S18_4027,Furniture,Table,"Australian Gift Network, Co",61-7-3844-6555,31 Duncan St. West End,Unknown,South Brisbane,Queensland,4101,Australia,APAC,Calaghan,Tony,Medium,Calaghan Tony,EXPENSIVE,GOOD,1961.0,,,
10127.0,22.0,100.0,15.0,3837.24,6/3/2003,Shipped,Qui_2,6.0,2003.0,Classic Cars,169.0,S18_3232,Furniture,Table,Muscle Machine Inc,2125557413,4092 Furth Circle,Suite 400,NYC,NY,10022,USA,,Young,Jeff,Medium,Young Jeff,EXPENSIVE,GOOD,2000.0,,,
10299.0,47.0,100.0,10.0,5455.76,9/30/2004,Shipped,Qui_3,9.0,2004.0,Motorcycles,112.0,S24_1578,Office Supplies,Eraser,"Toys of Finland, Co.",90-224 8555,Keskuskatu 45,Unknown,Helsinki,,21240,Finland,EMEA,Karttunen,Matti,Medium,Karttunen Matti,EXPENSIVE,GOOD,1993.0,,,
10195.0,49.0,100.0,6.0,6445.46,11/25/2003,Shipped,Qui_4,11.0,2003.0,Trucks and Buses,118.0,S12_4473,Furniture,Cabinet,Mini Classics,9145554562,3758 North Pendale Street,Unknown,White Plains,NY,24067,USA,,Frick,Steve,Medium,Frick Steve,EXPENSIVE,GOOD,1995.0,,,
10309.0,28.0,88.68,1.0,2483.04,10/15/2004,Shipped,Qui_4,10.0,2004.0,Motorcycles,81.0,S50_4713,Accessories,Headphone,Baane Mini Imports,07-98 9555,Erling Skakkes gate 78,Unknown,Stavern,,4110,Norway,EMEA,Bergulfsen,Jonas,Small,Bergulfsen Jonas,EXPENSIVE,GOOD,2000.0,,,
10275.0,35.0,90.39,9.0,3163.65,7/23/2004,Shipped,Qui_3,7.0,2004.0,Planes,84.0,S18_2581,Furniture,Bookshelf,La Rochelle Gifts,40.67.8555,"67, rue des Cinquante Otages",Unknown,Nantes,,44000,France,EMEA,Labrune,Janine,Medium,Labrune Janine,EXPENSIVE,GOOD,1987.0,,,
10249.0,40.0,95.95,4.0,3838.0,5/8/2004,Shipped,Qui_2,5.0,2004.0,Ships,90.0,S700_2047,Technology,Tablet,Cambridge Collectables Co.,6175555555,4658 Baden Av.,Unknown,Cambridge,MA,51247,USA,,Tseng,Kyung,Medium,Tseng Kyung,EXPENSIVE,GOOD,1986.0,,,
10164.0,21.0,100.0,2.0,3536.82,10/21/2003,Resolved,Qui_4,10.0,2003.0,Classic Cars,147.0,S10_4962,Furniture,Cabinet,Mini Auto Werke,7675-3555,Kirchgasse 6,Unknown,Graz,,8010,Austria,EMEA,Mendel,Roland,Medium,Mendel Roland,EXPENSIVE,GOOD,1964.0,,,
10208.0,35.0,100.0,7.0,4301.15,1/2/2004,Shipped,Qui_1,1.0,2004.0,Ships,122.0,S24_2011,Office Supplies,Pen,"Saveley & Henriot, Co.",78.32.5555,"2, rue du Commerce",Unknown,Lyon,,69004,France,EMEA,Saveley,Mary,Medium,Saveley Mary,EXPENSIVE,GOOD,1965.0,,,
10301.0,50.0,100.0,11.0,7723.5,10/5/2003,Shipped,Qui_4,10.0,2003.0,Classic Cars,140.0,S24_3856,Office Supplies,Pencil,"Norway Gifts By Mail, Co.",+47 2212 1555,"Drammensveien 126 A, PB 744 Sentrum",Unknown,Oslo,,N 0106,Norway,EMEA,Klaeboe,Jan,Large,Klaeboe Jan,EXPENSIVE,EXCELLENT,1962.0,,,
10311.0,43.0,100.0,3.0,4595.41,10/16/2004,Shipped,Qui_4,10.0,2004.0,Classic Cars,117.0,S24_2887,Office Supplies,Ruler,Euro Shopping Channel,(91) 555 94 44,"C/ Moralzarzal, 86",Unknown,Madrid,,28034,Spain,EMEA,Freyre,Diego,Medium,Freyre Diego,EXPENSIVE,GOOD,1963.0,,,
10105.0,41.0,82.5,10.0,3382.5,2/11/2003,Shipped,Qui_1,2.0,2003.0,Vintage Cars,87.0,S18_4522,Furniture,Table,Danish Wholesale Imports,31 12 3555,Vinb'ltet 34,Unknown,Kobenhavn,,1734,Denmark,EMEA,Petersen,Jytte,Medium,Petersen Jytte,EXPENSIVE,GOOD,1973.0,,,
10168.0,31.0,73.61,12.0,2281.91,10/28/2003,Shipped,Qui_4,10.0,2003.0,Vintage Cars,68.0,S32_4289,Office Supplies,Ruler,Technics Stores Inc.,6505556809,9408 Furth Circle,Unknown,Burlingame,CA,94217,USA,,Hirano,Juri,Small,Hirano Juri,EXPENSIVE,GOOD,1980.0,,,
10266.0,47.0,62.45,13.0,2935.15,7/6/2004,Shipped,Qui_3,7.0,2004.0,Classic Cars,61.0,S24_3371,Office Supplies,Eraser,L'ordine Souveniers,0522-556555,Strada Provinciale 124,Unknown,Reggio Emilia,,42100,Italy,EMEA,Moroni,Maurizio,Small,Moroni Maurizio,CHEAP,GOOD,1981.0,,,
10386.0,22.0,57.55,6.0,1266.1,3/1/2005,Resolved,Qui_1,3.0,2005.0,Vintage Cars,105.0,S18_3856,Furniture,Desk,Euro Shopping Channel,(91) 555 94 44,"C/ Moralzarzal, 86",Unknown,Madrid,,28034,Spain,EMEA,Freyre,Diego,Small,Freyre Diego,CHEAP,GOOD,1983.0,,,
10107.0,29.0,70.87,6.0,2055.23,2/24/2003,Shipped,Qui_1,2.0,2003.0,Motorcycles,60.0,S18_2625,Furniture,Table,Land of Toys Inc.,2125557818,897 Long Airport Avenue,Unknown,NYC,NY,10022,USA,,Yu,Kwai,Small,Yu Kwai,EXPENSIVE,GOOD,1964.0,,,
10311.0,25.0,66.99,2.0,1674.75,10/16/2004,Shipped,Qui_4,10.0,2004.0,Classic Cars,71.0,S18_4933,Furniture,Table,Euro Shopping Channel,(91) 555 94 44,"C/ Moralzarzal, 86",Unknown,Madrid,,28034,Spain,EMEA,Freyre,Diego,Small,Freyre Diego,EXPENSIVE,GOOD,1970.0,,,
10129.0,50.0,77.99,1.0,3899.5,6/12/2003,Shipped,Qui_2,6.0,2003.0,Vintage Cars,83.0,S24_3816,Office Supplies,Pen,"Stylish Desk Decors, Co.",(171) 555-0297,35 King George,Unknown,London,,WX3 6FW,UK,EMEA,Brown,Ann,Medium,Brown Ann,EXPENSIVE,EXCELLENT,1973.0,,,
10320.0,26.0,61.23,2.0,1591.98,11/3/2004,Shipped,Qui_4,11.0,2004.0,Classic Cars,61.0,S24_3371,Office Supplies,Eraser,"Volvo Model Replicas, Co",0921-12 3555,Berguvsv„gen  8,Unknown,Lule,,S-958 22,Sweden,EMEA,Berglund,Christina,Small,Berglund Christina,CHEAP,GOOD,1992.0,,,
10185.0,20.0,48.62,15.0,972.4,11/14/2003,Shipped,Qui_4,11.0,2003.0,Trains,58.0,S50_1514,Accessories,Headphone,Mini Creations Ltd.,5085559555,4575 Hillside Dr.,Unknown,New Bedford,MA,50553,USA,,Tam,Wing C,Small,Tam WingC,CHEAP,GOOD,1969.0,,,
10164.0,24.0,100.0,1.0,2634.96,10/21/2003,Resolved,Qui_4,10.0,2003.0,Trucks and Buses,96.0,S32_1268,Office Supplies,Eraser,Mini Auto Werke,7675-3555,Kirchgasse 6,Unknown,Graz,,8010,Austria,EMEA,Mendel,Roland,Small,Mendel Roland,EXPENSIVE,GOOD,1983.0,,,
10363.0,34.0,96.73,4.0,3288.82,1/6/2005,Shipped,Qui_1,1.0,2005.0,Classic Cars,117.0,S12_3380,Furniture,Bookshelf,Suominen Souveniers,+358 9 8045 555,"Software Engineering Center, SEC Oy",Unknown,Espoo,,FIN-02271,Finland,EMEA,Suominen,Kalle,Medium,Suominen Kalle,EXPENSIVE,GOOD,1974.0,,,
10159.0,32.0,100.0,7.0,4618.88,10/10/2003,Shipped,Qui_4,10.0,2003.0,Classic Cars,148.0,S18_4721,Furniture,Table,Corporate Gift Ideas Co.,6505551386,7734 Strong St.,Unknown,San Francisco,CA,,USA,,Brown,Julie,Medium,Brown Julie,EXPENSIVE,GOOD,1972.0,,,
10267.0,38.0,87.24,3.0,3315.12,7/7/2004,Shipped,Qui_3,7.0,2004.0,Classic Cars,90.0,S24_2766,Office Supplies,Eraser,Muscle Machine Inc,2125557413,4092 Furth Circle,Suite 400,NYC,NY,10022,USA,,Young,Jeff,Medium,Young Jeff,EXPENSIVE,GOOD,1974.0,,,
10184.0,44.0,60.16,12.0,2647.04,11/14/2003,Shipped,Qui_4,11.0,2003.0,Trucks and Buses,60.0,S18_2432,Furniture,Table,"Iberia Gift Imports, Corp.",(95) 555 82 82,"C/ Romero, 33",Unknown,Sevilla,,41101,Spain,EMEA,Roel,Jose Pedro,Small,Roel JosePedro,CHEAP,GOOD,1979.0,,,
10134.0,20.0,100.0,1.0,2711.2,7/1/2003,Shipped,Qui_3,7.0,2003.0,Motorcycles,150.0,S12_2823,Furniture,Table,Lyon Souveniers,+33 1 46 62 7555,27 rue du Colonel Pierre Avia,Unknown,Paris,,75508,France,EMEA,Da Cunha,Daniel,Small,DaCunha Daniel,EXPENSIVE,GOOD,1983.0,,,
10217.0,28.0,100.0,1.0,3148.88,2/4/2004,Shipped,Qui_1,2.0,2004.0,Trucks and Buses,127.0,S24_2300,Office Supplies,Pen,Handji Gifts& Co,+65 224 1555,Village Close - 106 Linden Road Sandown,2nd Floor,Singapore,,69045,Singapore,APAC,Victorino,Wendy,Medium,Victorino Wendy,EXPENSIVE,GOOD,1971.0,,,
10231.0,49.0,100.0,1.0,6952.12,3/19/2004,Shipped,Qui_1,3.0,2004.0,Classic Cars,173.0,S12_3891,Furniture,Bookshelf,CAF Imports,+34 913 728 555,"Merchants House, 27-30 Merchant's Quay",Unknown,Madrid,,28023,Spain,EMEA,Fernandez,Jesus,Medium,Fernandez Jesus,EXPENSIVE,GOOD,1995.0,,,
10220.0,32.0,100.0,2.0,7181.44,2/12/2004,Shipped,Qui_1,2.0,2004.0,Classic Cars,207.0,S12_1108,Furniture,Chair,"Clover Collections, Co.",+353 1862 1555,25 Maiden Lane,Floor No. 4,Dublin,,2,Ireland,EMEA,Cassidy,Dean,Large,Cassidy Dean,EXPENSIVE,GOOD,1971.0,,,
10312.0,25.0,44.21,9.0,1105.25,10/21/2004,Shipped,Qui_4,10.0,2004.0,Vintage Cars,53.0,S18_1367,Furniture,Cabinet,Mini Gifts Distributors Ltd.,4155551450,5677 Strong St.,Unknown,San Rafael,CA,97562,USA,,Nelson,Valarie,Small,Nelson Valarie,CHEAP,GOOD,1994.0,,,
10337.0,42.0,97.16,5.0,4080.72,11/21/2004,Shipped,Qui_4,11.0,2004.0,Ships,54.0,S72_3212,Accessories,Headphone,Classic Legends Inc.,2125558493,5905 Pompton St.,Suite 750,NYC,NY,10022,USA,,Hernandez,Maria,Medium,Hernandez Maria,EXPENSIVE,GOOD,1969.0,,,
10173.0,43.0,100.0,6.0,5036.16,11/5/2003,Shipped,Qui_4,11.0,2003.0,Vintage Cars,102.0,S18_1342,Furniture,Desk,Rovelli Gifts,035-640555,Via Ludovico il Moro 22,Unknown,Bergamo,,24100,Italy,EMEA,Rovelli,Giovanni,Medium,Rovelli Giovanni,EXPENSIVE,GOOD,1967.0,,,
10210.0,34.0,100.0,1.0,6123.4,1/12/2004,Shipped,Qui_1,1.0,2004.0,Motorcycles,193.0,S10_4698,Furniture,Bookshelf,Osaka Souveniers Co.,+81 06 6342 5555,"Dojima Avanza 4F, 1-6-20 Dojima, Kita-ku",Unknown,Osaka,Osaka,530-0003,Japan,Japan,Kentary,Mory,Medium,Kentary Mory,EXPENSIVE,GOOD,1968.0,,,
10414.0,27.0,90.37,8.0,2439.99,5/6/2005,On Hold,Qui_2,5.0,2005.0,Ships,99.0,S700_3962,Technology,Smart watch,Gifts4AllAges.com,6175559555,8616 Spinnaker Dr.,Unknown,Boston,MA,51003,USA,,Yoshido,Juri,Small,Yoshido Juri,EXPENSIVE,GOOD,1994.0,,,
10407.0,66.0,66.99,4.0,4421.34,4/22/2005,On Hold,Qui_2,4.0,2005.0,Classic Cars,71.0,S18_4933,Furniture,Table,The Sharp Gifts Warehouse,4085553659,3086 Ingle Ln.,Unknown,San Jose,CA,94217,USA,,Frick,Sue,Medium,Frick Sue,EXPENSIVE,EXCELLENT,1976.0,,,
10250.0,44.0,100.0,3.0,6055.72,5/11/2004,Shipped,Qui_2,5.0,2004.0,Planes,118.0,S700_2834,Technology,Desktop,The Sharp Gifts Warehouse,4085553659,3086 Ingle Ln.,Unknown,San Jose,CA,94217,USA,,Frick,Sue,Medium,Frick Sue,EXPENSIVE,GOOD,1993.0,,,
10339.0,42.0,59.36,16.0,2493.12,11/23/2004,Shipped,Qui_4,11.0,2004.0,Vintage Cars,83.0,S24_3816,Office Supplies,Pen,"Tokyo Collectables, Ltd",+81 3 3584 0555,2-2-8 Roppongi,Unknown,Minato-ku,Tokyo,106-0032,Japan,Japan,Shimamura,Akiko,Small,Shimamura Akiko,CHEAP,GOOD,1963.0,,,
10194.0,42.0,100.0,11.0,7290.36,11/25/2003,Shipped,Qui_4,11.0,2003.0,Classic Cars,214.0,S10_1949,Furniture,Desk,"Saveley & Henriot, Co.",78.32.5555,"2, rue du Commerce",Unknown,Lyon,,69004,France,EMEA,Saveley,Mary,Large,Saveley Mary,EXPENSIVE,GOOD,1981.0,,,
10111.0,26.0,86.68,3.0,2253.68,3/25/2003,Shipped,Qui_1,3.0,2003.0,Vintage Cars,97.0,S24_4258,Office Supplies,Pencil,Mini Wheels Co.,6505555787,5557 North Pendale Street,Unknown,San Francisco,CA,,USA,,Murphy,Julie,Small,Murphy Julie,EXPENSIVE,GOOD,1997.0,,,
10411.0,34.0,100.0,4.0,3576.8,5/1/2005,Shipped,Qui_2,5.0,2005.0,Classic Cars,101.0,S700_2824,Technology,Desktop,Quebec Home Shopping Network,(514) 555-8054,43 rue St. Laurent,Unknown,Montreal,Quebec,H1J 1C3,Canada,,Fresnisre,Jean,Medium,Fresnisre Jean,EXPENSIVE,GOOD,1996.0,,,
10226.0,38.0,100.0,4.0,4161.38,2/26/2004,Shipped,Qui_1,2.0,2004.0,Classic Cars,124.0,S18_1589,Furniture,Bookshelf,Collectable Mini Designs Co.,7605558146,361 Furth Circle,Unknown,San Diego,CA,91217,USA,,Thompson,Valarie,Medium,Thompson Valarie,EXPENSIVE,GOOD,1997.0,,,
10391.0,24.0,100.0,4.0,2416.56,3/9/2005,Shipped,Qui_1,3.0,2005.0,Classic Cars,214.0,S10_1949,Furniture,Desk,"Anna's Decorations, Ltd",02 9936 8555,201 Miller Street,Level 15,North Sydney,NSW,2060,Australia,APAC,O'Hara,Anna,Small,O'Hara Anna,EXPENSIVE,GOOD,1965.0,,,
10222.0,31.0,62.67,15.0,1942.77,2/19/2004,Shipped,Qui_1,2.0,2004.0,Ships,66.0,S700_1138,Technology,Desktop,Collectable Mini Designs Co.,7605558146,361 Furth Circle,Unknown,San Diego,CA,91217,USA,,Thompson,Valarie,Small,Thompson Valarie,CHEAP,GOOD,1969.0,,,
10312.0,43.0,89.38,10.0,3843.34,10/21/2004,Shipped,Qui_4,10.0,2004.0,Vintage Cars,102.0,S18_1342,Furniture,Desk,Mini Gifts Distributors Ltd.,4155551450,5677 Strong St.,Unknown,San Rafael,CA,97562,USA,,Nelson,Valarie,Medium,Nelson Valarie,EXPENSIVE,GOOD,1960.0,,,
10299.0,23.0,100.0,9.0,2597.39,9/30/2004,Shipped,Qui_3,9.0,2004.0,Motorcycles,95.0,S10_1678,Furniture,Cabinet,"Toys of Finland, Co.",90-224 8555,Keskuskatu 45,Unknown,Helsinki,,21240,Finland,EMEA,Karttunen,Matti,Small,Karttunen Matti,EXPENSIVE,GOOD,1965.0,,,
10175.0,29.0,100.0,5.0,4419.89,11/6/2003,Shipped,Qui_4,11.0,2003.0,Classic Cars,169.0,S18_3232,Furniture,Table,"Stylish Desk Decors, Co.",(171) 555-0297,35 King George,Unknown,London,,WX3 6FW,UK,EMEA,Brown,Ann,Medium,Brown Ann,EXPENSIVE,GOOD,1978.0,,,
10316.0,25.0,92.25,16.0,2306.25,11/1/2004,Shipped,Qui_4,11.0,2004.0,Vintage Cars,83.0,S24_3816,Office Supplies,Pen,giftsbymail.co.uk,(198) 555-8888,Garden House Crowther Way,Unknown,Cowes,Isle of Wight,PO31 7PJ,UK,EMEA,Bennett,Helen,Small,Bennett Helen,EXPENSIVE,GOOD,1974.0,,,
10314.0,23.0,76.22,2.0,1753.06,10/22/2004,Shipped,Qui_4,10.0,2004.0,Ships,86.0,S700_1938,Technology,Desktop,Heintze Collectables,86 21 3555,Smagsloget 45,Unknown,Aaarhus,,8200,Denmark,EMEA,Ibsen,Palle,Small,Ibsen Palle,EXPENSIVE,GOOD,1992.0,,,
10390.0,31.0,98.99,16.0,3068.69,3/4/2005,Shipped,Qui_1,3.0,2005.0,Vintage Cars,127.0,S18_2325,Furniture,Table,Mini Gifts Distributors Ltd.,4155551450,5677 Strong St.,Unknown,San Rafael,CA,97562,USA,,Nelson,Valarie,Medium,Nelson Valarie,EXPENSIVE,GOOD,1964.0,,,
10318.0,48.0,100.0,2.0,6437.28,11/2/2004,Shipped,Qui_4,11.0,2004.0,Motorcycles,112.0,S24_1578,Office Supplies,Eraser,Diecast Classics Inc.,2155551555,7586 Pompton St.,Unknown,Allentown,PA,70267,USA,,Yu,Kyung,Medium,Yu Kyung,EXPENSIVE,GOOD,1978.0,,,
10198.0,42.0,100.0,1.0,4774.56,11/27/2003,Shipped,Qui_4,11.0,2003.0,Planes,99.0,S700_2466,Technology,Smart watch,Cruz & Sons Co.,+63 2 555 3587,15 McCallum Street - NatWest Center #13-03,Unknown,Makati City,,1227 MM,Philippines,Japan,Cruz,Arnold,Medium,Cruz Arnold,EXPENSIVE,GOOD,1980.0,,,
10253.0,23.0,83.93,9.0,1930.39,6/1/2004,Cancelled,Qui_2,6.0,2004.0,Classic Cars,77.0,S18_1889,Furniture,Bookshelf,"UK Collectables, Ltd.",(171) 555-2282,Berkeley Gardens 12  Brewery,Unknown,Liverpool,,WX1 6LT,UK,EMEA,Devon,Elizabeth,Small,Devon Elizabeth,EXPENSIVE,GOOD,1980.0,,,
10128.0,43.0,92.16,1.0,3962.88,6/6/2003,Shipped,Qui_2,6.0,2003.0,Vintage Cars,87.0,S18_4522,Furniture,Table,Euro Shopping Channel,(91) 555 94 44,"C/ Moralzarzal, 86",Unknown,Madrid,,28034,Spain,EMEA,Freyre,Diego,Medium,Freyre Diego,EXPENSIVE,GOOD,1970.0,,,
10377.0,35.0,100.0,2.0,5895.05,2/9/2005,Shipped,Qui_1,2.0,2005.0,Classic Cars,141.0,S18_1129,Furniture,Table,"Toys of Finland, Co.",90-224 8555,Keskuskatu 45,Unknown,Helsinki,,21240,Finland,EMEA,Karttunen,Matti,Medium,Karttunen Matti,EXPENSIVE,GOOD,1995.0,,,
10122.0,35.0,49.74,16.0,1740.9,5/8/2003,Shipped,Qui_2,5.0,2003.0,Motorcycles,62.0,S18_3782,Furniture,Bookshelf,Marseille Mini Autos,91.24.4555,"12, rue des Bouchers",Unknown,Marseille,,13008,France,EMEA,Lebihan,Laurence,Small,Lebihan Laurence,CHEAP,GOOD,1965.0,,,
10153.0,49.0,100.0,10.0,7036.89,9/28/2003,Shipped,Qui_3,9.0,2003.0,Classic Cars,173.0,S12_3891,Furniture,Bookshelf,Euro Shopping Channel,(91) 555 94 44,"C/ Moralzarzal, 86",Unknown,Madrid,,28034,Spain,EMEA,Freyre,Diego,Large,Freyre Diego,EXPENSIVE,GOOD,1984.0,,,
10306.0,46.0,50.33,17.0,2315.18,10/14/2004,Shipped,Qui_4,10.0,2004.0,Trains,62.0,S32_3207,Office Supplies,Pen,"AV Stores, Co.",(171) 555-1555,Fauntleroy Circus,Unknown,Manchester,,EC2 5NT,UK,EMEA,Ashworth,Victoria,Small,Ashworth Victoria,CHEAP,GOOD,1970.0,,,
10299.0,38.0,100.0,7.0,4382.16,9/30/2004,Shipped,Qui_3,9.0,2004.0,Motorcycles,102.0,S32_4485,Office Supplies,Ruler,"Toys of Finland, Co.",90-224 8555,Keskuskatu 45,Unknown,Helsinki,,21240,Finland,EMEA,Karttunen,Matti,Medium,Karttunen Matti,EXPENSIVE,GOOD,1966.0,,,
10232.0,48.0,96.16,1.0,4615.68,3/20/2004,Shipped,Qui_1,3.0,2004.0,Ships,100.0,S700_3505,Technology,Laptop,giftsbymail.co.uk,(198) 555-8888,Garden House Crowther Way,Unknown,Cowes,Isle of Wight,PO31 7PJ,UK,EMEA,Bennett,Helen,Medium,Bennett Helen,EXPENSIVE,GOOD,1977.0,,,
10151.0,42.0,100.0,8.0,5098.8,9/21/2003,Shipped,Qui_3,9.0,2003.0,Trucks and Buses,127.0,S24_2300,Office Supplies,Pen,"Oulu Toy Supplies, Inc.",981-443655,Torikatu 38,Unknown,Oulu,,90110,Finland,EMEA,Koskitalo,Pirkko,Medium,Koskitalo Pirkko,EXPENSIVE,GOOD,1972.0,,,
10273.0,30.0,100.0,4.0,3508.8,7/21/2004,Shipped,Qui_3,7.0,2004.0,Classic Cars,136.0,S10_4757,Furniture,Desk,Petit Auto,(02) 5554 67,Rue Joseph-Bens 532,Unknown,Bruxelles,,B-1180,Belgium,EMEA,Dewey,Catherine,Medium,Dewey Catherine,EXPENSIVE,GOOD,1964.0,,,
10263.0,37.0,62.46,7.0,2311.02,6/28/2004,Shipped,Qui_2,6.0,2004.0,Motorcycles,76.0,S24_2000,Office Supplies,Pen,Gift Depot Inc.,2035552570,25593 South Bay Ln.,Unknown,Bridgewater,CT,97562,USA,,King,Julie,Small,King Julie,CHEAP,GOOD,1963.0,,,
10336.0,45.0,100.0,4.0,5972.4,11/20/2004,Shipped,Qui_4,11.0,2004.0,Classic Cars,57.0,S24_1444,Office Supplies,Pencil,"La Corne D'abondance, Co.",(1) 42.34.2555,"265, boulevard Charonne",Unknown,Paris,,75012,France,EMEA,Bertrand,Marie,Medium,Bertrand Marie,EXPENSIVE,GOOD,1970.0,,,
10349.0,48.0,100.0,6.0,7396.8,12/1/2004,Shipped,Qui_4,12.0,2004.0,Classic Cars,169.0,S18_3232,Furniture,Table,Muscle Machine Inc,2125557413,4092 Furth Circle,Suite 400,NYC,NY,10022,USA,,Young,Jeff,Large,Young Jeff,EXPENSIVE,GOOD,1960.0,,,
10170.0,20.0,63.14,2.0,1262.8,11/4/2003,Shipped,Qui_4,11.0,2003.0,Classic Cars,77.0,S18_1889,Furniture,Bookshelf,Mini Auto Werke,7675-3555,Kirchgasse 6,Unknown,Graz,,8010,Austria,EMEA,Mendel,Roland,Small,Mendel Roland,CHEAP,GOOD,1980.0,,,
10320.0,31.0,100.0,3.0,6876.11,11/3/2004,Shipped,Qui_4,11.0,2004.0,Classic Cars,194.0,S12_1099,Furniture,Bookshelf,"Volvo Model Replicas, Co",0921-12 3555,Berguvsv„gen  8,Unknown,Lule,,S-958 22,Sweden,EMEA,Berglund,Christina,Medium,Berglund Christina,EXPENSIVE,GOOD,1967.0,,,
10175.0,48.0,100.0,4.0,5891.04,11/6/2003,Shipped,Qui_4,11.0,2003.0,Trucks and Buses,122.0,S18_2319,Furniture,Chair,"Stylish Desk Decors, Co.",(171) 555-0297,35 King George,Unknown,London,,WX3 6FW,UK,EMEA,Brown,Ann,Medium,Brown Ann,EXPENSIVE,GOOD,1987.0,,,
10145.0,43.0,95.8,7.0,4119.4,8/25/2003,Shipped,Qui_3,8.0,2003.0,Motorcycles,112.0,S24_1578,Office Supplies,Eraser,Toys4GrownUps.com,6265557265,78934 Hillside Dr.,Unknown,Pasadena,CA,90003,USA,,Young,Julie,Medium,Young Julie,EXPENSIVE,GOOD,1980.0,,,
10223.0,25.0,100.0,14.0,2534.75,2/20/2004,Shipped,Qui_1,2.0,2004.0,Planes,91.0,S700_1691,Technology,Smart phone,"Australian Collectors, Co.",03 9520 4555,636 St Kilda Road,Level 3,Melbourne,Victoria,3004,Australia,APAC,Ferguson,Peter,Small,Ferguson Peter,EXPENSIVE,GOOD,1991.0,,,
10182.0,20.0,100.0,13.0,2395.8,11/12/2003,Shipped,Qui_4,11.0,2003.0,Classic Cars,117.0,S24_2887,Office Supplies,Ruler,Mini Gifts Distributors Ltd.,4155551450,5677 Strong St.,Unknown,San Rafael,CA,97562,USA,,Nelson,Valarie,Small,Nelson Valarie,EXPENSIVE,GOOD,1967.0,,,
10165.0,32.0,100.0,17.0,4661.76,10/22/2003,Shipped,Qui_4,10.0,2003.0,Trucks and Buses,127.0,S24_2300,Office Supplies,Pen,"Dragon Souveniers, Ltd.",+65 221 7555,"Bronz Sok., Bronz Apt. 3/6 Tesvikiye",Unknown,Singapore,,79903,Singapore,Japan,Natividad,Eric,Medium,Natividad Eric,EXPENSIVE,GOOD,1984.0,,,
10204.0,33.0,100.0,4.0,5890.5,12/2/2003,Shipped,Qui_4,12.0,2003.0,Vintage Cars,170.0,S18_1749,Furniture,Desk,Muscle Machine Inc,2125557413,4092 Furth Circle,Suite 400,NYC,NY,10022,USA,,Young,Jeff,Medium,Young Jeff,EXPENSIVE,GOOD,1989.0,,,
10139.0,30.0,100.0,5.0,3095.4,7/16/2003,Shipped,Qui_3,7.0,2003.0,Vintage Cars,99.0,S18_3320,Furniture,Table,Souveniers And Things Co.,+61 2 9495 8555,"Monitor Money Building, 815 Pacific Hwy",Level 6,Chatswood,NSW,2067,Australia,APAC,Huxley,Adrian,Medium,Huxley Adrian,EXPENSIVE,GOOD,1985.0,,,
10215.0,41.0,100.0,8.0,4555.92,1/29/2004,Shipped,Qui_1,1.0,2004.0,Vintage Cars,99.0,S18_3320,Furniture,Table,West Coast Collectables Co.,3105553722,3675 Furth Circle,Unknown,Burbank,CA,94019,USA,,Thompson,Steve,Medium,Thompson Steve,EXPENSIVE,GOOD,1968.0,,,
10342.0,39.0,40.4,9.0,1575.6,11/24/2004,Shipped,Qui_4,11.0,2004.0,Classic Cars,37.0,S24_2972,Office Supplies,Eraser,"Australian Collectors, Co.",03 9520 4555,636 St Kilda Road,Level 3,Melbourne,Victoria,3004,Australia,APAC,Ferguson,Peter,Small,Ferguson Peter,CHEAP,GOOD,1970.0,,,
10332.0,39.0,86.72,7.0,3382.08,11/17/2004,Shipped,Qui_4,11.0,2004.0,Classic Cars,90.0,S24_2766,Office Supplies,Eraser,"AV Stores, Co.",(171) 555-1555,Fauntleroy Circus,Unknown,Manchester,,EC2 5NT,UK,EMEA,Ashworth,Victoria,Medium,Ashworth Victoria,EXPENSIVE,GOOD,2000.0,,,
10282.0,41.0,100.0,5.0,7071.27,8/20/2004,Shipped,Qui_3,8.0,2004.0,Classic Cars,207.0,S12_1108,Furniture,Chair,Mini Gifts Distributors Ltd.,4155551450,5677 Strong St.,Unknown,San Rafael,CA,97562,USA,,Nelson,Valarie,Large,Nelson Valarie,EXPENSIVE,GOOD,1985.0,,,
10282.0,31.0,100.0,8.0,4674.8,8/20/2004,Shipped,Qui_3,8.0,2004.0,Classic Cars,143.0,S18_4027,Furniture,Table,Mini Gifts Distributors Ltd.,4155551450,5677 Strong St.,Unknown,San Rafael,CA,97562,USA,,Nelson,Valarie,Medium,Nelson Valarie,EXPENSIVE,GOOD,1973.0,,,
10412.0,26.0,100.0,3.0,3460.86,5/3/2005,Shipped,Qui_2,5.0,2005.0,Trucks and Buses,115.0,S50_1392,Accessories,Adapter,Euro Shopping Channel,(91) 555 94 44,"C/ Moralzarzal, 86",Unknown,Madrid,,28034,Spain,EMEA,Freyre,Diego,Medium,Freyre Diego,EXPENSIVE,GOOD,1992.0,,,
10122.0,29.0,71.14,14.0,2063.06,5/8/2003,Shipped,Qui_2,5.0,2003.0,Classic Cars,80.0,S24_4620,Office Supplies,Lamp,Marseille Mini Autos,91.24.4555,"12, rue des Bouchers",Unknown,Marseille,,13008,France,EMEA,Lebihan,Laurence,Small,Lebihan Laurence,EXPENSIVE,GOOD,1969.0,,,
10135.0,42.0,100.0,9.0,5432.7,7/2/2003,Shipped,Qui_3,7.0,2003.0,Classic Cars,146.0,S18_3482,Furniture,Bookshelf,Mini Gifts Distributors Ltd.,4155551450,5677 Strong St.,Unknown,San Rafael,CA,97562,USA,,Nelson,Valarie,Medium,Nelson Valarie,EXPENSIVE,GOOD,1977.0,,,
10326.0,50.0,86.01,5.0,4300.5,11/9/2004,Shipped,Qui_4,11.0,2004.0,Vintage Cars,87.0,S18_4522,Furniture,Table,"Volvo Model Replicas, Co",0921-12 3555,Berguvsv„gen  8,Unknown,Lule,,S-958 22,Sweden,EMEA,Berglund,Christina,Medium,Berglund Christina,EXPENSIVE,EXCELLENT,1965.0,,,
10328.0,43.0,60.86,4.0,2616.98,11/12/2004,Shipped,Qui_4,11.0,2004.0,Planes,72.0,S24_4278,Office Supplies,Eraser,Rovelli Gifts,035-640555,Via Ludovico il Moro 22,Unknown,Bergamo,,24100,Italy,EMEA,Rovelli,Giovanni,Small,Rovelli Giovanni,CHEAP,GOOD,1965.0,,,
10352.0,49.0,52.64,4.0,2579.36,12/3/2004,Shipped,Qui_4,12.0,2004.0,Planes,49.0,S72_1253,Accessories,Keyboard,Auto-Moto Classics Inc.,6175558428,16780 Pompton St.,Unknown,Brickhaven,MA,58339,USA,,Taylor,Leslie,Small,Taylor Leslie,CHEAP,GOOD,1969.0,,,
10266.0,21.0,100.0,6.0,2526.51,7/6/2004,Shipped,Qui_3,7.0,2004.0,Classic Cars,141.0,S18_1129,Furniture,Table,L'ordine Souveniers,0522-556555,Strada Provinciale 124,Unknown,Reggio Emilia,,42100,Italy,EMEA,Moroni,Maurizio,Small,Moroni Maurizio,EXPENSIVE,GOOD,1984.0,,,
10181.0,27.0,100.0,14.0,5411.07,11/12/2003,Shipped,Qui_4,11.0,2003.0,Classic Cars,194.0,S12_1099,Furniture,Bookshelf,Herkku Gifts,+47 2267 3215,"Drammen 121, PR 744 Sentrum",Unknown,Bergen,,N 5804,Norway,EMEA,Oeztan,Veysel,Medium,Oeztan Veysel,EXPENSIVE,GOOD,1970.0,,,
10334.0,34.0,61.38,1.0,2086.92,11/19/2004,On Hold,Qui_4,11.0,2004.0,Trucks and Buses,60.0,S18_2432,Furniture,Table,"Volvo Model Replicas, Co",0921-12 3555,Berguvsv„gen  8,Unknown,Lule,,S-958 22,Sweden,EMEA,Berglund,Christina,Small,Berglund Christina,CHEAP,GOOD,1974.0,,,
10384.0,43.0,97.87,2.0,4208.41,2/23/2005,Shipped,Qui_1,2.0,2005.0,Vintage Cars,88.0,S24_3151,Office Supplies,Pencil,Corporate Gift Ideas Co.,6505551386,7734 Strong St.,Unknown,San Francisco,CA,,USA,,Brown,Julie,Medium,Brown Julie,EXPENSIVE,GOOD,1963.0,,,
10224.0,37.0,80.34,4.0,2972.58,2/21/2004,Shipped,Qui_1,2.0,2004.0,Motorcycles,69.0,S24_2360,Office Supplies,Eraser,Daedalus Designs Imports,20.16.1555,"184, chausse de Tournai",Unknown,Lille,,59000,France,EMEA,Rance,Martine,Small,Rance Martine,EXPENSIVE,GOOD,1961.0,,,
10409.0,61.0,29.54,1.0,1801.94,4/23/2005,Shipped,Qui_2,4.0,2005.0,Vintage Cars,33.0,S24_1937,Office Supplies,Lamp,Handji Gifts& Co,+65 224 1555,Village Close - 106 Linden Road Sandown,2nd Floor,Singapore,,69045,Singapore,APAC,Victorino,Wendy,Small,Victorino Wendy,CHEAP,EXCELLENT,1990.0,,,
10373.0,39.0,100.0,3.0,4046.25,1/31/2005,Shipped,Qui_1,1.0,2005.0,Classic Cars,136.0,S10_4757,Furniture,Desk,"Oulu Toy Supplies, Inc.",981-443655,Torikatu 38,Unknown,Oulu,,90110,Finland,EMEA,Koskitalo,Pirkko,Medium,Koskitalo Pirkko,EXPENSIVE,GOOD,1977.0,,,
10211.0,46.0,54.09,8.0,2488.14,1/15/2004,Shipped,Qui_1,1.0,2004.0,Motorcycles,62.0,S18_3782,Furniture,Bookshelf,Auto Canal Petit,(1) 47.55.6555,"25, rue Lauriston",Unknown,Paris,,75016,France,EMEA,Perrier,Dominique,Small,Perrier Dominique,CHEAP,GOOD,1988.0,,,
10232.0,23.0,89.53,5.0,2059.19,3/20/2004,Shipped,Qui_1,3.0,2004.0,Vintage Cars,87.0,S18_4522,Furniture,Table,giftsbymail.co.uk,(198) 555-8888,Garden House Crowther Way,Unknown,Cowes,Isle of Wight,PO31 7PJ,UK,EMEA,Bennett,Helen,Small,Bennett Helen,EXPENSIVE,GOOD,1969.0,,,
10300.0,31.0,58.78,4.0,1822.18,10/4/2003,Shipped,Qui_4,10.0,2003.0,Classic Cars,61.0,S24_3371,Office Supplies,Eraser,"Blauer See Auto, Co.",+49 69 66 90 2555,Lyonerstr. 34,Unknown,Frankfurt,,60528,Germany,EMEA,Keitel,Roland,Small,Keitel Roland,CHEAP,GOOD,1971.0,,,
10311.0,25.0,83.04,5.0,2076.0,10/16/2004,Shipped,Qui_4,10.0,2004.0,Classic Cars,85.0,S24_3191,Office Supplies,Ruler,Euro Shopping Channel,(91) 555 94 44,"C/ Moralzarzal, 86",Unknown,Madrid,,28034,Spain,EMEA,Freyre,Diego,Small,Freyre Diego,EXPENSIVE,GOOD,1979.0,,,
10164.0,45.0,100.0,3.0,5012.55,10/21/2003,Resolved,Qui_4,10.0,2003.0,Trucks and Buses,121.0,S18_4600,Furniture,Chair,Mini Auto Werke,7675-3555,Kirchgasse 6,Unknown,Graz,,8010,Austria,EMEA,Mendel,Roland,Medium,Mendel Roland,EXPENSIVE,GOOD,1975.0,,,
10245.0,38.0,100.0,6.0,5920.4,5/4/2004,Shipped,Qui_2,5.0,2004.0,Trucks and Buses,136.0,S12_1666,Furniture,Cabinet,Super Scale Inc.,2035559545,567 North Pendale Street,Unknown,New Haven,CT,97823,USA,,Murphy,Leslie,Medium,Murphy Leslie,EXPENSIVE,GOOD,1976.0,,,
10411.0,27.0,100.0,8.0,3213.0,5/1/2005,Shipped,Qui_2,5.0,2005.0,Trucks and Buses,116.0,S18_1097,Furniture,Bookshelf,Quebec Home Shopping Network,(514) 555-8054,43 rue St. Laurent,Unknown,Montreal,Quebec,H1J 1C3,Canada,,Fresnisre,Jean,Medium,Fresnisre Jean,EXPENSIVE,GOOD,1979.0,,,
10205.0,40.0,100.0,3.0,7492.4,12/3/2003,Shipped,Qui_4,12.0,2003.0,Vintage Cars,168.0,S18_2795,Furniture,Bookshelf,Euro Shopping Channel,(91) 555 94 44,"C/ Moralzarzal, 86",Unknown,Madrid,,28034,Spain,EMEA,Freyre,Diego,Large,Freyre Diego,EXPENSIVE,GOOD,1975.0,,,
10134.0,30.0,61.78,6.0,1853.4,7/1/2003,Shipped,Qui_3,7.0,2003.0,Motorcycles,60.0,S18_2625,Furniture,Table,Lyon Souveniers,+33 1 46 62 7555,27 rue du Colonel Pierre Avia,Unknown,Paris,,75508,France,EMEA,Da Cunha,Daniel,Small,DaCunha Daniel,CHEAP,GOOD,1972.0,,,
10358.0,42.0,64.16,9.0,2694.72,12/10/2004,Shipped,Qui_4,12.0,2004.0,Trucks and Buses,118.0,S12_4473,Furniture,Cabinet,Euro Shopping Channel,(91) 555 94 44,"C/ Moralzarzal, 86",Unknown,Madrid,,28034,Spain,EMEA,Freyre,Diego,Small,Freyre Diego,CHEAP,GOOD,1970.0,,,
10324.0,30.0,100.0,9.0,3338.1,11/5/2004,Shipped,Qui_4,11.0,2004.0,Classic Cars,35.0,S24_2840,Office Supplies,Pencil,Vitachrome Inc.,2125551500,2678 Kingston Rd.,Suite 101,NYC,NY,10022,USA,,Frick,Michael,Medium,Frick Michael,EXPENSIVE,GOOD,1962.0,,,
10178.0,42.0,100.0,4.0,6490.68,11/8/2003,Shipped,Qui_4,11.0,2003.0,Planes,157.0,S18_1662,Furniture,Cabinet,Alpha Cognac,61.77.6555,1 rue Alsace-Lorraine,Unknown,Toulouse,,31000,France,EMEA,Roulet,Annette,Medium,Roulet Annette,EXPENSIVE,GOOD,1962.0,,,
10307.0,25.0,75.36,2.0,1884.0,10/14/2004,Shipped,Qui_4,10.0,2004.0,Planes,68.0,S24_2841,Office Supplies,Pencil,"Classic Gift Ideas, Inc",2155554695,782 First Street,Unknown,Philadelphia,PA,71270,USA,,Cervantes,Francisca,Small,Cervantes Francisca,EXPENSIVE,GOOD,1982.0,,,
10287.0,36.0,100.0,7.0,4297.32,8/30/2004,Shipped,Qui_3,8.0,2004.0,Classic Cars,140.0,S24_3856,Office Supplies,Pencil,"Vida Sport, Ltd",0897-034555,Grenzacherweg 237,Unknown,Gensve,,1203,Switzerland,EMEA,Holz,Michael,Medium,Holz Michael,EXPENSIVE,GOOD,1962.0,,,
10314.0,38.0,100.0,10.0,4000.26,10/22/2004,Shipped,Qui_4,10.0,2004.0,Classic Cars,118.0,S24_4048,Office Supplies,Pencil,Heintze Collectables,86 21 3555,Smagsloget 45,Unknown,Aaarhus,,8200,Denmark,EMEA,Ibsen,Palle,Medium,Ibsen Palle,EXPENSIVE,GOOD,1967.0,,,
10318.0,42.0,52.7,5.0,2213.4,11/2/2004,Shipped,Qui_4,11.0,2004.0,Motorcycles,60.0,S18_2625,Furniture,Table,Diecast Classics Inc.,2155551555,7586 Pompton St.,Unknown,Allentown,PA,70267,USA,,Yu,Kyung,Small,Yu Kyung,CHEAP,GOOD,1985.0,,,
10248.0,42.0,75.48,11.0,3170.16,5/7/2004,Cancelled,Qui_2,5.0,2004.0,Vintage Cars,87.0,S18_4522,Furniture,Table,Land of Toys Inc.,2125557818,897 Long Airport Avenue,Unknown,NYC,NY,10022,USA,,Yu,Kwai,Medium,Yu Kwai,EXPENSIVE,GOOD,1962.0,,,
10369.0,44.0,100.0,8.0,9240.44,1/20/2005,Shipped,Qui_1,1.0,2005.0,Vintage Cars,102.0,S18_1342,Furniture,Desk,Collectables For Less Inc.,6175558555,7825 Douglas Av.,Unknown,Brickhaven,MA,58339,USA,,Nelson,Allen,Large,Nelson Allen,EXPENSIVE,GOOD,1970.0,,,
10131.0,35.0,67.14,5.0,2349.9,6/16/2003,Shipped,Qui_2,6.0,2003.0,Planes,68.0,S24_2841,Office Supplies,Pencil,Gift Ideas Corp.,2035554407,2440 Pompton St.,Unknown,Glendale,CT,97561,USA,,Lewis,Dan,Small,Lewis Dan,EXPENSIVE,GOOD,1968.0,,,
10119.0,29.0,94.14,7.0,2730.06,4/28/2003,Shipped,Qui_2,4.0,2003.0,Ships,90.0,S700_2047,Technology,Tablet,Salzburg Collectables,6562-9555,Geislweg 14,Unknown,Salzburg,,5020,Austria,EMEA,Pipps,Georg,Small,Pipps Georg,EXPENSIVE,GOOD,1977.0,,,
10396.0,45.0,100.0,5.0,4739.4,3/23/2005,Shipped,Qui_1,3.0,2005.0,Vintage Cars,87.0,S18_4522,Furniture,Table,Mini Gifts Distributors Ltd.,4155551450,5677 Strong St.,Unknown,San Rafael,CA,97562,USA,,Nelson,Valarie,Medium,Nelson Valarie,EXPENSIVE,GOOD,1972.0,,,
10371.0,26.0,100.0,1.0,4044.04,1/23/2005,Shipped,Qui_1,1.0,2005.0,Trucks and Buses,96.0,S32_1268,Office Supplies,Eraser,Mini Gifts Distributors Ltd.,4155551450,5677 Strong St.,Unknown,San Rafael,CA,97562,USA,,Nelson,Valarie,Medium,Nelson Valarie,EXPENSIVE,GOOD,1977.0,,,
10310.0,20.0,91.63,6.0,1832.6,10/16/2004,Shipped,Qui_4,10.0,2004.0,Classic Cars,77.0,S18_1889,Furniture,Bookshelf,"Toms Spezialitten, Ltd",0221-5554327,Mehrheimerstr. 369,Unknown,Koln,,50739,Germany,EMEA,Pfalzheim,Henriette,Small,Pfalzheim Henriette,EXPENSIVE,GOOD,1966.0,,,
10173.0,28.0,53.72,2.0,1504.16,11/5/2003,Shipped,Qui_4,11.0,2003.0,Vintage Cars,62.0,S18_2957,Furniture,Desk,Rovelli Gifts,035-640555,Via Ludovico il Moro 22,Unknown,Bergamo,,24100,Italy,EMEA,Rovelli,Giovanni,Small,Rovelli Giovanni,CHEAP,GOOD,1960.0,,,
10177.0,35.0,74.6,8.0,2611.0,11/7/2003,Shipped,Qui_4,11.0,2003.0,Vintage Cars,87.0,S18_4522,Furniture,Table,CAF Imports,+34 913 728 555,"Merchants House, 27-30 Merchant's Quay",Unknown,Madrid,,28023,Spain,EMEA,Fernandez,Jesus,Small,Fernandez Jesus,EXPENSIVE,GOOD,1967.0,,,
10288.0,36.0,66.14,11.0,2381.04,9/1/2004,Shipped,Qui_3,9.0,2004.0,Classic Cars,73.0,S24_1046,Office Supplies,Pencil,Handji Gifts& Co,+65 224 1555,Village Close - 106 Linden Road Sandown,2nd Floor,Singapore,,69045,Singapore,APAC,Victorino,Wendy,Small,Victorino Wendy,EXPENSIVE,GOOD,1997.0,,,
10361.0,44.0,72.42,5.0,3186.48,12/17/2004,Shipped,Qui_4,12.0,2004.0,Planes,118.0,S700_2834,Technology,Desktop,Souveniers And Things Co.,+61 2 9495 8555,"Monitor Money Building, 815 Pacific Hwy",Level 6,Chatswood,NSW,2067,Australia,APAC,Huxley,Adrian,Medium,Huxley Adrian,EXPENSIVE,GOOD,1961.0,,,
10106.0,39.0,40.15,6.0,1565.85,2/17/2003,Shipped,Qui_1,2.0,2003.0,Vintage Cars,43.0,S50_1341,Accessories,Keyboard,Rovelli Gifts,035-640555,Via Ludovico il Moro 22,Unknown,Bergamo,,24100,Italy,EMEA,Rovelli,Giovanni,Small,Rovelli Giovanni,CHEAP,GOOD,1998.0,,,
10114.0,42.0,100.0,10.0,4758.18,4/1/2003,Shipped,Qui_2,4.0,2003.0,Classic Cars,101.0,S700_2824,Technology,Desktop,"La Corne D'abondance, Co.",(1) 42.34.2555,"265, boulevard Charonne",Unknown,Paris,,75012,France,EMEA,Bertrand,Marie,Medium,Bertrand Marie,EXPENSIVE,GOOD,1968.0,,,
10304.0,37.0,95.55,13.0,3535.35,10/11/2004,Shipped,Qui_4,10.0,2004.0,Vintage Cars,102.0,S18_1342,Furniture,Desk,Auto Assoc. & Cie.,30.59.8555,"67, avenue de l'Europe",Unknown,Versailles,,78000,France,EMEA,Tonini,Daniel,Medium,Tonini Daniel,EXPENSIVE,GOOD,1972.0,,,
10180.0,34.0,45.46,4.0,1545.64,11/11/2003,Shipped,Qui_4,11.0,2003.0,Motorcycles,40.0,S32_2206,Office Supplies,Pen,Daedalus Designs Imports,20.16.1555,"184, chausse de Tournai",Unknown,Lille,,59000,France,EMEA,Rance,Martine,Small,Rance Martine,CHEAP,GOOD,1961.0,,,
10124.0,22.0,77.9,12.0,1713.8,5/21/2003,Shipped,Qui_2,5.0,2003.0,Classic Cars,73.0,S24_1046,Office Supplies,Pencil,Signal Gift Stores,7025551838,8489 Strong St.,Unknown,Las Vegas,NV,83030,USA,,King,Sue,Small,King Sue,EXPENSIVE,GOOD,1963.0,,,
10208.0,48.0,100.0,11.0,5614.56,1/2/2004,Shipped,Qui_1,1.0,2004.0,Trains,100.0,S18_3259,Furniture,Desk,"Saveley & Henriot, Co.",78.32.5555,"2, rue du Commerce",Unknown,Lyon,,69004,France,EMEA,Saveley,Mary,Medium,Saveley Mary,EXPENSIVE,GOOD,1969.0,,,
10159.0,21.0,81.21,5.0,1705.41,10/10/2003,Shipped,Qui_4,10.0,2003.0,Classic Cars,80.0,S18_3278,Furniture,Cabinet,Corporate Gift Ideas Co.,6505551386,7734 Strong St.,Unknown,San Francisco,CA,,USA,,Brown,Julie,Small,Brown Julie,EXPENSIVE,GOOD,1978.0,,,
10341.0,36.0,93.56,10.0,3368.16,11/24/2004,Shipped,Qui_4,11.0,2004.0,Classic Cars,79.0,S12_3990,Furniture,Bookshelf,Salzburg Collectables,6562-9555,Geislweg 14,Unknown,Salzburg,,5020,Austria,EMEA,Pipps,Georg,Medium,Pipps Georg,EXPENSIVE,GOOD,1976.0,,,
10353.0,43.0,81.95,6.0,3523.85,12/4/2004,Shipped,Qui_4,12.0,2004.0,Planes,80.0,S700_3167,Technology,Smart watch,Gift Ideas Corp.,2035554407,2440 Pompton St.,Unknown,Glendale,CT,97561,USA,,Lewis,Dan,Medium,Lewis Dan,EXPENSIVE,GOOD,1960.0,,,
10204.0,40.0,100.0,13.0,4032.0,12/2/2003,Shipped,Qui_4,12.0,2003.0,Classic Cars,124.0,S18_1589,Furniture,Bookshelf,Muscle Machine Inc,2125557413,4092 Furth Circle,Suite 400,NYC,NY,10022,USA,,Young,Jeff,Medium,Young Jeff,EXPENSIVE,GOOD,1997.0,,,
10378.0,28.0,100.0,9.0,4609.64,2/10/2005,Shipped,Qui_1,2.0,2005.0,Motorcycles,62.0,S18_3782,Furniture,Bookshelf,Euro Shopping Channel,(91) 555 94 44,"C/ Moralzarzal, 86",Unknown,Madrid,,28034,Spain,EMEA,Freyre,Diego,Medium,Freyre Diego,EXPENSIVE,GOOD,1989.0,,,
10388.0,46.0,100.0,2.0,10066.6,3/3/2005,Shipped,Qui_1,3.0,2005.0,Planes,91.0,S700_1691,Technology,Smart phone,FunGiftIdeas.com,5085552555,1785 First Street,Unknown,New Bedford,MA,50553,USA,,Benitez,Violeta,Large,Benitez Violeta,EXPENSIVE,GOOD,1985.0,,,
10207.0,47.0,100.0,16.0,6658.02,12/9/2003,Shipped,Qui_4,12.0,2003.0,Trucks and Buses,121.0,S18_4600,Furniture,Chair,Diecast Collectables,6175552555,6251 Ingle Ln.,Unknown,Boston,MA,51003,USA,,Franco,Valarie,Medium,Franco Valarie,EXPENSIVE,GOOD,2000.0,,,
10192.0,29.0,100.0,7.0,4258.36,11/20/2003,Shipped,Qui_4,11.0,2003.0,Classic Cars,124.0,S18_1589,Furniture,Bookshelf,Online Diecast Creations Co.,6035558647,2304 Long Airport Avenue,Unknown,Nashua,NH,62005,USA,,Young,Valarie,Medium,Young Valarie,EXPENSIVE,GOOD,1995.0,,,
10414.0,47.0,65.52,9.0,3079.44,5/6/2005,On Hold,Qui_2,5.0,2005.0,Ships,54.0,S72_3212,Accessories,Headphone,Gifts4AllAges.com,6175559555,8616 Spinnaker Dr.,Unknown,Boston,MA,51003,USA,,Yoshido,Juri,Medium,Yoshido Juri,EXPENSIVE,GOOD,1962.0,,,
10117.0,39.0,100.0,8.0,5938.14,4/16/2003,Shipped,Qui_2,4.0,2003.0,Classic Cars,173.0,S12_3891,Furniture,Bookshelf,"Dragon Souveniers, Ltd.",+65 221 7555,"Bronz Sok., Bronz Apt. 3/6 Tesvikiye",Unknown,Singapore,,79903,Singapore,Japan,Natividad,Eric,Medium,Natividad Eric,EXPENSIVE,GOOD,1976.0,,,
10266.0,33.0,100.0,4.0,5035.14,7/6/2004,Shipped,Qui_3,7.0,2004.0,Classic Cars,141.0,S18_3685,Furniture,Bookshelf,L'ordine Souveniers,0522-556555,Strada Provinciale 124,Unknown,Reggio Emilia,,42100,Italy,EMEA,Moroni,Maurizio,Medium,Moroni Maurizio,EXPENSIVE,GOOD,1979.0,,,
10147.0,33.0,97.89,4.0,3230.37,9/5/2003,Shipped,Qui_3,9.0,2003.0,Classic Cars,115.0,S12_4675,Furniture,Cabinet,Collectables For Less Inc.,6175558555,7825 Douglas Av.,Unknown,Brickhaven,MA,58339,USA,,Nelson,Allen,Medium,Nelson Allen,EXPENSIVE,GOOD,1968.0,,,
10259.0,30.0,49.22,10.0,1476.6,6/15/2004,Shipped,Qui_2,6.0,2004.0,Trucks and Buses,60.0,S18_2432,Furniture,Table,Handji Gifts& Co,+65 224 1555,Village Close - 106 Linden Road Sandown,2nd Floor,Singapore,,69045,Singapore,APAC,Victorino,Wendy,Small,Victorino Wendy,CHEAP,GOOD,1974.0,,,
10403.0,46.0,100.0,8.0,5287.7,4/8/2005,Shipped,Qui_2,4.0,2005.0,Motorcycles,112.0,S24_1578,Office Supplies,Eraser,"UK Collectables, Ltd.",(171) 555-2282,Berkeley Gardens 12  Brewery,Unknown,Liverpool,,WX1 6LT,UK,EMEA,Devon,Elizabeth,Medium,Devon Elizabeth,EXPENSIVE,GOOD,1975.0,,,
10140.0,37.0,100.0,11.0,7374.1,7/24/2003,Shipped,Qui_3,7.0,2003.0,Classic Cars,214.0,S10_1949,Furniture,Desk,Technics Stores Inc.,6505556809,9408 Furth Circle,Unknown,Burlingame,CA,94217,USA,,Hirano,Juri,Large,Hirano Juri,EXPENSIVE,GOOD,1993.0,,,
10321.0,30.0,70.55,3.0,2116.5,11/4/2004,Shipped,Qui_4,11.0,2004.0,Classic Cars,73.0,S24_1046,Office Supplies,Pencil,FunGiftIdeas.com,5085552555,1785 First Street,Unknown,New Bedford,MA,50553,USA,,Benitez,Violeta,Small,Benitez Violeta,EXPENSIVE,GOOD,1973.0,,,
10178.0,22.0,87.75,1.0,1930.5,11/8/2003,Shipped,Qui_4,11.0,2003.0,Planes,99.0,S700_2466,Technology,Smart watch,Alpha Cognac,61.77.6555,1 rue Alsace-Lorraine,Unknown,Toulouse,,31000,France,EMEA,Roulet,Annette,Small,Roulet Annette,EXPENSIVE,GOOD,1998.0,,,
10420.0,39.0,100.0,9.0,3933.93,5/29/2005,In Process,Qui_2,5.0,2005.0,Classic Cars,90.0,S24_2766,Office Supplies,Eraser,Souveniers And Things Co.,+61 2 9495 8555,"Monitor Money Building, 815 Pacific Hwy",Level 6,Chatswood,NSW,2067,Australia,APAC,Huxley,Adrian,Medium,Huxley Adrian,EXPENSIVE,GOOD,1979.0,,,
10116.0,27.0,63.38,1.0,1711.26,4/11/2003,Shipped,Qui_2,4.0,2003.0,Trains,62.0,S32_3207,Office Supplies,Pen,Royale Belge,(071) 23 67 2555,"Boulevard Tirou, 255",Unknown,Charleroi,,B-6000,Belgium,EMEA,Cartrain,Pascale,Small,Cartrain Pascale,CHEAP,GOOD,1964.0,,,
10328.0,41.0,100.0,9.0,4156.58,11/12/2004,Shipped,Qui_4,11.0,2004.0,Ships,90.0,S700_2047,Technology,Tablet,Rovelli Gifts,035-640555,Via Ludovico il Moro 22,Unknown,Bergamo,,24100,Italy,EMEA,Rovelli,Giovanni,Medium,Rovelli Giovanni,EXPENSIVE,GOOD,1961.0,,,
10143.0,26.0,82.77,4.0,2152.02,8/10/2003,Shipped,Qui_3,8.0,2003.0,Planes,99.0,S700_2466,Technology,Smart watch,Mini Creations Ltd.,5085559555,4575 Hillside Dr.,Unknown,New Bedford,MA,50553,USA,,Tam,Wing C,Small,Tam WingC,EXPENSIVE,GOOD,1962.0,,,
10246.0,36.0,100.0,9.0,7132.68,5/5/2004,Shipped,Qui_2,5.0,2004.0,Classic Cars,169.0,S18_3232,Furniture,Table,Euro Shopping Channel,(91) 555 94 44,"C/ Moralzarzal, 86",Unknown,Madrid,,28034,Spain,EMEA,Freyre,Diego,Large,Freyre Diego,EXPENSIVE,GOOD,1983.0,,,
10223.0,26.0,67.2,15.0,1747.2,2/20/2004,Shipped,Qui_1,2.0,2004.0,Planes,80.0,S700_3167,Technology,Smart watch,"Australian Collectors, Co.",03 9520 4555,636 St Kilda Road,Level 3,Melbourne,Victoria,3004,Australia,APAC,Ferguson,Peter,Small,Ferguson Peter,EXPENSIVE,GOOD,1984.0,,,
10336.0,48.0,100.0,12.0,5778.24,11/20/2004,Shipped,Qui_4,11.0,2004.0,Vintage Cars,136.0,S18_3140,Furniture,Desk,"La Corne D'abondance, Co.",(1) 42.34.2555,"265, boulevard Charonne",Unknown,Paris,,75012,France,EMEA,Bertrand,Marie,Medium,Bertrand Marie,EXPENSIVE,GOOD,1976.0,,,
10145.0,27.0,100.0,4.0,3251.34,8/25/2003,Shipped,Qui_3,8.0,2003.0,Motorcycles,102.0,S32_4485,Office Supplies,Ruler,Toys4GrownUps.com,6265557265,78934 Hillside Dr.,Unknown,Pasadena,CA,90003,USA,,Young,Julie,Medium,Young Julie,EXPENSIVE,GOOD,1970.0,,,
10150.0,20.0,100.0,1.0,3191.2,9/19/2003,Shipped,Qui_3,9.0,2003.0,Classic Cars,147.0,S10_4962,Furniture,Cabinet,"Dragon Souveniers, Ltd.",+65 221 7555,"Bronz Sok., Bronz Apt. 3/6 Tesvikiye",Unknown,Singapore,,79903,Singapore,Japan,Natividad,Eric,Medium,Natividad Eric,EXPENSIVE,GOOD,1995.0,,,
10321.0,41.0,100.0,10.0,5803.14,11/4/2004,Shipped,Qui_4,11.0,2004.0,Classic Cars,141.0,S18_1129,Furniture,Table,FunGiftIdeas.com,5085552555,1785 First Street,Unknown,New Bedford,MA,50553,USA,,Benitez,Violeta,Medium,Benitez Violeta,EXPENSIVE,GOOD,1992.0,,,
10110.0,33.0,100.0,4.0,3859.68,3/18/2003,Shipped,Qui_1,3.0,2003.0,Vintage Cars,127.0,S18_2325,Furniture,Table,"AV Stores, Co.",(171) 555-1555,Fauntleroy Circus,Unknown,Manchester,,EC2 5NT,UK,EMEA,Ashworth,Victoria,Medium,Ashworth Victoria,EXPENSIVE,GOOD,1993.0,,,
10276.0,47.0,100.0,1.0,5464.69,8/2/2004,Shipped,Qui_3,8.0,2004.0,Classic Cars,117.0,S12_3380,Furniture,Bookshelf,Online Mini Collectables,6175557555,7635 Spinnaker Dr.,Unknown,Brickhaven,MA,58339,USA,,Barajas,Miguel,Medium,Barajas Miguel,EXPENSIVE,GOOD,1999.0,,,
10185.0,49.0,80.67,11.0,3952.83,11/14/2003,Shipped,Qui_4,11.0,2003.0,Trains,100.0,S18_3259,Furniture,Desk,Mini Creations Ltd.,5085559555,4575 Hillside Dr.,Unknown,New Bedford,MA,50553,USA,,Tam,Wing C,Medium,Tam WingC,EXPENSIVE,GOOD,1970.0,,,
10195.0,44.0,66.47,3.0,2924.68,11/25/2003,Shipped,Qui_4,11.0,2003.0,Classic Cars,57.0,S24_1444,Office Supplies,Pencil,Mini Classics,9145554562,3758 North Pendale Street,Unknown,White Plains,NY,24067,USA,,Frick,Steve,Small,Frick Steve,EXPENSIVE,GOOD,2000.0,,,
10304.0,24.0,64.96,9.0,1559.04,10/11/2004,Shipped,Qui_4,10.0,2004.0,Vintage Cars,62.0,S18_2957,Furniture,Desk,Auto Assoc. & Cie.,30.59.8555,"67, avenue de l'Europe",Unknown,Versailles,,78000,France,EMEA,Tonini,Daniel,Small,Tonini Daniel,CHEAP,GOOD,1968.0,,,
10407.0,26.0,76.43,8.0,1987.18,4/22/2005,On Hold,Qui_2,4.0,2005.0,Classic Cars,73.0,S24_1046,Office Supplies,Pencil,The Sharp Gifts Warehouse,4085553659,3086 Ingle Ln.,Unknown,San Jose,CA,94217,USA,,Frick,Sue,Small,Frick Sue,EXPENSIVE,GOOD,1974.0,,,
10341.0,38.0,100.0,3.0,4682.36,11/24/2004,Shipped,Qui_4,11.0,2004.0,Motorcycles,81.0,S50_4713,Accessories,Headphone,Salzburg Collectables,6562-9555,Geislweg 14,Unknown,Salzburg,,5020,Austria,EMEA,Pipps,Georg,Medium,Pipps Georg,EXPENSIVE,GOOD,1983.0,,,
10304.0,38.0,100.0,11.0,3958.46,10/11/2004,Shipped,Qui_4,10.0,2004.0,Vintage Cars,99.0,S18_3320,Furniture,Table,Auto Assoc. & Cie.,30.59.8555,"67, avenue de l'Europe",Unknown,Versailles,,78000,France,EMEA,Tonini,Daniel,Medium,Tonini Daniel,EXPENSIVE,GOOD,1976.0,,,
10248.0,36.0,71.34,6.0,2568.24,5/7/2004,Cancelled,Qui_2,5.0,2004.0,Ships,66.0,S700_1138,Technology,Desktop,Land of Toys Inc.,2125557818,897 Long Airport Avenue,Unknown,NYC,NY,10022,USA,,Yu,Kwai,Small,Yu Kwai,EXPENSIVE,GOOD,1974.0,,,
10285.0,20.0,49.06,10.0,981.2,8/27/2004,Shipped,Qui_3,8.0,2004.0,Motorcycles,60.0,S18_2625,Furniture,Table,Marta's Replicas Co.,6175558555,39323 Spinnaker Dr.,Unknown,Cambridge,MA,51247,USA,,Hernandez,Marta,Small,Hernandez Marta,CHEAP,GOOD,1988.0,,,
10403.0,31.0,68.34,3.0,2118.54,4/8/2005,Shipped,Qui_2,4.0,2005.0,Motorcycles,81.0,S50_4713,Accessories,Headphone,"UK Collectables, Ltd.",(171) 555-2282,Berkeley Gardens 12  Brewery,Unknown,Liverpool,,WX1 6LT,UK,EMEA,Devon,Elizabeth,Small,Devon Elizabeth,EXPENSIVE,GOOD,1999.0,,,
10394.0,22.0,100.0,5.0,3353.02,3/15/2005,Shipped,Qui_1,3.0,2005.0,Classic Cars,169.0,S18_3232,Furniture,Table,Euro Shopping Channel,(91) 555 94 44,"C/ Moralzarzal, 86",Unknown,Madrid,,28034,Spain,EMEA,Freyre,Diego,Medium,Freyre Diego,EXPENSIVE,GOOD,1982.0,,,
10207.0,43.0,100.0,10.0,5752.54,12/9/2003,Shipped,Qui_4,12.0,2003.0,Trucks and Buses,122.0,S18_2319,Furniture,Chair,Diecast Collectables,6175552555,6251 Ingle Ln.,Unknown,Boston,MA,51003,USA,,Franco,Valarie,Medium,Franco Valarie,EXPENSIVE,GOOD,1972.0,,,
10133.0,27.0,99.67,2.0,2691.09,6/27/2003,Shipped,Qui_2,6.0,2003.0,Planes,118.0,S700_2834,Technology,Desktop,Euro Shopping Channel,(91) 555 94 44,"C/ Moralzarzal, 86",Unknown,Madrid,,28034,Spain,EMEA,Freyre,Diego,Small,Freyre Diego,EXPENSIVE,GOOD,2000.0,,,
10315.0,41.0,62.0,2.0,2542.0,10/29/2004,Shipped,Qui_4,10.0,2004.0,Ships,66.0,S700_1138,Technology,Desktop,La Rochelle Gifts,40.67.8555,"67, rue des Cinquante Otages",Unknown,Nantes,,44000,France,EMEA,Labrune,Janine,Small,Labrune Janine,CHEAP,GOOD,1996.0,,,
10323.0,33.0,91.27,2.0,3011.91,11/5/2004,Shipped,Qui_4,11.0,2004.0,Vintage Cars,99.0,S18_3320,Furniture,Table,"Blauer See Auto, Co.",+49 69 66 90 2555,Lyonerstr. 34,Unknown,Frankfurt,,60528,Germany,EMEA,Keitel,Roland,Medium,Keitel Roland,EXPENSIVE,GOOD,1990.0,,,
10336.0,38.0,100.0,3.0,6372.6,11/20/2004,Shipped,Qui_4,11.0,2004.0,Trucks and Buses,118.0,S12_4473,Furniture,Cabinet,"La Corne D'abondance, Co.",(1) 42.34.2555,"265, boulevard Charonne",Unknown,Paris,,75012,France,EMEA,Bertrand,Marie,Medium,Bertrand Marie,EXPENSIVE,GOOD,1962.0,,,
10400.0,34.0,100.0,1.0,6433.82,4/1/2005,Shipped,Qui_2,4.0,2005.0,Planes,157.0,S18_1662,Furniture,Cabinet,The Sharp Gifts Warehouse,4085553659,3086 Ingle Ln.,Unknown,San Jose,CA,94217,USA,,Frick,Sue,Medium,Frick Sue,EXPENSIVE,GOOD,1987.0,,,
10117.0,21.0,95.8,7.0,2011.8,4/16/2003,Shipped,Qui_2,4.0,2003.0,Trains,100.0,S18_3259,Furniture,Desk,"Dragon Souveniers, Ltd.",+65 221 7555,"Bronz Sok., Bronz Apt. 3/6 Tesvikiye",Unknown,Singapore,,79903,Singapore,Japan,Natividad,Eric,Small,Natividad Eric,EXPENSIVE,GOOD,1980.0,,,
10363.0,24.0,100.0,11.0,4142.64,1/6/2005,Shipped,Qui_1,1.0,2005.0,Classic Cars,146.0,S18_3482,Furniture,Bookshelf,Suominen Souveniers,+358 9 8045 555,"Software Engineering Center, SEC Oy",Unknown,Espoo,,FIN-02271,Finland,EMEA,Suominen,Kalle,Medium,Suominen Kalle,EXPENSIVE,GOOD,1978.0,,,
10159.0,35.0,35.4,9.0,1239.0,10/10/2003,Shipped,Qui_4,10.0,2003.0,Motorcycles,40.0,S32_2206,Office Supplies,Pen,Corporate Gift Ideas Co.,6505551386,7734 Strong St.,Unknown,San Francisco,CA,,USA,,Brown,Julie,Small,Brown Julie,CHEAP,GOOD,1975.0,,,
10369.0,21.0,94.22,5.0,1978.62,1/20/2005,Shipped,Qui_1,1.0,2005.0,Vintage Cars,104.0,S18_3136,Furniture,Table,Collectables For Less Inc.,6175558555,7825 Douglas Av.,Unknown,Brickhaven,MA,58339,USA,,Nelson,Allen,Small,Nelson Allen,EXPENSIVE,GOOD,1993.0,,,
10174.0,43.0,100.0,1.0,6817.22,11/6/2003,Shipped,Qui_4,11.0,2003.0,Trucks and Buses,136.0,S12_1666,Furniture,Cabinet,"Australian Gift Network, Co",61-7-3844-6555,31 Duncan St. West End,Unknown,South Brisbane,Queensland,4101,Australia,APAC,Calaghan,Tony,Medium,Calaghan Tony,EXPENSIVE,GOOD,1986.0,,,
10128.0,41.0,100.0,2.0,5544.02,6/6/2003,Shipped,Qui_2,6.0,2003.0,Vintage Cars,136.0,S18_3140,Furniture,Desk,Euro Shopping Channel,(91) 555 94 44,"C/ Moralzarzal, 86",Unknown,Madrid,,28034,Spain,EMEA,Freyre,Diego,Medium,Freyre Diego,EXPENSIVE,GOOD,2000.0,,,
10299.0,49.0,100.0,2.0,7947.31,9/30/2004,Shipped,Qui_3,9.0,2004.0,Classic Cars,148.0,S18_4721,Furniture,Table,"Toys of Finland, Co.",90-224 8555,Keskuskatu 45,Unknown,Helsinki,,21240,Finland,EMEA,Karttunen,Matti,Large,Karttunen Matti,EXPENSIVE,GOOD,1972.0,,,
10130.0,40.0,96.34,2.0,3853.6,6/16/2003,Shipped,Qui_2,6.0,2003.0,Ships,86.0,S18_3029,Furniture,Table,Auto-Moto Classics Inc.,6175558428,16780 Pompton St.,Unknown,Brickhaven,MA,58339,USA,,Taylor,Leslie,Medium,Taylor Leslie,EXPENSIVE,GOOD,1975.0,,,
10209.0,36.0,77.59,2.0,2793.24,1/9/2004,Shipped,Qui_1,1.0,2004.0,Vintage Cars,65.0,S24_3420,Office Supplies,Lamp,"Men 'R' US Retailers, Ltd.",2155554369,6047 Douglas Av.,Unknown,Los Angeles,CA,,USA,,Chandler,Michael,Small,Chandler Michael,EXPENSIVE,GOOD,1964.0,,,
10327.0,37.0,86.74,4.0,3209.38,11/10/2004,Resolved,Qui_4,11.0,2004.0,Ships,54.0,S72_3212,Accessories,Headphone,Danish Wholesale Imports,31 12 3555,Vinb'ltet 34,Unknown,Kobenhavn,,1734,Denmark,EMEA,Petersen,Jytte,Medium,Petersen Jytte,EXPENSIVE,GOOD,1960.0,,,
10206.0,21.0,53.33,4.0,1119.93,12/5/2003,Shipped,Qui_4,12.0,2003.0,Vintage Cars,50.0,S18_4668,Furniture,Cabinet,Canadian Gift Exchange Network,(604) 555-3392,1900 Oak St.,Unknown,Vancouver,BC,V3F 2K1,Canada,,Tannamuri,Yoshi,Small,Tannamuri Yoshi,CHEAP,GOOD,2000.0,,,
10322.0,30.0,100.0,4.0,3500.1,11/4/2004,Shipped,Qui_4,11.0,2004.0,Vintage Cars,44.0,S24_2022,Office Supplies,Lamp,Online Diecast Creations Co.,6035558647,2304 Long Airport Avenue,Unknown,Nashua,NH,62005,USA,,Young,Valarie,Medium,Young Valarie,EXPENSIVE,GOOD,1967.0,,,
10391.0,35.0,100.0,2.0,5548.9,3/9/2005,Shipped,Qui_1,3.0,2005.0,Vintage Cars,102.0,S18_1342,Furniture,Desk,"Anna's Decorations, Ltd",02 9936 8555,201 Miller Street,Level 15,North Sydney,NSW,2060,Australia,APAC,O'Hara,Anna,Medium,O'Hara Anna,EXPENSIVE,GOOD,1963.0,,,
10273.0,21.0,100.0,14.0,2146.2,7/21/2004,Shipped,Qui_3,7.0,2004.0,Ships,86.0,S700_1938,Technology,Desktop,Petit Auto,(02) 5554 67,Rue Joseph-Bens 532,Unknown,Bruxelles,,B-1180,Belgium,EMEA,Dewey,Catherine,Small,Dewey Catherine,EXPENSIVE,GOOD,1974.0,,,
10314.0,45.0,100.0,14.0,6185.7,10/22/2004,Shipped,Qui_4,10.0,2004.0,Trucks and Buses,118.0,S12_4473,Furniture,Cabinet,Heintze Collectables,86 21 3555,Smagsloget 45,Unknown,Aaarhus,,8200,Denmark,EMEA,Ibsen,Palle,Medium,Ibsen Palle,EXPENSIVE,GOOD,1982.0,,,
10248.0,20.0,100.0,3.0,2910.4,5/7/2004,Cancelled,Qui_2,5.0,2004.0,Classic Cars,136.0,S10_4757,Furniture,Desk,Land of Toys Inc.,2125557818,897 Long Airport Avenue,Unknown,NYC,NY,10022,USA,,Yu,Kwai,Small,Yu Kwai,EXPENSIVE,GOOD,1978.0,,,
10165.0,25.0,69.36,9.0,1734.0,10/22/2003,Shipped,Qui_4,10.0,2003.0,Classic Cars,57.0,S24_1444,Office Supplies,Pencil,"Dragon Souveniers, Ltd.",+65 221 7555,"Bronz Sok., Bronz Apt. 3/6 Tesvikiye",Unknown,Singapore,,79903,Singapore,Japan,Natividad,Eric,Small,Natividad Eric,EXPENSIVE,GOOD,1977.0,,,
10101.0,45.0,31.2,3.0,1404.0,1/9/2003,Shipped,Qui_1,1.0,2003.0,Vintage Cars,33.0,S24_1937,Office Supplies,Lamp,"Blauer See Auto, Co.",+49 69 66 90 2555,Lyonerstr. 34,Unknown,Frankfurt,,60528,Germany,EMEA,Keitel,Roland,Small,Keitel Roland,CHEAP,GOOD,1969.0,,,
10106.0,31.0,52.6,14.0,1630.6,2/17/2003,Shipped,Qui_1,2.0,2003.0,Vintage Cars,65.0,S24_3420,Office Supplies,Lamp,Rovelli Gifts,035-640555,Via Ludovico il Moro 22,Unknown,Bergamo,,24100,Italy,EMEA,Rovelli,Giovanni,Small,Rovelli Giovanni,CHEAP,GOOD,1971.0,,,
10119.0,20.0,72.98,5.0,1459.6,4/28/2003,Shipped,Qui_2,4.0,2003.0,Vintage Cars,65.0,S24_3420,Office Supplies,Lamp,Salzburg Collectables,6562-9555,Geislweg 14,Unknown,Salzburg,,5020,Austria,EMEA,Pipps,Georg,Small,Pipps Georg,EXPENSIVE,GOOD,1968.0,,,
10197.0,50.0,78.79,7.0,3939.5,11/26/2003,Shipped,Qui_4,11.0,2003.0,Ships,72.0,S700_2610,Technology,Laptop,Enaco Distributors,(93) 203 4555,"Rambla de Catalu¤a, 23",Unknown,Barcelona,,8022,Spain,EMEA,Saavedra,Eduardo,Medium,Saavedra Eduardo,EXPENSIVE,EXCELLENT,1986.0,,,
10388.0,27.0,100.0,1.0,3211.38,3/3/2005,Shipped,Qui_1,3.0,2005.0,Vintage Cars,43.0,S50_1341,Accessories,Keyboard,FunGiftIdeas.com,5085552555,1785 First Street,Unknown,New Bedford,MA,50553,USA,,Benitez,Violeta,Medium,Benitez Violeta,EXPENSIVE,GOOD,1982.0,,,
10124.0,23.0,57.73,8.0,1327.79,5/21/2003,Shipped,Qui_2,5.0,2003.0,Classic Cars,71.0,S18_4933,Furniture,Table,Signal Gift Stores,7025551838,8489 Strong St.,Unknown,Las Vegas,NV,83030,USA,,King,Sue,Small,King Sue,CHEAP,GOOD,1980.0,,,
10236.0,36.0,87.6,3.0,3153.6,4/3/2004,Shipped,Qui_2,4.0,2004.0,Motorcycles,76.0,S24_2000,Office Supplies,Pen,Motor Mint Distributors Inc.,2155559857,11328 Douglas Av.,Unknown,Philadelphia,PA,71270,USA,,Hernandez,Rosa,Medium,Hernandez Rosa,EXPENSIVE,GOOD,1960.0,,,
10105.0,41.0,100.0,15.0,8690.36,2/11/2003,Shipped,Qui_1,2.0,2003.0,Classic Cars,207.0,S12_1108,Furniture,Chair,Danish Wholesale Imports,31 12 3555,Vinb'ltet 34,Unknown,Kobenhavn,,1734,Denmark,EMEA,Petersen,Jytte,Large,Petersen Jytte,EXPENSIVE,GOOD,1993.0,,,
10124.0,36.0,85.59,7.0,3081.24,5/21/2003,Shipped,Qui_2,5.0,2003.0,Vintage Cars,92.0,S18_4409,Furniture,Chair,Signal Gift Stores,7025551838,8489 Strong St.,Unknown,Las Vegas,NV,83030,USA,,King,Sue,Medium,King Sue,EXPENSIVE,GOOD,1980.0,,,
10208.0,40.0,80.55,10.0,3222.0,1/2/2004,Shipped,Qui_1,1.0,2004.0,Ships,86.0,S700_1938,Technology,Desktop,"Saveley & Henriot, Co.",78.32.5555,"2, rue du Commerce",Unknown,Lyon,,69004,France,EMEA,Saveley,Mary,Medium,Saveley Mary,EXPENSIVE,GOOD,1992.0,,,
10151.0,24.0,100.0,3.0,3327.6,9/21/2003,Shipped,Qui_3,9.0,2003.0,Trucks and Buses,118.0,S12_4473,Furniture,Cabinet,"Oulu Toy Supplies, Inc.",981-443655,Torikatu 38,Unknown,Oulu,,90110,Finland,EMEA,Koskitalo,Pirkko,Medium,Koskitalo Pirkko,EXPENSIVE,GOOD,1976.0,,,
10382.0,50.0,100.0,7.0,8935.5,2/17/2005,Shipped,Qui_1,2.0,2005.0,Vintage Cars,99.0,S18_3320,Furniture,Table,Mini Gifts Distributors Ltd.,4155551450,5677 Strong St.,Unknown,San Rafael,CA,97562,USA,,Nelson,Valarie,Large,Nelson Valarie,EXPENSIVE,EXCELLENT,1961.0,,,
10292.0,31.0,67.73,3.0,2099.63,9/8/2004,Shipped,Qui_3,9.0,2004.0,Trains,62.0,S32_3207,Office Supplies,Pen,Land of Toys Inc.,2125557818,897 Long Airport Avenue,Unknown,NYC,NY,10022,USA,,Yu,Kwai,Small,Yu Kwai,EXPENSIVE,GOOD,2000.0,,,
10108.0,35.0,58.87,15.0,2060.45,3/3/2003,Shipped,Qui_1,3.0,2003.0,Motorcycles,69.0,S24_2360,Office Supplies,Eraser,Cruz & Sons Co.,+63 2 555 3587,15 McCallum Street - NatWest Center #13-03,Unknown,Makati City,,1227 MM,Philippines,Japan,Cruz,Arnold,Small,Cruz Arnold,CHEAP,GOOD,1977.0,,,
10153.0,31.0,57.41,13.0,1779.71,9/28/2003,Shipped,Qui_3,9.0,2003.0,Trains,58.0,S50_1514,Accessories,Headphone,Euro Shopping Channel,(91) 555 94 44,"C/ Moralzarzal, 86",Unknown,Madrid,,28034,Spain,EMEA,Freyre,Diego,Small,Freyre Diego,CHEAP,GOOD,1998.0,,,
10321.0,25.0,100.0,9.0,3734.0,11/4/2004,Shipped,Qui_4,11.0,2004.0,Classic Cars,142.0,S18_1984,Furniture,Bookshelf,FunGiftIdeas.com,5085552555,1785 First Street,Unknown,New Bedford,MA,50553,USA,,Benitez,Violeta,Medium,Benitez Violeta,EXPENSIVE,GOOD,1980.0,,,
10370.0,27.0,100.0,1.0,3911.49,1/20/2005,Shipped,Qui_1,1.0,2005.0,Trucks and Buses,116.0,S18_1097,Furniture,Bookshelf,"Anna's Decorations, Ltd",02 9936 8555,201 Miller Street,Level 15,North Sydney,NSW,2060,Australia,APAC,O'Hara,Anna,Medium,O'Hara Anna,EXPENSIVE,GOOD,1975.0,,,
10199.0,38.0,82.4,3.0,3131.2,12/1/2003,Shipped,Qui_4,12.0,2003.0,Planes,80.0,S700_3167,Technology,Smart watch,West Coast Collectables Co.,3105553722,3675 Furth Circle,Unknown,Burbank,CA,94019,USA,,Thompson,Steve,Medium,Thompson Steve,EXPENSIVE,GOOD,1997.0,,,
10244.0,29.0,100.0,2.0,3340.51,4/29/2004,Shipped,Qui_2,4.0,2004.0,Vintage Cars,104.0,S18_3136,Furniture,Table,Euro Shopping Channel,(91) 555 94 44,"C/ Moralzarzal, 86",Unknown,Madrid,,28034,Spain,EMEA,Freyre,Diego,Medium,Freyre Diego,EXPENSIVE,GOOD,1963.0,,,
10335.0,33.0,37.13,2.0,1225.29,11/19/2004,Shipped,Qui_4,11.0,2004.0,Classic Cars,35.0,S24_2840,Office Supplies,Pencil,Mini Gifts Distributors Ltd.,4155551450,5677 Strong St.,Unknown,San Rafael,CA,97562,USA,,Nelson,Valarie,Small,Nelson Valarie,CHEAP,GOOD,1965.0,,,
10193.0,22.0,41.03,12.0,902.66,11/21/2003,Shipped,Qui_4,11.0,2003.0,Vintage Cars,41.0,S24_3969,Office Supplies,Eraser,"Australian Collectables, Ltd",61-9-3844-6555,7 Allen Street,Unknown,Glen Waverly,Victoria,3150,Australia,APAC,Connery,Sean,Small,Connery Sean,CHEAP,GOOD,1987.0,,,
10105.0,43.0,100.0,9.0,6341.21,2/11/2003,Shipped,Qui_1,2.0,2003.0,Ships,122.0,S24_2011,Office Supplies,Pen,Danish Wholesale Imports,31 12 3555,Vinb'ltet 34,Unknown,Kobenhavn,,1734,Denmark,EMEA,Petersen,Jytte,Medium,Petersen Jytte,EXPENSIVE,GOOD,1963.0,,,
10211.0,40.0,80.55,10.0,3222.0,1/15/2004,Shipped,Qui_1,1.0,2004.0,Motorcycles,81.0,S50_4713,Accessories,Headphone,Auto Canal Petit,(1) 47.55.6555,"25, rue Lauriston",Unknown,Paris,,75016,France,EMEA,Perrier,Dominique,Medium,Perrier Dominique,EXPENSIVE,GOOD,1979.0,,,
10148.0,28.0,100.0,11.0,3639.44,9/11/2003,Shipped,Qui_3,9.0,2003.0,Classic Cars,141.0,S18_3685,Furniture,Bookshelf,"Anna's Decorations, Ltd",02 9936 8555,201 Miller Street,Level 15,North Sydney,NSW,2060,Australia,APAC,O'Hara,Anna,Medium,O'Hara Anna,EXPENSIVE,GOOD,1996.0,,,
10391.0,44.0,38.5,5.0,1694.0,3/9/2005,Shipped,Qui_1,3.0,2005.0,Trucks and Buses,60.0,S18_2432,Furniture,Table,"Anna's Decorations, Ltd",02 9936 8555,201 Miller Street,Level 15,North Sydney,NSW,2060,Australia,APAC,O'Hara,Anna,Small,O'Hara Anna,CHEAP,GOOD,1997.0,,,
10386.0,25.0,54.57,7.0,1364.25,3/1/2005,Resolved,Qui_1,3.0,2005.0,Planes,157.0,S18_1662,Furniture,Cabinet,Euro Shopping Channel,(91) 555 94 44,"C/ Moralzarzal, 86",Unknown,Madrid,,28034,Spain,EMEA,Freyre,Diego,Small,Freyre Diego,CHEAP,GOOD,1965.0,,,
10398.0,34.0,76.88,15.0,2613.92,3/30/2005,Shipped,Qui_1,3.0,2005.0,Planes,84.0,S18_2581,Furniture,Bookshelf,Reims Collectables,26.47.1555,59 rue de l'Abbaye,Unknown,Reims,,51100,France,EMEA,Henriot,Paul,Small,Henriot Paul,EXPENSIVE,GOOD,1988.0,,,
10394.0,46.0,38.9,6.0,1789.4,3/15/2005,Shipped,Qui_1,3.0,2005.0,Classic Cars,35.0,S24_2840,Office Supplies,Pencil,Euro Shopping Channel,(91) 555 94 44,"C/ Moralzarzal, 86",Unknown,Madrid,,28034,Spain,EMEA,Freyre,Diego,Small,Freyre Diego,CHEAP,GOOD,1993.0,,,
10332.0,26.0,85.52,10.0,2223.52,11/17/2004,Shipped,Qui_4,11.0,2004.0,Vintage Cars,44.0,S24_2022,Office Supplies,Lamp,"AV Stores, Co.",(171) 555-1555,Fauntleroy Circus,Unknown,Manchester,,EC2 5NT,UK,EMEA,Ashworth,Victoria,Small,Ashworth Victoria,EXPENSIVE,GOOD,1994.0,,,
10308.0,31.0,100.0,6.0,4009.23,10/15/2004,Shipped,Qui_4,10.0,2004.0,Planes,118.0,S700_2834,Technology,Desktop,Mini Classics,9145554562,3758 North Pendale Street,Unknown,White Plains,NY,24067,USA,,Frick,Steve,Medium,Frick Steve,EXPENSIVE,GOOD,1998.0,,,
10237.0,26.0,52.22,1.0,1357.72,4/5/2004,Shipped,Qui_2,4.0,2004.0,Motorcycles,62.0,S18_3782,Furniture,Bookshelf,Vitachrome Inc.,2125551500,2678 Kingston Rd.,Suite 101,NYC,NY,10022,USA,,Frick,Michael,Small,Frick Michael,CHEAP,GOOD,1987.0,,,
10149.0,42.0,94.25,2.0,3958.5,9/12/2003,Shipped,Qui_3,9.0,2003.0,Vintage Cars,99.0,S18_3320,Furniture,Table,Signal Collectibles Ltd.,4155554312,2793 Furth Circle,Unknown,Brisbane,CA,94217,USA,,Taylor,Sue,Medium,Taylor Sue,EXPENSIVE,GOOD,1990.0,,,
10127.0,39.0,38.19,12.0,1489.41,6/3/2003,Shipped,Qui_2,6.0,2003.0,Classic Cars,35.0,S24_2840,Office Supplies,Pencil,Muscle Machine Inc,2125557413,4092 Furth Circle,Suite 400,NYC,NY,10022,USA,,Young,Jeff,Small,Young Jeff,CHEAP,GOOD,1988.0,,,
10153.0,22.0,83.38,6.0,1834.36,9/28/2003,Shipped,Qui_3,9.0,2003.0,Vintage Cars,87.0,S18_4522,Furniture,Table,Euro Shopping Channel,(91) 555 94 44,"C/ Moralzarzal, 86",Unknown,Madrid,,28034,Spain,EMEA,Freyre,Diego,Small,Freyre Diego,EXPENSIVE,GOOD,1994.0,,,
10165.0,31.0,71.1,18.0,2204.1,10/22/2003,Shipped,Qui_4,10.0,2003.0,Trucks and Buses,60.0,S18_2432,Furniture,Table,"Dragon Souveniers, Ltd.",+65 221 7555,"Bronz Sok., Bronz Apt. 3/6 Tesvikiye",Unknown,Singapore,,79903,Singapore,Japan,Natividad,Eric,Small,Natividad Eric,EXPENSIVE,GOOD,2000.0,,,
10309.0,26.0,100.0,4.0,4660.24,10/15/2004,Shipped,Qui_4,10.0,2004.0,Motorcycles,150.0,S12_2823,Furniture,Table,Baane Mini Imports,07-98 9555,Erling Skakkes gate 78,Unknown,Stavern,,4110,Norway,EMEA,Bergulfsen,Jonas,Medium,Bergulfsen Jonas,EXPENSIVE,GOOD,1966.0,,,
10105.0,41.0,70.67,5.0,2897.47,2/11/2003,Shipped,Qui_1,2.0,2003.0,Ships,66.0,S700_1138,Technology,Desktop,Danish Wholesale Imports,31 12 3555,Vinb'ltet 34,Unknown,Kobenhavn,,1734,Denmark,EMEA,Petersen,Jytte,Small,Petersen Jytte,EXPENSIVE,GOOD,1986.0,,,
10135.0,47.0,100.0,2.0,6336.07,7/2/2003,Shipped,Qui_3,7.0,2003.0,Classic Cars,140.0,S24_3856,Office Supplies,Pencil,Mini Gifts Distributors Ltd.,4155551450,5677 Strong St.,Unknown,San Rafael,CA,97562,USA,,Nelson,Valarie,Medium,Nelson Valarie,EXPENSIVE,GOOD,1986.0,,,
10403.0,36.0,52.22,1.0,1879.92,4/8/2005,Shipped,Qui_2,4.0,2005.0,Motorcycles,62.0,S18_3782,Furniture,Bookshelf,"UK Collectables, Ltd.",(171) 555-2282,Berkeley Gardens 12  Brewery,Unknown,Liverpool,,WX1 6LT,UK,EMEA,Devon,Elizabeth,Small,Devon Elizabeth,CHEAP,GOOD,1990.0,,,
10251.0,43.0,100.0,4.0,7078.23,5/18/2004,Shipped,Qui_2,5.0,2004.0,Motorcycles,193.0,S10_4698,Furniture,Bookshelf,Tekni Collectables Inc.,2015559350,7476 Moss Rd.,Unknown,Newark,NJ,94019,USA,,Brown,William,Large,Brown William,EXPENSIVE,GOOD,1989.0,,,
10319.0,44.0,59.06,4.0,2598.64,11/3/2004,Shipped,Qui_4,11.0,2004.0,Motorcycles,62.0,S18_3782,Furniture,Bookshelf,Microscale Inc.,2125551957,5290 North Pendale Street,Suite 200,NYC,NY,10022,USA,,Kuo,Kee,Small,Kuo Kee,CHEAP,GOOD,1971.0,,,
10266.0,20.0,100.0,3.0,2824.8,7/6/2004,Shipped,Qui_3,7.0,2004.0,Classic Cars,132.0,S18_2870,Furniture,Cabinet,L'ordine Souveniers,0522-556555,Strada Provinciale 124,Unknown,Reggio Emilia,,42100,Italy,EMEA,Moroni,Maurizio,Small,Moroni Maurizio,EXPENSIVE,GOOD,1986.0,,,
10222.0,26.0,100.0,8.0,2659.54,2/19/2004,Shipped,Qui_1,2.0,2004.0,Ships,90.0,S700_2047,Technology,Tablet,Collectable Mini Designs Co.,7605558146,361 Furth Circle,Unknown,San Diego,CA,91217,USA,,Thompson,Valarie,Small,Thompson Valarie,EXPENSIVE,GOOD,1971.0,,,
10155.0,37.0,67.93,12.0,2513.41,10/6/2003,Shipped,Qui_4,10.0,2003.0,Vintage Cars,83.0,S24_3816,Office Supplies,Pen,"Toys of Finland, Co.",90-224 8555,Keskuskatu 45,Unknown,Helsinki,,21240,Finland,EMEA,Karttunen,Matti,Small,Karttunen Matti,EXPENSIVE,GOOD,1970.0,,,
10283.0,34.0,92.94,8.0,3159.96,8/20/2004,Shipped,Qui_3,8.0,2004.0,Vintage Cars,88.0,S24_3151,Office Supplies,Pencil,"Royal Canadian Collectables, Ltd.",(604) 555-4555,23 Tsawassen Blvd.,Unknown,Tsawassen,BC,T2F 8M4,Canada,,Lincoln,Elizabeth,Medium,Lincoln Elizabeth,EXPENSIVE,GOOD,1998.0,,,
10215.0,46.0,45.28,1.0,2082.88,1/29/2004,Shipped,Qui_1,1.0,2004.0,Vintage Cars,50.0,S18_4668,Furniture,Cabinet,West Coast Collectables Co.,3105553722,3675 Furth Circle,Unknown,Burbank,CA,94019,USA,,Thompson,Steve,Small,Thompson Steve,CHEAP,GOOD,1960.0,,,
10310.0,24.0,100.0,8.0,3100.32,10/16/2004,Shipped,Qui_4,10.0,2004.0,Classic Cars,117.0,S12_3380,Furniture,Bookshelf,"Toms Spezialitten, Ltd",0221-5554327,Mehrheimerstr. 369,Unknown,Koln,,50739,Germany,EMEA,Pfalzheim,Henriette,Medium,Pfalzheim Henriette,EXPENSIVE,GOOD,1973.0,,,
10115.0,46.0,100.0,4.0,7381.16,4/4/2003,Shipped,Qui_2,4.0,2003.0,Classic Cars,163.0,S18_2238,Furniture,Table,Classic Legends Inc.,2125558493,5905 Pompton St.,Suite 750,NYC,NY,10022,USA,,Hernandez,Maria,Large,Hernandez Maria,EXPENSIVE,GOOD,1985.0,,,
10415.0,18.0,69.7,2.0,1254.6,5/9/2005,Disputed,Qui_2,5.0,2005.0,Vintage Cars,65.0,S24_3420,Office Supplies,Lamp,"Australian Collectables, Ltd",61-9-3844-6555,7 Allen Street,Unknown,Glen Waverly,Victoria,3150,Australia,APAC,Connery,Sean,Small,Connery Sean,EXPENSIVE,GOOD,1991.0,,,
10252.0,41.0,100.0,1.0,6749.83,5/26/2004,Shipped,Qui_2,5.0,2004.0,Classic Cars,146.0,S18_3482,Furniture,Bookshelf,Auto Canal Petit,(1) 47.55.6555,"25, rue Lauriston",Unknown,Paris,,75016,France,EMEA,Perrier,Dominique,Medium,Perrier Dominique,EXPENSIVE,GOOD,1994.0,,,
10325.0,44.0,100.0,7.0,5932.96,11/5/2004,Shipped,Qui_4,11.0,2004.0,Trains,58.0,S50_1514,Accessories,Headphone,Baane Mini Imports,07-98 9555,Erling Skakkes gate 78,Unknown,Stavern,,4110,Norway,EMEA,Bergulfsen,Jonas,Medium,Bergulfsen Jonas,EXPENSIVE,GOOD,1990.0,,,
10332.0,20.0,87.96,5.0,1759.2,11/17/2004,Shipped,Qui_4,11.0,2004.0,Classic Cars,50.0,S24_1628,Office Supplies,Lamp,"AV Stores, Co.",(171) 555-1555,Fauntleroy Circus,Unknown,Manchester,,EC2 5NT,UK,EMEA,Ashworth,Victoria,Small,Ashworth Victoria,EXPENSIVE,GOOD,1980.0,,,
10361.0,44.0,100.0,10.0,5001.92,12/17/2004,Shipped,Qui_4,12.0,2004.0,Planes,80.0,S700_3167,Technology,Smart watch,Souveniers And Things Co.,+61 2 9495 8555,"Monitor Money Building, 815 Pacific Hwy",Level 6,Chatswood,NSW,2067,Australia,APAC,Huxley,Adrian,Medium,Huxley Adrian,EXPENSIVE,GOOD,1975.0,,,
10271.0,31.0,97.17,5.0,3012.27,7/20/2004,Shipped,Qui_3,7.0,2004.0,Trucks and Buses,118.0,S12_4473,Furniture,Cabinet,Mini Gifts Distributors Ltd.,4155551450,5677 Strong St.,Unknown,San Rafael,CA,97562,USA,,Nelson,Valarie,Medium,Nelson Valarie,EXPENSIVE,GOOD,1980.0,,,
10204.0,26.0,100.0,1.0,3206.32,12/2/2003,Shipped,Qui_4,12.0,2003.0,Vintage Cars,127.0,S18_2325,Furniture,Table,Muscle Machine Inc,2125557413,4092 Furth Circle,Suite 400,NYC,NY,10022,USA,,Young,Jeff,Medium,Young Jeff,EXPENSIVE,GOOD,1978.0,,,
10276.0,38.0,100.0,13.0,4304.64,8/2/2004,Shipped,Qui_3,8.0,2004.0,Motorcycles,102.0,S32_4485,Office Supplies,Ruler,Online Mini Collectables,6175557555,7635 Spinnaker Dr.,Unknown,Brickhaven,MA,58339,USA,,Barajas,Miguel,Medium,Barajas Miguel,EXPENSIVE,GOOD,1991.0,,,
10212.0,40.0,100.0,7.0,4910.4,1/16/2004,Shipped,Qui_1,1.0,2004.0,Classic Cars,132.0,S18_2870,Furniture,Cabinet,Euro Shopping Channel,(91) 555 94 44,"C/ Moralzarzal, 86",Unknown,Madrid,,28034,Spain,EMEA,Freyre,Diego,Medium,Freyre Diego,EXPENSIVE,GOOD,1969.0,,,
10333.0,26.0,100.0,3.0,3003.0,11/18/2004,Shipped,Qui_4,11.0,2004.0,Classic Cars,214.0,S10_1949,Furniture,Desk,Mini Wheels Co.,6505555787,5557 North Pendale Street,Unknown,San Francisco,CA,,USA,,Murphy,Julie,Medium,Murphy Julie,EXPENSIVE,GOOD,2000.0,,,
10373.0,34.0,96.34,2.0,3275.56,1/31/2005,Shipped,Qui_1,1.0,2005.0,Ships,100.0,S700_3505,Technology,Laptop,"Oulu Toy Supplies, Inc.",981-443655,Torikatu 38,Unknown,Oulu,,90110,Finland,EMEA,Koskitalo,Pirkko,Medium,Koskitalo Pirkko,EXPENSIVE,GOOD,1978.0,,,
10398.0,22.0,67.41,4.0,1483.02,3/30/2005,Shipped,Qui_1,3.0,2005.0,Vintage Cars,68.0,S32_4289,Office Supplies,Ruler,Reims Collectables,26.47.1555,59 rue de l'Abbaye,Unknown,Reims,,51100,France,EMEA,Henriot,Paul,Small,Henriot Paul,EXPENSIVE,GOOD,1976.0,,,
10307.0,48.0,86.81,6.0,4166.88,10/14/2004,Shipped,Qui_4,10.0,2004.0,Vintage Cars,105.0,S18_3856,Furniture,Desk,"Classic Gift Ideas, Inc",2155554695,782 First Street,Unknown,Philadelphia,PA,71270,USA,,Cervantes,Francisca,Medium,Cervantes Francisca,EXPENSIVE,GOOD,1989.0,,,
10164.0,49.0,100.0,6.0,6563.06,10/21/2003,Resolved,Qui_4,10.0,2003.0,Trucks and Buses,136.0,S12_1666,Furniture,Cabinet,Mini Auto Werke,7675-3555,Kirchgasse 6,Unknown,Graz,,8010,Austria,EMEA,Mendel,Roland,Medium,Mendel Roland,EXPENSIVE,GOOD,1978.0,,,
10253.0,24.0,100.0,1.0,3374.88,6/1/2004,Cancelled,Qui_2,6.0,2004.0,Classic Cars,124.0,S18_1589,Furniture,Bookshelf,"UK Collectables, Ltd.",(171) 555-2282,Berkeley Gardens 12  Brewery,Unknown,Liverpool,,WX1 6LT,UK,EMEA,Devon,Elizabeth,Medium,Devon Elizabeth,EXPENSIVE,GOOD,1979.0,,,
10307.0,34.0,97.76,5.0,3323.84,10/14/2004,Shipped,Qui_4,10.0,2004.0,Ships,90.0,S700_2047,Technology,Tablet,"Classic Gift Ideas, Inc",2155554695,782 First Street,Unknown,Philadelphia,PA,71270,USA,,Cervantes,Francisca,Medium,Cervantes Francisca,EXPENSIVE,GOOD,1974.0,,,
10215.0,35.0,100.0,3.0,6075.3,1/29/2004,Shipped,Qui_1,1.0,2004.0,Classic Cars,214.0,S10_1949,Furniture,Desk,West Coast Collectables Co.,3105553722,3675 Furth Circle,Unknown,Burbank,CA,94019,USA,,Thompson,Steve,Medium,Thompson Steve,EXPENSIVE,GOOD,1986.0,,,
10284.0,25.0,69.6,7.0,1740.0,8/21/2004,Shipped,Qui_3,8.0,2004.0,Planes,80.0,S700_3167,Technology,Smart watch,"Norway Gifts By Mail, Co.",+47 2212 1555,"Drammensveien 126 A, PB 744 Sentrum",Unknown,Oslo,,N 0106,Norway,EMEA,Klaeboe,Jan,Small,Klaeboe Jan,EXPENSIVE,GOOD,1985.0,,,
10350.0,26.0,75.47,5.0,1962.22,12/2/2004,Shipped,Qui_4,12.0,2004.0,Classic Cars,136.0,S10_4757,Furniture,Desk,Euro Shopping Channel,(91) 555 94 44,"C/ Moralzarzal, 86",Unknown,Madrid,,28034,Spain,EMEA,Freyre,Diego,Small,Freyre Diego,EXPENSIVE,GOOD,1970.0,,,
10257.0,50.0,88.14,1.0,4407.0,6/14/2004,Shipped,Qui_2,6.0,2004.0,Vintage Cars,101.0,S18_2949,Furniture,Desk,The Sharp Gifts Warehouse,4085553659,3086 Ingle Ln.,Unknown,San Jose,CA,94217,USA,,Frick,Sue,Medium,Frick Sue,EXPENSIVE,EXCELLENT,1965.0,,,
10383.0,29.0,100.0,13.0,3087.05,2/22/2005,Shipped,Qui_1,2.0,2005.0,Trucks and Buses,115.0,S50_1392,Accessories,Adapter,Euro Shopping Channel,(91) 555 94 44,"C/ Moralzarzal, 86",Unknown,Madrid,,28034,Spain,EMEA,Freyre,Diego,Medium,Freyre Diego,EXPENSIVE,GOOD,1997.0,,,
10386.0,21.0,74.77,18.0,1570.17,3/1/2005,Resolved,Qui_1,3.0,2005.0,Planes,84.0,S18_2581,Furniture,Bookshelf,Euro Shopping Channel,(91) 555 94 44,"C/ Moralzarzal, 86",Unknown,Madrid,,28034,Spain,EMEA,Freyre,Diego,Small,Freyre Diego,EXPENSIVE,GOOD,1990.0,,,
10251.0,46.0,100.0,1.0,7552.28,5/18/2004,Shipped,Qui_2,5.0,2004.0,Motorcycles,150.0,S12_2823,Furniture,Table,Tekni Collectables Inc.,2015559350,7476 Moss Rd.,Unknown,Newark,NJ,94019,USA,,Brown,William,Large,Brown William,EXPENSIVE,GOOD,1964.0,,,
10117.0,38.0,79.68,6.0,3027.84,4/16/2003,Shipped,Qui_2,4.0,2003.0,Ships,86.0,S700_1938,Technology,Desktop,"Dragon Souveniers, Ltd.",+65 221 7555,"Bronz Sok., Bronz Apt. 3/6 Tesvikiye",Unknown,Singapore,,79903,Singapore,Japan,Natividad,Eric,Medium,Natividad Eric,EXPENSIVE,GOOD,1972.0,,,
10162.0,43.0,36.29,4.0,1560.47,10/18/2003,Shipped,Qui_4,10.0,2003.0,Vintage Cars,44.0,S24_2022,Office Supplies,Lamp,Corporate Gift Ideas Co.,6505551386,7734 Strong St.,Unknown,San Francisco,CA,,USA,,Brown,Julie,Small,Brown Julie,CHEAP,GOOD,1974.0,,,
10356.0,29.0,100.0,3.0,3630.22,12/9/2004,Shipped,Qui_4,12.0,2004.0,Vintage Cars,127.0,S18_2325,Furniture,Table,Lyon Souveniers,+33 1 46 62 7555,27 rue du Colonel Pierre Avia,Unknown,Paris,,75508,France,EMEA,Da Cunha,Daniel,Medium,DaCunha Daniel,EXPENSIVE,GOOD,1966.0,,,
10169.0,30.0,100.0,2.0,5019.9,11/4/2003,Shipped,Qui_4,11.0,2003.0,Classic Cars,194.0,S12_1099,Furniture,Bookshelf,"Anna's Decorations, Ltd",02 9936 8555,201 Miller Street,Level 15,North Sydney,NSW,2060,Australia,APAC,O'Hara,Anna,Medium,O'Hara Anna,EXPENSIVE,GOOD,1995.0,,,
10101.0,46.0,53.76,2.0,2472.96,1/9/2003,Shipped,Qui_1,1.0,2003.0,Vintage Cars,44.0,S24_2022,Office Supplies,Lamp,"Blauer See Auto, Co.",+49 69 66 90 2555,Lyonerstr. 34,Unknown,Frankfurt,,60528,Germany,EMEA,Keitel,Roland,Small,Keitel Roland,CHEAP,GOOD,1996.0,,,
10357.0,28.0,100.0,2.0,3559.64,12/10/2004,Shipped,Qui_4,12.0,2004.0,Trucks and Buses,121.0,S18_4600,Furniture,Chair,Mini Gifts Distributors Ltd.,4155551450,5677 Strong St.,Unknown,San Rafael,CA,97562,USA,,Nelson,Valarie,Medium,Nelson Valarie,EXPENSIVE,GOOD,1974.0,,,
10220.0,27.0,100.0,1.0,5045.22,2/12/2004,Shipped,Qui_1,2.0,2004.0,Classic Cars,173.0,S12_3891,Furniture,Bookshelf,"Clover Collections, Co.",+353 1862 1555,25 Maiden Lane,Floor No. 4,Dublin,,2,Ireland,EMEA,Cassidy,Dean,Medium,Cassidy Dean,EXPENSIVE,GOOD,1976.0,,,
10332.0,21.0,100.0,3.0,3472.98,11/17/2004,Shipped,Qui_4,11.0,2004.0,Classic Cars,71.0,S18_4933,Furniture,Table,"AV Stores, Co.",(171) 555-1555,Fauntleroy Circus,Unknown,Manchester,,EC2 5NT,UK,EMEA,Ashworth,Victoria,Medium,Ashworth Victoria,EXPENSIVE,GOOD,1963.0,,,
10275.0,48.0,100.0,8.0,6378.72,7/23/2004,Shipped,Qui_3,7.0,2004.0,Planes,118.0,S700_2834,Technology,Desktop,La Rochelle Gifts,40.67.8555,"67, rue des Cinquante Otages",Unknown,Nantes,,44000,France,EMEA,Labrune,Janine,Medium,Labrune Janine,EXPENSIVE,GOOD,1989.0,,,
10204.0,38.0,100.0,16.0,6432.64,12/2/2003,Shipped,Qui_4,12.0,2003.0,Classic Cars,142.0,S18_1984,Furniture,Bookshelf,Muscle Machine Inc,2125557413,4092 Furth Circle,Suite 400,NYC,NY,10022,USA,,Young,Jeff,Medium,Young Jeff,EXPENSIVE,GOOD,1988.0,,,
10168.0,48.0,51.93,13.0,2492.64,10/28/2003,Shipped,Qui_4,10.0,2003.0,Vintage Cars,43.0,S50_1341,Accessories,Keyboard,Technics Stores Inc.,6505556809,9408 Furth Circle,Unknown,Burlingame,CA,94217,USA,,Hirano,Juri,Small,Hirano Juri,CHEAP,GOOD,1983.0,,,
10328.0,24.0,81.17,5.0,1948.08,11/12/2004,Shipped,Qui_4,11.0,2004.0,Vintage Cars,68.0,S32_4289,Office Supplies,Ruler,Rovelli Gifts,035-640555,Via Ludovico il Moro 22,Unknown,Bergamo,,24100,Italy,EMEA,Rovelli,Giovanni,Small,Rovelli Giovanni,EXPENSIVE,GOOD,1978.0,,,
10285.0,37.0,98.89,12.0,3658.93,8/27/2004,Shipped,Qui_3,8.0,2004.0,Motorcycles,99.0,S32_1374,Office Supplies,Eraser,Marta's Replicas Co.,6175558555,39323 Spinnaker Dr.,Unknown,Cambridge,MA,51247,USA,,Hernandez,Marta,Medium,Hernandez Marta,EXPENSIVE,GOOD,1989.0,,,
10238.0,28.0,100.0,3.0,5774.72,4/9/2004,Shipped,Qui_2,4.0,2004.0,Classic Cars,194.0,S12_1099,Furniture,Bookshelf,Danish Wholesale Imports,31 12 3555,Vinb'ltet 34,Unknown,Kobenhavn,,1734,Denmark,EMEA,Petersen,Jytte,Medium,Petersen Jytte,EXPENSIVE,GOOD,1993.0,,,
10280.0,46.0,100.0,3.0,5126.24,8/17/2004,Shipped,Qui_3,8.0,2004.0,Vintage Cars,101.0,S18_2949,Furniture,Desk,Amica Models & Co.,011-4988555,Via Monte Bianco 34,Unknown,Torino,,10100,Italy,EMEA,Accorti,Paolo,Medium,Accorti Paolo,EXPENSIVE,GOOD,1979.0,,,
10150.0,45.0,100.0,8.0,10993.5,9/19/2003,Shipped,Qui_3,9.0,2003.0,Classic Cars,214.0,S10_1949,Furniture,Desk,"Dragon Souveniers, Ltd.",+65 221 7555,"Bronz Sok., Bronz Apt. 3/6 Tesvikiye",Unknown,Singapore,,79903,Singapore,Japan,Natividad,Eric,Large,Natividad Eric,EXPENSIVE,GOOD,1973.0,,,
10225.0,32.0,100.0,1.0,4529.28,2/22/2004,Shipped,Qui_1,2.0,2004.0,Classic Cars,141.0,S18_1129,Furniture,Table,"Vida Sport, Ltd",0897-034555,Grenzacherweg 237,Unknown,Gensve,,1203,Switzerland,EMEA,Holz,Michael,Medium,Holz Michael,EXPENSIVE,GOOD,1965.0,,,
10420.0,37.0,100.0,5.0,5283.6,5/29/2005,In Process,Qui_2,5.0,2005.0,Vintage Cars,170.0,S18_1749,Furniture,Desk,Souveniers And Things Co.,+61 2 9495 8555,"Monitor Money Building, 815 Pacific Hwy",Level 6,Chatswood,NSW,2067,Australia,APAC,Huxley,Adrian,Medium,Huxley Adrian,EXPENSIVE,GOOD,1981.0,,,
10229.0,25.0,100.0,13.0,3451.0,3/11/2004,Shipped,Qui_1,3.0,2004.0,Trucks and Buses,136.0,S12_1666,Furniture,Cabinet,Mini Gifts Distributors Ltd.,4155551450,5677 Strong St.,Unknown,San Rafael,CA,97562,USA,,Nelson,Valarie,Medium,Nelson Valarie,EXPENSIVE,GOOD,1995.0,,,
10405.0,47.0,44.56,2.0,2094.32,4/14/2005,Shipped,Qui_2,4.0,2005.0,Classic Cars,37.0,S24_2972,Office Supplies,Eraser,Mini Caravy,88.60.1555,"24, place Kluber",Unknown,Strasbourg,,67000,France,EMEA,Citeaux,Frederique,Small,Citeaux Frederique,CHEAP,GOOD,1980.0,,,
10401.0,56.0,35.35,7.0,1979.6,4/3/2005,On Hold,Qui_2,4.0,2005.0,Vintage Cars,43.0,S50_1341,Accessories,Keyboard,Tekni Collectables Inc.,2015559350,7476 Moss Rd.,Unknown,Newark,NJ,94019,USA,,Brown,William,Small,Brown William,CHEAP,EXCELLENT,1994.0,,,
10266.0,49.0,100.0,5.0,6203.4,7/6/2004,Shipped,Qui_3,7.0,2004.0,Classic Cars,142.0,S18_1984,Furniture,Bookshelf,L'ordine Souveniers,0522-556555,Strada Provinciale 124,Unknown,Reggio Emilia,,42100,Italy,EMEA,Moroni,Maurizio,Medium,Moroni Maurizio,EXPENSIVE,GOOD,1986.0,,,
10339.0,27.0,76.31,6.0,2060.37,11/23/2004,Shipped,Qui_4,11.0,2004.0,Planes,49.0,S72_1253,Accessories,Keyboard,"Tokyo Collectables, Ltd",+81 3 3584 0555,2-2-8 Roppongi,Unknown,Minato-ku,Tokyo,106-0032,Japan,Japan,Shimamura,Akiko,Small,Shimamura Akiko,EXPENSIVE,GOOD,1981.0,,,
10417.0,45.0,100.0,5.0,5887.35,5/13/2005,Disputed,Qui_2,5.0,2005.0,Motorcycles,118.0,S10_2016,Furniture,Chair,Euro Shopping Channel,(91) 555 94 44,"C/ Moralzarzal, 86",Unknown,Madrid,,28034,Spain,EMEA,Freyre,Diego,Medium,Freyre Diego,EXPENSIVE,GOOD,1982.0,,,
10287.0,23.0,100.0,9.0,2675.13,8/30/2004,Shipped,Qui_3,8.0,2004.0,Classic Cars,115.0,S12_4675,Furniture,Cabinet,"Vida Sport, Ltd",0897-034555,Grenzacherweg 237,Unknown,Gensve,,1203,Switzerland,EMEA,Holz,Michael,Small,Holz Michael,EXPENSIVE,GOOD,1967.0,,,
10357.0,41.0,61.99,7.0,2541.59,12/10/2004,Shipped,Qui_4,12.0,2004.0,Trucks and Buses,60.0,S18_2432,Furniture,Table,Mini Gifts Distributors Ltd.,4155551450,5677 Strong St.,Unknown,San Rafael,CA,97562,USA,,Nelson,Valarie,Small,Nelson Valarie,CHEAP,GOOD,2000.0,,,
10104.0,41.0,100.0,9.0,4615.78,1/31/2003,Shipped,Qui_1,1.0,2003.0,Trucks and Buses,118.0,S12_4473,Furniture,Cabinet,Euro Shopping Channel,(91) 555 94 44,"C/ Moralzarzal, 86",Unknown,Madrid,,28034,Spain,EMEA,Freyre,Diego,Medium,Freyre Diego,EXPENSIVE,GOOD,1984.0,,,
10380.0,34.0,100.0,11.0,3953.18,2/16/2005,Shipped,Qui_1,2.0,2005.0,Classic Cars,107.0,S24_3432,Office Supplies,Lamp,Euro Shopping Channel,(91) 555 94 44,"C/ Moralzarzal, 86",Unknown,Madrid,,28034,Spain,EMEA,Freyre,Diego,Medium,Freyre Diego,EXPENSIVE,GOOD,1994.0,,,
10159.0,23.0,100.0,12.0,2347.15,10/10/2003,Shipped,Qui_4,10.0,2003.0,Motorcycles,102.0,S32_4485,Office Supplies,Ruler,Corporate Gift Ideas Co.,6505551386,7734 Strong St.,Unknown,San Francisco,CA,,USA,,Brown,Julie,Small,Brown Julie,EXPENSIVE,GOOD,1976.0,,,
10198.0,27.0,71.67,6.0,1935.09,11/27/2003,Shipped,Qui_4,11.0,2003.0,Vintage Cars,65.0,S24_3420,Office Supplies,Lamp,Cruz & Sons Co.,+63 2 555 3587,15 McCallum Street - NatWest Center #13-03,Unknown,Makati City,,1227 MM,Philippines,Japan,Cruz,Arnold,Small,Cruz Arnold,EXPENSIVE,GOOD,2000.0,,,
10324.0,48.0,100.0,4.0,8209.44,11/5/2004,Shipped,Qui_4,11.0,2004.0,Trucks and Buses,64.0,S32_3522,Office Supplies,Lamp,Vitachrome Inc.,2125551500,2678 Kingston Rd.,Suite 101,NYC,NY,10022,USA,,Frick,Michael,Large,Frick Michael,EXPENSIVE,GOOD,1981.0,,,
10262.0,49.0,100.0,9.0,6567.96,6/24/2004,Cancelled,Qui_2,6.0,2004.0,Planes,157.0,S18_1662,Furniture,Cabinet,Euro Shopping Channel,(91) 555 94 44,"C/ Moralzarzal, 86",Unknown,Madrid,,28034,Spain,EMEA,Freyre,Diego,Medium,Freyre Diego,EXPENSIVE,GOOD,1988.0,,,
10405.0,55.0,100.0,1.0,8289.05,4/14/2005,Shipped,Qui_2,4.0,2005.0,Classic Cars,169.0,S18_3232,Furniture,Table,Mini Caravy,88.60.1555,"24, place Kluber",Unknown,Strasbourg,,67000,France,EMEA,Citeaux,Frederique,Large,Citeaux Frederique,EXPENSIVE,EXCELLENT,1965.0,,,
10344.0,20.0,35.18,6.0,703.6,11/25/2004,Shipped,Qui_4,11.0,2004.0,Vintage Cars,33.0,S24_1937,Office Supplies,Lamp,Marseille Mini Autos,91.24.4555,"12, rue des Bouchers",Unknown,Marseille,,13008,France,EMEA,Lebihan,Laurence,Small,Lebihan Laurence,CHEAP,GOOD,1982.0,,,
10347.0,45.0,100.0,11.0,4948.2,11/29/2004,Shipped,Qui_4,11.0,2004.0,Vintage Cars,104.0,S18_3136,Furniture,Table,"Australian Collectors, Co.",03 9520 4555,636 St Kilda Road,Level 3,Melbourne,Victoria,3004,Australia,APAC,Ferguson,Peter,Medium,Ferguson Peter,EXPENSIVE,GOOD,1994.0,,,
10327.0,45.0,100.0,8.0,4781.7,11/10/2004,Resolved,Qui_4,11.0,2004.0,Planes,84.0,S18_2581,Furniture,Bookshelf,Danish Wholesale Imports,31 12 3555,Vinb'ltet 34,Unknown,Kobenhavn,,1734,Denmark,EMEA,Petersen,Jytte,Medium,Petersen Jytte,EXPENSIVE,GOOD,1998.0,,,
10304.0,24.0,100.0,17.0,2440.8,10/11/2004,Shipped,Qui_4,10.0,2004.0,Vintage Cars,127.0,S18_2325,Furniture,Table,Auto Assoc. & Cie.,30.59.8555,"67, avenue de l'Europe",Unknown,Versailles,,78000,France,EMEA,Tonini,Daniel,Small,Tonini Daniel,EXPENSIVE,GOOD,1964.0,,,
10263.0,47.0,100.0,9.0,5465.16,6/28/2004,Shipped,Qui_2,6.0,2004.0,Planes,118.0,S700_2834,Technology,Desktop,Gift Depot Inc.,2035552570,25593 South Bay Ln.,Unknown,Bridgewater,CT,97562,USA,,King,Julie,Medium,King Julie,EXPENSIVE,GOOD,1993.0,,,
10167.0,46.0,70.11,10.0,3225.06,10/23/2003,Cancelled,Qui_4,10.0,2003.0,Ships,72.0,S700_2610,Technology,Laptop,Scandinavian Gift Ideas,0695-34 6555,?kergatan 24,Unknown,Boras,,S-844 67,Sweden,EMEA,Larsson,Maria,Medium,Larsson Maria,EXPENSIVE,GOOD,1967.0,,,
10201.0,49.0,100.0,4.0,8065.89,12/1/2003,Shipped,Qui_4,12.0,2003.0,Motorcycles,193.0,S10_4698,Furniture,Bookshelf,Mini Wheels Co.,6505555787,5557 North Pendale Street,Unknown,San Francisco,CA,,USA,,Murphy,Julie,Large,Murphy Julie,EXPENSIVE,GOOD,1973.0,,,
10104.0,29.0,100.0,12.0,3772.61,1/31/2003,Shipped,Qui_1,1.0,2003.0,Trucks and Buses,122.0,S18_2319,Furniture,Chair,Euro Shopping Channel,(91) 555 94 44,"C/ Moralzarzal, 86",Unknown,Madrid,,28034,Spain,EMEA,Freyre,Diego,Medium,Freyre Diego,EXPENSIVE,GOOD,1985.0,,,
10262.0,49.0,37.97,3.0,1860.53,6/24/2004,Cancelled,Qui_2,6.0,2004.0,Vintage Cars,43.0,S50_1341,Accessories,Keyboard,Euro Shopping Channel,(91) 555 94 44,"C/ Moralzarzal, 86",Unknown,Madrid,,28034,Spain,EMEA,Freyre,Diego,Small,Freyre Diego,CHEAP,GOOD,1966.0,,,
10162.0,37.0,27.22,5.0,1007.14,10/18/2003,Shipped,Qui_4,10.0,2003.0,Vintage Cars,33.0,S24_1937,Office Supplies,Lamp,Corporate Gift Ideas Co.,6505551386,7734 Strong St.,Unknown,San Francisco,CA,,USA,,Brown,Julie,Small,Brown Julie,CHEAP,GOOD,1993.0,,,
10223.0,21.0,100.0,7.0,2475.27,2/20/2004,Shipped,Qui_1,2.0,2004.0,Motorcycles,99.0,S32_1374,Office Supplies,Eraser,"Australian Collectors, Co.",03 9520 4555,636 St Kilda Road,Level 3,Melbourne,Victoria,3004,Australia,APAC,Ferguson,Peter,Small,Ferguson Peter,EXPENSIVE,GOOD,1991.0,,,
10108.0,34.0,82.99,14.0,2821.66,3/3/2003,Shipped,Qui_1,3.0,2003.0,Motorcycles,81.0,S50_4713,Accessories,Headphone,Cruz & Sons Co.,+63 2 555 3587,15 McCallum Street - NatWest Center #13-03,Unknown,Makati City,,1227 MM,Philippines,Japan,Cruz,Arnold,Small,Cruz Arnold,EXPENSIVE,GOOD,1976.0,,,
10194.0,37.0,97.27,3.0,3598.99,11/25/2003,Shipped,Qui_4,11.0,2003.0,Trucks and Buses,96.0,S32_1268,Office Supplies,Eraser,"Saveley & Henriot, Co.",78.32.5555,"2, rue du Commerce",Unknown,Lyon,,69004,France,EMEA,Saveley,Mary,Medium,Saveley Mary,EXPENSIVE,GOOD,1965.0,,,
10328.0,47.0,87.54,14.0,4114.38,11/12/2004,Shipped,Qui_4,11.0,2004.0,Planes,109.0,S24_1785,Office Supplies,Ruler,Rovelli Gifts,035-640555,Via Ludovico il Moro 22,Unknown,Bergamo,,24100,Italy,EMEA,Rovelli,Giovanni,Medium,Rovelli Giovanni,EXPENSIVE,GOOD,1992.0,,,
10135.0,20.0,35.87,1.0,717.4,7/2/2003,Shipped,Qui_3,7.0,2003.0,Classic Cars,37.0,S24_2972,Office Supplies,Eraser,Mini Gifts Distributors Ltd.,4155551450,5677 Strong St.,Unknown,San Rafael,CA,97562,USA,,Nelson,Valarie,Small,Nelson Valarie,CHEAP,GOOD,1976.0,,,
10273.0,50.0,85.75,1.0,4287.5,7/21/2004,Shipped,Qui_3,7.0,2004.0,Vintage Cars,105.0,S18_3856,Furniture,Desk,Petit Auto,(02) 5554 67,Rue Joseph-Bens 532,Unknown,Bruxelles,,B-1180,Belgium,EMEA,Dewey,Catherine,Medium,Dewey Catherine,EXPENSIVE,EXCELLENT,1994.0,,,
10292.0,44.0,100.0,2.0,7140.76,9/8/2004,Shipped,Qui_3,9.0,2004.0,Classic Cars,143.0,S18_4027,Furniture,Table,Land of Toys Inc.,2125557818,897 Long Airport Avenue,Unknown,NYC,NY,10022,USA,,Yu,Kwai,Large,Yu Kwai,EXPENSIVE,GOOD,1963.0,,,
10358.0,20.0,36.42,11.0,728.4,12/10/2004,Shipped,Qui_4,12.0,2004.0,Trucks and Buses,122.0,S18_2319,Furniture,Chair,Euro Shopping Channel,(91) 555 94 44,"C/ Moralzarzal, 86",Unknown,Madrid,,28034,Spain,EMEA,Freyre,Diego,Small,Freyre Diego,CHEAP,GOOD,1986.0,,,
10159.0,44.0,100.0,15.0,5355.68,10/10/2003,Shipped,Qui_4,10.0,2003.0,Motorcycles,112.0,S24_1578,Office Supplies,Eraser,Corporate Gift Ideas Co.,6505551386,7734 Strong St.,Unknown,San Francisco,CA,,USA,,Brown,Julie,Medium,Brown Julie,EXPENSIVE,GOOD,1986.0,,,
10237.0,27.0,100.0,5.0,3113.64,4/5/2004,Shipped,Qui_2,4.0,2004.0,Motorcycles,102.0,S32_4485,Office Supplies,Ruler,Vitachrome Inc.,2125551500,2678 Kingston Rd.,Suite 101,NYC,NY,10022,USA,,Frick,Michael,Medium,Frick Michael,EXPENSIVE,GOOD,1968.0,,,
10297.0,25.0,82.79,4.0,2069.75,9/16/2004,Shipped,Qui_3,9.0,2004.0,Planes,84.0,S18_2581,Furniture,Bookshelf,"Clover Collections, Co.",+353 1862 1555,25 Maiden Lane,Floor No. 4,Dublin,,2,Ireland,EMEA,Cassidy,Dean,Small,Cassidy Dean,EXPENSIVE,GOOD,1987.0,,,
10310.0,27.0,80.41,13.0,2171.07,10/16/2004,Shipped,Qui_4,10.0,2004.0,Classic Cars,80.0,S18_3278,Furniture,Cabinet,"Toms Spezialitten, Ltd",0221-5554327,Mehrheimerstr. 369,Unknown,Koln,,50739,Germany,EMEA,Pfalzheim,Henriette,Small,Pfalzheim Henriette,EXPENSIVE,GOOD,1970.0,,,
10172.0,42.0,100.0,6.0,4965.24,11/5/2003,Shipped,Qui_4,11.0,2003.0,Classic Cars,124.0,S18_1589,Furniture,Bookshelf,Gift Depot Inc.,2035552570,25593 South Bay Ln.,Unknown,Bridgewater,CT,97562,USA,,King,Julie,Medium,King Julie,EXPENSIVE,GOOD,1985.0,,,
10159.0,24.0,73.42,3.0,1762.08,10/10/2003,Shipped,Qui_4,10.0,2003.0,Classic Cars,79.0,S12_3990,Furniture,Bookshelf,Corporate Gift Ideas Co.,6505551386,7734 Strong St.,Unknown,San Francisco,CA,,USA,,Brown,Julie,Small,Brown Julie,EXPENSIVE,GOOD,1982.0,,,
10133.0,49.0,69.27,3.0,3394.23,6/27/2003,Shipped,Qui_2,6.0,2003.0,Planes,84.0,S18_2581,Furniture,Bookshelf,Euro Shopping Channel,(91) 555 94 44,"C/ Moralzarzal, 86",Unknown,Madrid,,28034,Spain,EMEA,Freyre,Diego,Medium,Freyre Diego,EXPENSIVE,GOOD,1981.0,,,
10291.0,41.0,100.0,8.0,6387.8,9/8/2004,Shipped,Qui_3,9.0,2004.0,Trucks and Buses,136.0,S12_1666,Furniture,Cabinet,Scandinavian Gift Ideas,0695-34 6555,?kergatan 24,Unknown,Boras,,S-844 67,Sweden,EMEA,Larsson,Maria,Medium,Larsson Maria,EXPENSIVE,GOOD,1969.0,,,
10269.0,32.0,63.08,1.0,2018.56,7/16/2004,Shipped,Qui_3,7.0,2004.0,Vintage Cars,62.0,S18_2957,Furniture,Desk,Salzburg Collectables,6562-9555,Geislweg 14,Unknown,Salzburg,,5020,Austria,EMEA,Pipps,Georg,Small,Pipps Georg,CHEAP,GOOD,1977.0,,,
10321.0,44.0,100.0,6.0,4489.76,11/4/2004,Shipped,Qui_4,11.0,2004.0,Classic Cars,124.0,S18_1589,Furniture,Bookshelf,FunGiftIdeas.com,5085552555,1785 First Street,Unknown,New Bedford,MA,50553,USA,,Benitez,Violeta,Medium,Benitez Violeta,EXPENSIVE,GOOD,1986.0,,,
10146.0,47.0,67.14,2.0,3155.58,9/3/2003,Shipped,Qui_3,9.0,2003.0,Motorcycles,62.0,S18_3782,Furniture,Bookshelf,Gift Ideas Corp.,2035554407,2440 Pompton St.,Unknown,Glendale,CT,97561,USA,,Lewis,Dan,Medium,Lewis Dan,EXPENSIVE,GOOD,1965.0,,,
10209.0,48.0,44.69,3.0,2145.12,1/9/2004,Shipped,Qui_1,1.0,2004.0,Planes,49.0,S72_1253,Accessories,Keyboard,"Men 'R' US Retailers, Ltd.",2155554369,6047 Douglas Av.,Unknown,Los Angeles,CA,,USA,,Chandler,Michael,Small,Chandler Michael,CHEAP,GOOD,1984.0,,,
10358.0,41.0,100.0,6.0,6847.0,12/10/2004,Shipped,Qui_4,12.0,2004.0,Vintage Cars,97.0,S24_4258,Office Supplies,Pencil,Euro Shopping Channel,(91) 555 94 44,"C/ Moralzarzal, 86",Unknown,Madrid,,28034,Spain,EMEA,Freyre,Diego,Medium,Freyre Diego,EXPENSIVE,GOOD,1993.0,,,
10297.0,32.0,65.51,1.0,2096.32,9/16/2004,Shipped,Qui_3,9.0,2004.0,Motorcycles,76.0,S24_2000,Office Supplies,Pen,"Clover Collections, Co.",+353 1862 1555,25 Maiden Lane,Floor No. 4,Dublin,,2,Ireland,EMEA,Cassidy,Dean,Small,Cassidy Dean,EXPENSIVE,GOOD,1965.0,,,
10292.0,35.0,55.07,1.0,1927.45,9/8/2004,Shipped,Qui_3,9.0,2004.0,Trains,58.0,S50_1514,Accessories,Headphone,Land of Toys Inc.,2125557818,897 Long Airport Avenue,Unknown,NYC,NY,10022,USA,,Yu,Kwai,Small,Yu Kwai,CHEAP,GOOD,1976.0,,,
10117.0,22.0,100.0,12.0,2780.58,4/16/2003,Shipped,Qui_2,4.0,2003.0,Classic Cars,143.0,S18_4027,Furniture,Table,"Dragon Souveniers, Ltd.",+65 221 7555,"Bronz Sok., Bronz Apt. 3/6 Tesvikiye",Unknown,Singapore,,79903,Singapore,Japan,Natividad,Eric,Small,Natividad Eric,EXPENSIVE,GOOD,1996.0,,,
10316.0,48.0,74.45,18.0,3573.6,11/1/2004,Shipped,Qui_4,11.0,2004.0,Ships,72.0,S700_2610,Technology,Laptop,giftsbymail.co.uk,(198) 555-8888,Garden House Crowther Way,Unknown,Cowes,Isle of Wight,PO31 7PJ,UK,EMEA,Bennett,Helen,Medium,Bennett Helen,EXPENSIVE,GOOD,1992.0,,,
10278.0,25.0,100.0,9.0,3159.75,8/6/2004,Shipped,Qui_3,8.0,2004.0,Classic Cars,140.0,S24_3856,Office Supplies,Pencil,Signal Gift Stores,7025551838,8489 Strong St.,Unknown,Las Vegas,NV,83030,USA,,King,Sue,Medium,King Sue,EXPENSIVE,GOOD,1963.0,,,
10142.0,33.0,100.0,12.0,8023.29,8/8/2003,Shipped,Qui_3,8.0,2003.0,Classic Cars,207.0,S12_1108,Furniture,Chair,Mini Gifts Distributors Ltd.,4155551450,5677 Strong St.,Unknown,San Rafael,CA,97562,USA,,Nelson,Valarie,Large,Nelson Valarie,EXPENSIVE,GOOD,1962.0,,,
10208.0,20.0,89.4,2.0,1788.0,1/2/2004,Shipped,Qui_1,1.0,2004.0,Vintage Cars,88.0,S24_3151,Office Supplies,Pencil,"Saveley & Henriot, Co.",78.32.5555,"2, rue du Commerce",Unknown,Lyon,,69004,France,EMEA,Saveley,Mary,Small,Saveley Mary,EXPENSIVE,GOOD,1989.0,,,
10350.0,43.0,64.97,6.0,2793.71,12/2/2004,Shipped,Qui_4,12.0,2004.0,Ships,86.0,S18_3029,Furniture,Table,Euro Shopping Channel,(91) 555 94 44,"C/ Moralzarzal, 86",Unknown,Madrid,,28034,Spain,EMEA,Freyre,Diego,Small,Freyre Diego,CHEAP,GOOD,1997.0,,,
10181.0,20.0,81.4,15.0,1628.0,11/12/2003,Shipped,Qui_4,11.0,2003.0,Classic Cars,79.0,S12_3990,Furniture,Bookshelf,Herkku Gifts,+47 2267 3215,"Drammen 121, PR 744 Sentrum",Unknown,Bergen,,N 5804,Norway,EMEA,Oeztan,Veysel,Small,Oeztan Veysel,EXPENSIVE,GOOD,1979.0,,,
10344.0,26.0,63.43,5.0,1649.18,11/25/2004,Shipped,Qui_4,11.0,2004.0,Classic Cars,71.0,S18_4933,Furniture,Table,Marseille Mini Autos,91.24.4555,"12, rue des Bouchers",Unknown,Marseille,,13008,France,EMEA,Lebihan,Laurence,Small,Lebihan Laurence,CHEAP,GOOD,1960.0,,,
10108.0,36.0,100.0,3.0,3731.04,3/3/2003,Shipped,Qui_1,3.0,2003.0,Classic Cars,115.0,S12_4675,Furniture,Cabinet,Cruz & Sons Co.,+63 2 555 3587,15 McCallum Street - NatWest Center #13-03,Unknown,Makati City,,1227 MM,Philippines,Japan,Cruz,Arnold,Medium,Cruz Arnold,EXPENSIVE,GOOD,1973.0,,,
10382.0,26.0,100.0,6.0,2708.42,2/17/2005,Shipped,Qui_1,2.0,2005.0,Trucks and Buses,96.0,S32_1268,Office Supplies,Eraser,Mini Gifts Distributors Ltd.,4155551450,5677 Strong St.,Unknown,San Rafael,CA,97562,USA,,Nelson,Valarie,Small,Nelson Valarie,EXPENSIVE,GOOD,1997.0,,,
10261.0,20.0,89.53,9.0,1790.6,6/17/2004,Shipped,Qui_2,6.0,2004.0,Vintage Cars,87.0,S18_4522,Furniture,Table,Quebec Home Shopping Network,(514) 555-8054,43 rue St. Laurent,Unknown,Montreal,Quebec,H1J 1C3,Canada,,Fresnisre,Jean,Small,Fresnisre Jean,EXPENSIVE,GOOD,1996.0,,,
10110.0,36.0,85.25,13.0,3069.0,3/18/2003,Shipped,Qui_1,3.0,2003.0,Classic Cars,73.0,S24_1046,Office Supplies,Pencil,"AV Stores, Co.",(171) 555-1555,Fauntleroy Circus,Unknown,Manchester,,EC2 5NT,UK,EMEA,Ashworth,Victoria,Medium,Ashworth Victoria,EXPENSIVE,GOOD,1991.0,,,
10306.0,38.0,91.81,10.0,3488.78,10/14/2004,Shipped,Qui_4,10.0,2004.0,Ships,86.0,S700_1938,Technology,Desktop,"AV Stores, Co.",(171) 555-1555,Fauntleroy Circus,Unknown,Manchester,,EC2 5NT,UK,EMEA,Ashworth,Victoria,Medium,Ashworth Victoria,EXPENSIVE,GOOD,1983.0,,,
10153.0,31.0,87.48,8.0,2711.88,9/28/2003,Shipped,Qui_3,9.0,2003.0,Ships,86.0,S700_1938,Technology,Desktop,Euro Shopping Channel,(91) 555 94 44,"C/ Moralzarzal, 86",Unknown,Madrid,,28034,Spain,EMEA,Freyre,Diego,Small,Freyre Diego,EXPENSIVE,GOOD,1991.0,,,
10278.0,39.0,100.0,3.0,4324.32,8/6/2004,Shipped,Qui_3,8.0,2004.0,Classic Cars,132.0,S18_2870,Furniture,Cabinet,Signal Gift Stores,7025551838,8489 Strong St.,Unknown,Las Vegas,NV,83030,USA,,King,Sue,Medium,King Sue,EXPENSIVE,GOOD,1976.0,,,
10350.0,30.0,100.0,9.0,3021.0,12/2/2004,Shipped,Qui_4,12.0,2004.0,Vintage Cars,88.0,S24_3151,Office Supplies,Pencil,Euro Shopping Channel,(91) 555 94 44,"C/ Moralzarzal, 86",Unknown,Madrid,,28034,Spain,EMEA,Freyre,Diego,Medium,Freyre Diego,EXPENSIVE,GOOD,1963.0,,,
10104.0,32.0,53.31,2.0,1705.92,1/31/2003,Shipped,Qui_1,1.0,2003.0,Trains,58.0,S50_1514,Accessories,Headphone,Euro Shopping Channel,(91) 555 94 44,"C/ Moralzarzal, 86",Unknown,Madrid,,28034,Spain,EMEA,Freyre,Diego,Small,Freyre Diego,CHEAP,GOOD,1970.0,,,
10371.0,30.0,99.55,11.0,2986.5,1/23/2005,Shipped,Qui_1,1.0,2005.0,Trains,62.0,S32_3207,Office Supplies,Pen,Mini Gifts Distributors Ltd.,4155551450,5677 Strong St.,Unknown,San Rafael,CA,97562,USA,,Nelson,Valarie,Small,Nelson Valarie,EXPENSIVE,GOOD,1975.0,,,
10382.0,34.0,95.35,12.0,3241.9,2/17/2005,Shipped,Qui_1,2.0,2005.0,Classic Cars,173.0,S12_3891,Furniture,Bookshelf,Mini Gifts Distributors Ltd.,4155551450,5677 Strong St.,Unknown,San Rafael,CA,97562,USA,,Nelson,Valarie,Medium,Nelson Valarie,EXPENSIVE,GOOD,2000.0,,,
10107.0,27.0,100.0,4.0,6065.55,2/24/2003,Shipped,Qui_1,2.0,2003.0,Motorcycles,193.0,S10_4698,Furniture,Bookshelf,Land of Toys Inc.,2125557818,897 Long Airport Avenue,Unknown,NYC,NY,10022,USA,,Yu,Kwai,Medium,Yu Kwai,EXPENSIVE,GOOD,1989.0,,,
10110.0,31.0,100.0,1.0,5074.39,3/18/2003,Shipped,Qui_1,3.0,2003.0,Vintage Cars,168.0,S18_2795,Furniture,Bookshelf,"AV Stores, Co.",(171) 555-1555,Fauntleroy Circus,Unknown,Manchester,,EC2 5NT,UK,EMEA,Ashworth,Victoria,Medium,Ashworth Victoria,EXPENSIVE,GOOD,1985.0,,,
10401.0,85.0,88.75,10.0,7543.75,4/3/2005,On Hold,Qui_2,4.0,2005.0,Planes,99.0,S700_2466,Technology,Smart watch,Tekni Collectables Inc.,2015559350,7476 Moss Rd.,Unknown,Newark,NJ,94019,USA,,Brown,William,Large,Brown William,EXPENSIVE,EXCELLENT,1977.0,,,
10307.0,22.0,91.41,8.0,2011.02,10/14/2004,Shipped,Qui_4,10.0,2004.0,Vintage Cars,83.0,S24_3816,Office Supplies,Pen,"Classic Gift Ideas, Inc",2155554695,782 First Street,Unknown,Philadelphia,PA,71270,USA,,Cervantes,Francisca,Small,Cervantes Francisca,EXPENSIVE,GOOD,1990.0,,,
10104.0,23.0,100.0,13.0,4556.99,1/31/2003,Shipped,Qui_1,1.0,2003.0,Classic Cars,169.0,S18_3232,Furniture,Table,Euro Shopping Channel,(91) 555 94 44,"C/ Moralzarzal, 86",Unknown,Madrid,,28034,Spain,EMEA,Freyre,Diego,Medium,Freyre Diego,EXPENSIVE,GOOD,1975.0,,,
10328.0,34.0,100.0,6.0,3815.48,11/12/2004,Shipped,Qui_4,11.0,2004.0,Vintage Cars,105.0,S18_3856,Furniture,Desk,Rovelli Gifts,035-640555,Via Ludovico il Moro 22,Unknown,Bergamo,,24100,Italy,EMEA,Rovelli,Giovanni,Medium,Rovelli Giovanni,EXPENSIVE,GOOD,1979.0,,,
10122.0,43.0,100.0,5.0,5494.97,5/8/2003,Shipped,Qui_2,5.0,2003.0,Classic Cars,140.0,S24_3856,Office Supplies,Pencil,Marseille Mini Autos,91.24.4555,"12, rue des Bouchers",Unknown,Marseille,,13008,France,EMEA,Lebihan,Laurence,Medium,Lebihan Laurence,EXPENSIVE,GOOD,1968.0,,,
10386.0,37.0,83.84,14.0,3102.08,3/1/2005,Resolved,Qui_1,3.0,2005.0,Planes,99.0,S700_2466,Technology,Smart watch,Euro Shopping Channel,(91) 555 94 44,"C/ Moralzarzal, 86",Unknown,Madrid,,28034,Spain,EMEA,Freyre,Diego,Medium,Freyre Diego,EXPENSIVE,GOOD,1988.0,,,
10366.0,34.0,100.0,1.0,6275.72,1/10/2005,Shipped,Qui_1,1.0,2005.0,Classic Cars,169.0,S18_3232,Furniture,Table,Royale Belge,(071) 23 67 2555,"Boulevard Tirou, 255",Unknown,Charleroi,,B-6000,Belgium,EMEA,Cartrain,Pascale,Medium,Cartrain Pascale,EXPENSIVE,GOOD,1984.0,,,
10140.0,40.0,100.0,5.0,4601.2,7/24/2003,Shipped,Qui_3,7.0,2003.0,Trucks and Buses,121.0,S18_4600,Furniture,Chair,Technics Stores Inc.,6505556809,9408 Furth Circle,Unknown,Burlingame,CA,94217,USA,,Hirano,Juri,Medium,Hirano Juri,EXPENSIVE,GOOD,1992.0,,,
10196.0,50.0,94.4,2.0,4720.0,11/26/2003,Shipped,Qui_4,11.0,2003.0,Ships,86.0,S700_1938,Technology,Desktop,Super Scale Inc.,2035559545,567 North Pendale Street,Unknown,New Haven,CT,97823,USA,,Murphy,Leslie,Medium,Murphy Leslie,EXPENSIVE,EXCELLENT,1967.0,,,
10223.0,47.0,100.0,4.0,5422.39,2/20/2004,Shipped,Qui_1,2.0,2004.0,Motorcycles,118.0,S10_2016,Furniture,Chair,"Australian Collectors, Co.",03 9520 4555,636 St Kilda Road,Level 3,Melbourne,Victoria,3004,Australia,APAC,Ferguson,Peter,Medium,Ferguson Peter,EXPENSIVE,GOOD,1986.0,,,
10331.0,44.0,100.0,14.0,4849.24,11/17/2004,Shipped,Qui_4,11.0,2004.0,Classic Cars,124.0,S18_1589,Furniture,Bookshelf,Motor Mint Distributors Inc.,2155559857,11328 Douglas Av.,Unknown,Philadelphia,PA,71270,USA,,Hernandez,Rosa,Medium,Hernandez Rosa,EXPENSIVE,GOOD,1960.0,,,
10397.0,22.0,66.5,4.0,1463.0,3/28/2005,Shipped,Qui_1,3.0,2005.0,Ships,72.0,S700_2610,Technology,Laptop,Alpha Cognac,61.77.6555,1 rue Alsace-Lorraine,Unknown,Toulouse,,31000,France,EMEA,Roulet,Annette,Small,Roulet Annette,EXPENSIVE,GOOD,1972.0,,,
10407.0,41.0,100.0,12.0,6386.16,4/22/2005,On Hold,Qui_2,4.0,2005.0,Classic Cars,132.0,S18_2870,Furniture,Cabinet,The Sharp Gifts Warehouse,4085553659,3086 Ingle Ln.,Unknown,San Jose,CA,94217,USA,,Frick,Sue,Medium,Frick Sue,EXPENSIVE,GOOD,1971.0,,,
10361.0,26.0,51.15,8.0,1329.9,12/17/2004,Shipped,Qui_4,12.0,2004.0,Motorcycles,118.0,S10_2016,Furniture,Chair,Souveniers And Things Co.,+61 2 9495 8555,"Monitor Money Building, 815 Pacific Hwy",Level 6,Chatswood,NSW,2067,Australia,APAC,Huxley,Adrian,Small,Huxley Adrian,CHEAP,GOOD,1974.0,,,
10401.0,49.0,100.0,1.0,4992.61,4/3/2005,On Hold,Qui_2,4.0,2005.0,Motorcycles,99.0,S32_1374,Office Supplies,Eraser,Tekni Collectables Inc.,2015559350,7476 Moss Rd.,Unknown,Newark,NJ,94019,USA,,Brown,William,Medium,Brown William,EXPENSIVE,GOOD,1978.0,,,
10197.0,24.0,90.52,2.0,2172.48,11/26/2003,Shipped,Qui_4,11.0,2003.0,Ships,90.0,S700_2047,Technology,Tablet,Enaco Distributors,(93) 203 4555,"Rambla de Catalu¤a, 23",Unknown,Barcelona,,8022,Spain,EMEA,Saavedra,Eduardo,Small,Saavedra Eduardo,EXPENSIVE,GOOD,1975.0,,,
10207.0,28.0,94.92,5.0,2657.76,12/9/2003,Shipped,Qui_4,12.0,2003.0,Trucks and Buses,115.0,S50_1392,Accessories,Adapter,Diecast Collectables,6175552555,6251 Ingle Ln.,Unknown,Boston,MA,51003,USA,,Franco,Valarie,Small,Franco Valarie,EXPENSIVE,GOOD,1992.0,,,
10357.0,25.0,100.0,3.0,2604.25,12/10/2004,Shipped,Qui_4,12.0,2004.0,Vintage Cars,99.0,S18_3320,Furniture,Table,Mini Gifts Distributors Ltd.,4155551450,5677 Strong St.,Unknown,San Rafael,CA,97562,USA,,Nelson,Valarie,Small,Nelson Valarie,EXPENSIVE,GOOD,1999.0,,,
10420.0,35.0,96.74,10.0,3385.9,5/29/2005,In Process,Qui_2,5.0,2005.0,Classic Cars,85.0,S24_3191,Office Supplies,Ruler,Souveniers And Things Co.,+61 2 9495 8555,"Monitor Money Building, 815 Pacific Hwy",Level 6,Chatswood,NSW,2067,Australia,APAC,Huxley,Adrian,Medium,Huxley Adrian,EXPENSIVE,GOOD,1963.0,,,
10173.0,35.0,33.23,11.0,1163.05,11/5/2003,Shipped,Qui_4,11.0,2003.0,Vintage Cars,41.0,S24_3969,Office Supplies,Eraser,Rovelli Gifts,035-640555,Via Ludovico il Moro 22,Unknown,Bergamo,,24100,Italy,EMEA,Rovelli,Giovanni,Small,Rovelli Giovanni,CHEAP,GOOD,1962.0,,,
10182.0,21.0,100.0,4.0,3047.73,11/12/2003,Shipped,Qui_4,11.0,2003.0,Vintage Cars,168.0,S18_2795,Furniture,Bookshelf,Mini Gifts Distributors Ltd.,4155551450,5677 Strong St.,Unknown,San Rafael,CA,97562,USA,,Nelson,Valarie,Medium,Nelson Valarie,EXPENSIVE,GOOD,1982.0,,,
10349.0,38.0,100.0,8.0,6719.54,12/1/2004,Shipped,Qui_4,12.0,2004.0,Classic Cars,163.0,S18_2238,Furniture,Table,Muscle Machine Inc,2125557413,4092 Furth Circle,Suite 400,NYC,NY,10022,USA,,Young,Jeff,Medium,Young Jeff,EXPENSIVE,GOOD,1968.0,,,
10379.0,39.0,100.0,2.0,5399.55,2/10/2005,Shipped,Qui_1,2.0,2005.0,Vintage Cars,170.0,S18_1749,Furniture,Desk,Euro Shopping Channel,(91) 555 94 44,"C/ Moralzarzal, 86",Unknown,Madrid,,28034,Spain,EMEA,Freyre,Diego,Medium,Freyre Diego,EXPENSIVE,GOOD,1969.0,,,
10355.0,32.0,100.0,8.0,5302.72,12/7/2004,Shipped,Qui_4,12.0,2004.0,Classic Cars,140.0,S24_3856,Office Supplies,Pencil,Euro Shopping Channel,(91) 555 94 44,"C/ Moralzarzal, 86",Unknown,Madrid,,28034,Spain,EMEA,Freyre,Diego,Medium,Freyre Diego,EXPENSIVE,GOOD,1991.0,,,
10382.0,34.0,100.0,10.0,3823.64,2/17/2005,Shipped,Qui_1,2.0,2005.0,Classic Cars,207.0,S12_1108,Furniture,Chair,Mini Gifts Distributors Ltd.,4155551450,5677 Strong St.,Unknown,San Rafael,CA,97562,USA,,Nelson,Valarie,Medium,Nelson Valarie,EXPENSIVE,GOOD,1988.0,,,
10263.0,24.0,75.35,11.0,1808.4,6/28/2004,Shipped,Qui_2,6.0,2004.0,Planes,72.0,S24_4278,Office Supplies,Eraser,Gift Depot Inc.,2035552570,25593 South Bay Ln.,Unknown,Bridgewater,CT,97562,USA,,King,Julie,Small,King Julie,EXPENSIVE,GOOD,1989.0,,,
10300.0,23.0,100.0,7.0,3786.49,10/4/2003,Shipped,Qui_4,10.0,2003.0,Classic Cars,146.0,S18_3482,Furniture,Bookshelf,"Blauer See Auto, Co.",+49 69 66 90 2555,Lyonerstr. 34,Unknown,Frankfurt,,60528,Germany,EMEA,Keitel,Roland,Medium,Keitel Roland,EXPENSIVE,GOOD,1961.0,,,
10355.0,41.0,70.65,3.0,2896.65,12/7/2004,Shipped,Qui_4,12.0,2004.0,Motorcycles,69.0,S24_2360,Office Supplies,Eraser,Euro Shopping Channel,(91) 555 94 44,"C/ Moralzarzal, 86",Unknown,Madrid,,28034,Spain,EMEA,Freyre,Diego,Small,Freyre Diego,EXPENSIVE,GOOD,1973.0,,,
10262.0,40.0,79.11,2.0,3164.4,6/24/2004,Cancelled,Qui_2,6.0,2004.0,Vintage Cars,68.0,S32_4289,Office Supplies,Ruler,Euro Shopping Channel,(91) 555 94 44,"C/ Moralzarzal, 86",Unknown,Madrid,,28034,Spain,EMEA,Freyre,Diego,Medium,Freyre Diego,EXPENSIVE,GOOD,1981.0,,,
10209.0,43.0,82.21,1.0,3535.03,1/9/2004,Shipped,Qui_1,1.0,2004.0,Planes,68.0,S24_2841,Office Supplies,Pencil,"Men 'R' US Retailers, Ltd.",2155554369,6047 Douglas Av.,Unknown,Los Angeles,CA,,USA,,Chandler,Michael,Medium,Chandler Michael,EXPENSIVE,GOOD,1998.0,,,
10316.0,44.0,62.19,7.0,2736.36,11/1/2004,Shipped,Qui_4,11.0,2004.0,Planes,74.0,S700_4002,Technology,Laptop,giftsbymail.co.uk,(198) 555-8888,Garden House Crowther Way,Unknown,Cowes,Isle of Wight,PO31 7PJ,UK,EMEA,Bennett,Helen,Small,Bennett Helen,CHEAP,GOOD,1964.0,,,
10206.0,30.0,100.0,8.0,3581.4,12/5/2003,Shipped,Qui_4,12.0,2003.0,Vintage Cars,104.0,S18_3136,Furniture,Table,Canadian Gift Exchange Network,(604) 555-3392,1900 Oak St.,Unknown,Vancouver,BC,V3F 2K1,Canada,,Tannamuri,Yoshi,Medium,Tannamuri Yoshi,EXPENSIVE,GOOD,1972.0,,,
10204.0,20.0,62.47,10.0,1249.4,12/2/2003,Shipped,Qui_4,12.0,2003.0,Classic Cars,73.0,S24_1046,Office Supplies,Pencil,Muscle Machine Inc,2125557413,4092 Furth Circle,Suite 400,NYC,NY,10022,USA,,Young,Jeff,Small,Young Jeff,CHEAP,GOOD,1976.0,,,
10381.0,41.0,100.0,8.0,4319.76,2/17/2005,Shipped,Qui_1,2.0,2005.0,Vintage Cars,101.0,S18_2949,Furniture,Desk,Corporate Gift Ideas Co.,6505551386,7734 Strong St.,Unknown,San Francisco,CA,,USA,,Brown,Julie,Medium,Brown Julie,EXPENSIVE,GOOD,1997.0,,,
10257.0,46.0,78.89,4.0,3628.94,6/14/2004,Shipped,Qui_2,6.0,2004.0,Vintage Cars,97.0,S24_4258,Office Supplies,Pencil,The Sharp Gifts Warehouse,4085553659,3086 Ingle Ln.,Unknown,San Jose,CA,94217,USA,,Frick,Sue,Medium,Frick Sue,EXPENSIVE,GOOD,1964.0,,,
10134.0,43.0,83.03,7.0,3570.29,7/1/2003,Shipped,Qui_3,7.0,2003.0,Motorcycles,76.0,S24_2000,Office Supplies,Pen,Lyon Souveniers,+33 1 46 62 7555,27 rue du Colonel Pierre Avia,Unknown,Paris,,75508,France,EMEA,Da Cunha,Daniel,Medium,DaCunha Daniel,EXPENSIVE,GOOD,1985.0,,,
10161.0,37.0,72.76,5.0,2692.12,10/17/2003,Shipped,Qui_4,10.0,2003.0,Classic Cars,73.0,S24_1046,Office Supplies,Pencil,Heintze Collectables,86 21 3555,Smagsloget 45,Unknown,Aaarhus,,8200,Denmark,EMEA,Ibsen,Palle,Small,Ibsen Palle,EXPENSIVE,GOOD,1994.0,,,
10306.0,23.0,100.0,16.0,3600.65,10/14/2004,Shipped,Qui_4,10.0,2004.0,Classic Cars,143.0,S18_4027,Furniture,Table,"AV Stores, Co.",(171) 555-1555,Fauntleroy Circus,Unknown,Manchester,,EC2 5NT,UK,EMEA,Ashworth,Victoria,Medium,Ashworth Victoria,EXPENSIVE,GOOD,1993.0,,,
10280.0,21.0,78.89,6.0,1656.69,8/17/2004,Shipped,Qui_3,8.0,2004.0,Vintage Cars,97.0,S24_4258,Office Supplies,Pencil,Amica Models & Co.,011-4988555,Via Monte Bianco 34,Unknown,Torino,,10100,Italy,EMEA,Accorti,Paolo,Small,Accorti Paolo,EXPENSIVE,GOOD,1965.0,,,
10223.0,34.0,100.0,11.0,3608.76,2/20/2004,Shipped,Qui_1,2.0,2004.0,Planes,109.0,S24_1785,Office Supplies,Ruler,"Australian Collectors, Co.",03 9520 4555,636 St Kilda Road,Level 3,Melbourne,Victoria,3004,Australia,APAC,Ferguson,Peter,Medium,Ferguson Peter,EXPENSIVE,GOOD,1990.0,,,
10229.0,50.0,100.0,9.0,6426.5,3/11/2004,Shipped,Qui_1,3.0,2004.0,Classic Cars,147.0,S10_4962,Furniture,Cabinet,Mini Gifts Distributors Ltd.,4155551450,5677 Strong St.,Unknown,San Rafael,CA,97562,USA,,Nelson,Valarie,Medium,Nelson Valarie,EXPENSIVE,EXCELLENT,1972.0,,,
10266.0,36.0,100.0,2.0,5196.6,7/6/2004,Shipped,Qui_3,7.0,2004.0,Classic Cars,124.0,S18_1589,Furniture,Bookshelf,L'ordine Souveniers,0522-556555,Strada Provinciale 124,Unknown,Reggio Emilia,,42100,Italy,EMEA,Moroni,Maurizio,Medium,Moroni Maurizio,EXPENSIVE,GOOD,1962.0,,,
10251.0,29.0,61.18,6.0,1774.22,5/18/2004,Shipped,Qui_2,5.0,2004.0,Motorcycles,60.0,S18_2625,Furniture,Table,Tekni Collectables Inc.,2015559350,7476 Moss Rd.,Unknown,Newark,NJ,94019,USA,,Brown,William,Small,Brown William,CHEAP,GOOD,1982.0,,,
10321.0,37.0,33.23,12.0,1229.51,11/4/2004,Shipped,Qui_4,11.0,2004.0,Classic Cars,37.0,S24_2972,Office Supplies,Eraser,FunGiftIdeas.com,5085552555,1785 First Street,Unknown,New Bedford,MA,50553,USA,,Benitez,Violeta,Small,Benitez Violeta,CHEAP,GOOD,1964.0,,,
10173.0,27.0,41.22,8.0,1112.94,11/5/2003,Shipped,Qui_4,11.0,2003.0,Vintage Cars,44.0,S24_2022,Office Supplies,Lamp,Rovelli Gifts,035-640555,Via Ludovico il Moro 22,Unknown,Bergamo,,24100,Italy,EMEA,Rovelli,Giovanni,Small,Rovelli Giovanni,CHEAP,GOOD,1996.0,,,
10328.0,35.0,76.43,3.0,2675.05,11/12/2004,Shipped,Qui_4,11.0,2004.0,Planes,68.0,S24_3949,Office Supplies,Pencil,Rovelli Gifts,035-640555,Via Ludovico il Moro 22,Unknown,Bergamo,,24100,Italy,EMEA,Rovelli,Giovanni,Small,Rovelli Giovanni,EXPENSIVE,GOOD,1990.0,,,
10124.0,42.0,100.0,3.0,4431.84,5/21/2003,Shipped,Qui_2,5.0,2003.0,Vintage Cars,127.0,S18_2325,Furniture,Table,Signal Gift Stores,7025551838,8489 Strong St.,Unknown,Las Vegas,NV,83030,USA,,King,Sue,Medium,King Sue,EXPENSIVE,GOOD,1986.0,,,
10196.0,24.0,100.0,6.0,3807.12,11/26/2003,Shipped,Qui_4,11.0,2003.0,Classic Cars,151.0,S12_3148,Furniture,Desk,Super Scale Inc.,2035559545,567 North Pendale Street,Unknown,New Haven,CT,97823,USA,,Murphy,Leslie,Medium,Murphy Leslie,EXPENSIVE,GOOD,1994.0,,,
10273.0,47.0,100.0,15.0,5450.59,7/21/2004,Shipped,Qui_3,7.0,2004.0,Trains,100.0,S18_3259,Furniture,Desk,Petit Auto,(02) 5554 67,Rue Joseph-Bens 532,Unknown,Bruxelles,,B-1180,Belgium,EMEA,Dewey,Catherine,Medium,Dewey Catherine,EXPENSIVE,GOOD,1970.0,,,
10215.0,39.0,90.57,7.0,3532.23,1/29/2004,Shipped,Qui_1,1.0,2004.0,Vintage Cars,97.0,S24_4258,Office Supplies,Pencil,West Coast Collectables Co.,3105553722,3675 Furth Circle,Unknown,Burbank,CA,94019,USA,,Thompson,Steve,Medium,Thompson Steve,EXPENSIVE,GOOD,1966.0,,,
10339.0,27.0,100.0,2.0,2810.7,11/23/2004,Shipped,Qui_4,11.0,2004.0,Planes,84.0,S18_2581,Furniture,Bookshelf,"Tokyo Collectables, Ltd",+81 3 3584 0555,2-2-8 Roppongi,Unknown,Minato-ku,Tokyo,106-0032,Japan,Japan,Shimamura,Akiko,Small,Shimamura Akiko,EXPENSIVE,GOOD,1990.0,,,
10210.0,43.0,41.02,11.0,1763.86,1/12/2004,Shipped,Qui_1,1.0,2004.0,Vintage Cars,43.0,S50_1341,Accessories,Keyboard,Osaka Souveniers Co.,+81 06 6342 5555,"Dojima Avanza 4F, 1-6-20 Dojima, Kita-ku",Unknown,Osaka,Osaka,530-0003,Japan,Japan,Kentary,Mory,Small,Kentary Mory,CHEAP,GOOD,1984.0,,,
10143.0,36.0,100.0,2.0,3945.96,8/10/2003,Shipped,Qui_3,8.0,2003.0,Planes,91.0,S700_1691,Technology,Smart phone,Mini Creations Ltd.,5085559555,4575 Hillside Dr.,Unknown,New Bedford,MA,50553,USA,,Tam,Wing C,Medium,Tam WingC,EXPENSIVE,GOOD,1987.0,,,
10340.0,40.0,84.77,1.0,3390.8,11/24/2004,Shipped,Qui_4,11.0,2004.0,Planes,72.0,S24_4278,Office Supplies,Eraser,Enaco Distributors,(93) 203 4555,"Rambla de Catalu¤a, 23",Unknown,Barcelona,,8022,Spain,EMEA,Saavedra,Eduardo,Medium,Saavedra Eduardo,EXPENSIVE,GOOD,1987.0,,,
10280.0,34.0,100.0,7.0,3474.46,8/17/2004,Shipped,Qui_3,8.0,2004.0,Vintage Cars,99.0,S18_3320,Furniture,Table,Amica Models & Co.,011-4988555,Via Monte Bianco 34,Unknown,Torino,,10100,Italy,EMEA,Accorti,Paolo,Medium,Accorti Paolo,EXPENSIVE,GOOD,1998.0,,,
10353.0,40.0,82.21,8.0,3288.4,12/4/2004,Shipped,Qui_4,12.0,2004.0,Vintage Cars,43.0,S50_1341,Accessories,Keyboard,Gift Ideas Corp.,2035554407,2440 Pompton St.,Unknown,Glendale,CT,97561,USA,,Lewis,Dan,Medium,Lewis Dan,EXPENSIVE,GOOD,1982.0,,,
10104.0,24.0,100.0,8.0,3457.92,1/31/2003,Shipped,Qui_1,1.0,2003.0,Classic Cars,163.0,S18_2238,Furniture,Table,Euro Shopping Channel,(91) 555 94 44,"C/ Moralzarzal, 86",Unknown,Madrid,,28034,Spain,EMEA,Freyre,Diego,Medium,Freyre Diego,EXPENSIVE,GOOD,1985.0,,,
10259.0,34.0,99.41,7.0,3379.94,6/15/2004,Shipped,Qui_2,6.0,2004.0,Trucks and Buses,122.0,S18_2319,Furniture,Chair,Handji Gifts& Co,+65 224 1555,Village Close - 106 Linden Road Sandown,2nd Floor,Singapore,,69045,Singapore,APAC,Victorino,Wendy,Medium,Victorino Wendy,EXPENSIVE,GOOD,1993.0,,,
10259.0,41.0,100.0,13.0,4666.62,6/15/2004,Shipped,Qui_2,6.0,2004.0,Trucks and Buses,121.0,S18_4600,Furniture,Chair,Handji Gifts& Co,+65 224 1555,Village Close - 106 Linden Road Sandown,2nd Floor,Singapore,,69045,Singapore,APAC,Victorino,Wendy,Medium,Victorino Wendy,EXPENSIVE,GOOD,1981.0,,,
10415.0,42.0,57.61,3.0,2419.62,5/9/2005,Disputed,Qui_2,5.0,2005.0,Planes,49.0,S72_1253,Accessories,Keyboard,"Australian Collectables, Ltd",61-9-3844-6555,7 Allen Street,Unknown,Glen Waverly,Victoria,3150,Australia,APAC,Connery,Sean,Small,Connery Sean,CHEAP,GOOD,1961.0,,,
10253.0,22.0,100.0,11.0,2402.84,6/1/2004,Cancelled,Qui_2,6.0,2004.0,Classic Cars,117.0,S12_3380,Furniture,Bookshelf,"UK Collectables, Ltd.",(171) 555-2282,Berkeley Gardens 12  Brewery,Unknown,Liverpool,,WX1 6LT,UK,EMEA,Devon,Elizabeth,Small,Devon Elizabeth,EXPENSIVE,GOOD,1963.0,,,
10374.0,39.0,100.0,5.0,5288.01,2/2/2005,Shipped,Qui_1,2.0,2005.0,Motorcycles,118.0,S10_2016,Furniture,Chair,"Australian Gift Network, Co",61-7-3844-6555,31 Duncan St. West End,Unknown,South Brisbane,Queensland,4101,Australia,APAC,Calaghan,Tony,Medium,Calaghan Tony,EXPENSIVE,GOOD,1973.0,,,
10105.0,25.0,56.78,8.0,1419.5,2/11/2003,Shipped,Qui_1,2.0,2003.0,Ships,54.0,S72_3212,Accessories,Headphone,Danish Wholesale Imports,31 12 3555,Vinb'ltet 34,Unknown,Kobenhavn,,1734,Denmark,EMEA,Petersen,Jytte,Small,Petersen Jytte,CHEAP,GOOD,1985.0,,,
10168.0,39.0,82.91,17.0,3233.49,10/28/2003,Shipped,Qui_4,10.0,2003.0,Planes,74.0,S700_4002,Technology,Laptop,Technics Stores Inc.,6505556809,9408 Furth Circle,Unknown,Burlingame,CA,94217,USA,,Hirano,Juri,Medium,Hirano Juri,EXPENSIVE,GOOD,1988.0,,,
10193.0,28.0,100.0,7.0,3106.88,11/21/2003,Shipped,Qui_4,11.0,2003.0,Vintage Cars,102.0,S18_1342,Furniture,Desk,"Australian Collectables, Ltd",61-9-3844-6555,7 Allen Street,Unknown,Glen Waverly,Victoria,3150,Australia,APAC,Connery,Sean,Medium,Connery Sean,EXPENSIVE,GOOD,1979.0,,,
10322.0,27.0,100.0,9.0,4784.13,11/4/2004,Shipped,Qui_4,11.0,2004.0,Trucks and Buses,136.0,S12_1666,Furniture,Cabinet,Online Diecast Creations Co.,6035558647,2304 Long Airport Avenue,Unknown,Nashua,NH,62005,USA,,Young,Valarie,Medium,Young Valarie,EXPENSIVE,GOOD,1985.0,,,
10375.0,43.0,100.0,2.0,10039.6,2/3/2005,Shipped,Qui_1,2.0,2005.0,Planes,72.0,S24_4278,Office Supplies,Eraser,La Rochelle Gifts,40.67.8555,"67, rue des Cinquante Otages",Unknown,Nantes,,44000,France,EMEA,Labrune,Janine,Large,Labrune Janine,EXPENSIVE,GOOD,1961.0,,,
10185.0,43.0,100.0,12.0,7886.2,11/14/2003,Shipped,Qui_4,11.0,2003.0,Classic Cars,173.0,S12_3891,Furniture,Bookshelf,Mini Creations Ltd.,5085559555,4575 Hillside Dr.,Unknown,New Bedford,MA,50553,USA,,Tam,Wing C,Large,Tam WingC,EXPENSIVE,GOOD,2000.0,,,
10212.0,41.0,100.0,9.0,4840.87,1/16/2004,Shipped,Qui_1,1.0,2004.0,Classic Cars,142.0,S18_1984,Furniture,Bookshelf,Euro Shopping Channel,(91) 555 94 44,"C/ Moralzarzal, 86",Unknown,Madrid,,28034,Spain,EMEA,Freyre,Diego,Medium,Freyre Diego,EXPENSIVE,GOOD,1999.0,,,
10235.0,32.0,92.0,9.0,2944.0,4/2/2004,Shipped,Qui_2,4.0,2004.0,Planes,80.0,S700_3167,Technology,Smart watch,"Royal Canadian Collectables, Ltd.",(604) 555-4555,23 Tsawassen Blvd.,Unknown,Tsawassen,BC,T2F 8M4,Canada,,Lincoln,Elizabeth,Small,Lincoln Elizabeth,EXPENSIVE,GOOD,1987.0,,,
10356.0,30.0,100.0,1.0,4462.2,12/9/2004,Shipped,Qui_4,12.0,2004.0,Vintage Cars,168.0,S18_2795,Furniture,Bookshelf,Lyon Souveniers,+33 1 46 62 7555,27 rue du Colonel Pierre Avia,Unknown,Paris,,75508,France,EMEA,Da Cunha,Daniel,Medium,DaCunha Daniel,EXPENSIVE,GOOD,1985.0,,,
10334.0,26.0,100.0,2.0,3188.12,11/19/2004,On Hold,Qui_4,11.0,2004.0,Classic Cars,147.0,S10_4962,Furniture,Cabinet,"Volvo Model Replicas, Co",0921-12 3555,Berguvsv„gen  8,Unknown,Lule,,S-958 22,Sweden,EMEA,Berglund,Christina,Medium,Berglund Christina,EXPENSIVE,GOOD,1993.0,,,
10311.0,32.0,100.0,11.0,3616.64,10/16/2004,Shipped,Qui_4,10.0,2004.0,Classic Cars,141.0,S18_3685,Furniture,Bookshelf,Euro Shopping Channel,(91) 555 94 44,"C/ Moralzarzal, 86",Unknown,Madrid,,28034,Spain,EMEA,Freyre,Diego,Medium,Freyre Diego,EXPENSIVE,GOOD,1977.0,,,
10383.0,32.0,53.18,5.0,1701.76,2/22/2005,Shipped,Qui_1,2.0,2005.0,Trucks and Buses,54.0,S32_2509,Office Supplies,Pen,Euro Shopping Channel,(91) 555 94 44,"C/ Moralzarzal, 86",Unknown,Madrid,,28034,Spain,EMEA,Freyre,Diego,Small,Freyre Diego,CHEAP,GOOD,1986.0,,,
10178.0,45.0,76.25,2.0,3431.25,11/8/2003,Shipped,Qui_4,11.0,2003.0,Planes,74.0,S700_4002,Technology,Laptop,Alpha Cognac,61.77.6555,1 rue Alsace-Lorraine,Unknown,Toulouse,,31000,France,EMEA,Roulet,Annette,Medium,Roulet Annette,EXPENSIVE,GOOD,1975.0,,,
10257.0,26.0,89.29,5.0,2321.54,6/14/2004,Shipped,Qui_2,6.0,2004.0,Vintage Cars,99.0,S18_3320,Furniture,Table,The Sharp Gifts Warehouse,4085553659,3086 Ingle Ln.,Unknown,San Jose,CA,94217,USA,,Frick,Sue,Small,Frick Sue,EXPENSIVE,GOOD,1994.0,,,
10210.0,25.0,100.0,6.0,2818.0,1/12/2004,Shipped,Qui_1,1.0,2004.0,Planes,118.0,S700_2834,Technology,Desktop,Osaka Souveniers Co.,+81 06 6342 5555,"Dojima Avanza 4F, 1-6-20 Dojima, Kita-ku",Unknown,Osaka,Osaka,530-0003,Japan,Japan,Kentary,Mory,Small,Kentary Mory,EXPENSIVE,GOOD,1975.0,,,
10375.0,20.0,100.0,14.0,2046.0,2/3/2005,Shipped,Qui_1,2.0,2005.0,Motorcycles,69.0,S24_2360,Office Supplies,Eraser,La Rochelle Gifts,40.67.8555,"67, rue des Cinquante Otages",Unknown,Nantes,,44000,France,EMEA,Labrune,Janine,Small,Labrune Janine,EXPENSIVE,GOOD,1987.0,,,
10423.0,10.0,88.14,1.0,881.4,5/30/2005,In Process,Qui_2,5.0,2005.0,Vintage Cars,101.0,S18_2949,Furniture,Desk,Petit Auto,(02) 5554 67,Rue Joseph-Bens 532,Unknown,Bruxelles,,B-1180,Belgium,EMEA,Dewey,Catherine,Small,Dewey Catherine,EXPENSIVE,GOOD,1982.0,,,
10304.0,40.0,100.0,1.0,4208.0,10/11/2004,Shipped,Qui_4,10.0,2004.0,Classic Cars,101.0,S700_2824,Technology,Desktop,Auto Assoc. & Cie.,30.59.8555,"67, avenue de l'Europe",Unknown,Versailles,,78000,France,EMEA,Tonini,Daniel,Medium,Tonini Daniel,EXPENSIVE,GOOD,1975.0,,,
10390.0,36.0,100.0,2.0,5079.96,3/4/2005,Shipped,Qui_1,3.0,2005.0,Motorcycles,62.0,S18_3782,Furniture,Bookshelf,Mini Gifts Distributors Ltd.,4155551450,5677 Strong St.,Unknown,San Rafael,CA,97562,USA,,Nelson,Valarie,Medium,Nelson Valarie,EXPENSIVE,GOOD,1970.0,,,
10161.0,25.0,80.54,1.0,2013.5,10/17/2003,Shipped,Qui_4,10.0,2003.0,Classic Cars,71.0,S18_4933,Furniture,Table,Heintze Collectables,86 21 3555,Smagsloget 45,Unknown,Aaarhus,,8200,Denmark,EMEA,Ibsen,Palle,Small,Ibsen Palle,EXPENSIVE,GOOD,1989.0,,,
10233.0,29.0,82.4,1.0,2389.6,3/29/2004,Shipped,Qui_1,3.0,2004.0,Ships,72.0,S700_2610,Technology,Laptop,Tekni Collectables Inc.,2015559350,7476 Moss Rd.,Unknown,Newark,NJ,94019,USA,,Brown,William,Small,Brown William,EXPENSIVE,GOOD,1968.0,,,
10177.0,29.0,100.0,11.0,3070.52,11/7/2003,Shipped,Qui_4,11.0,2003.0,Trains,100.0,S18_3259,Furniture,Desk,CAF Imports,+34 913 728 555,"Merchants House, 27-30 Merchant's Quay",Unknown,Madrid,,28023,Spain,EMEA,Fernandez,Jesus,Medium,Fernandez Jesus,EXPENSIVE,GOOD,1963.0,,,
10319.0,31.0,81.73,7.0,2533.63,11/3/2004,Shipped,Qui_4,11.0,2004.0,Motorcycles,69.0,S24_2360,Office Supplies,Eraser,Microscale Inc.,2125551957,5290 North Pendale Street,Suite 200,NYC,NY,10022,USA,,Kuo,Kee,Small,Kuo Kee,EXPENSIVE,GOOD,1964.0,,,
10270.0,43.0,96.84,8.0,4164.12,7/19/2004,Shipped,Qui_3,7.0,2004.0,Trucks and Buses,116.0,S18_1097,Furniture,Bookshelf,Souveniers And Things Co.,+61 2 9495 8555,"Monitor Money Building, 815 Pacific Hwy",Level 6,Chatswood,NSW,2067,Australia,APAC,Huxley,Adrian,Medium,Huxley Adrian,EXPENSIVE,GOOD,1987.0,,,
10340.0,40.0,50.62,4.0,2024.8,11/24/2004,Shipped,Qui_4,11.0,2004.0,Vintage Cars,43.0,S50_1341,Accessories,Keyboard,Enaco Distributors,(93) 203 4555,"Rambla de Catalu¤a, 23",Unknown,Barcelona,,8022,Spain,EMEA,Saavedra,Eduardo,Small,Saavedra Eduardo,CHEAP,GOOD,1975.0,,,
10217.0,35.0,61.38,2.0,2148.3,2/4/2004,Shipped,Qui_1,2.0,2004.0,Trucks and Buses,60.0,S18_2432,Furniture,Table,Handji Gifts& Co,+65 224 1555,Village Close - 106 Linden Road Sandown,2nd Floor,Singapore,,69045,Singapore,APAC,Victorino,Wendy,Small,Victorino Wendy,CHEAP,GOOD,1972.0,,,
10299.0,44.0,80.55,5.0,3544.2,9/30/2004,Shipped,Qui_3,9.0,2004.0,Motorcycles,81.0,S50_4713,Accessories,Headphone,"Toys of Finland, Co.",90-224 8555,Keskuskatu 45,Unknown,Helsinki,,21240,Finland,EMEA,Karttunen,Matti,Medium,Karttunen Matti,EXPENSIVE,GOOD,1981.0,,,
10309.0,41.0,100.0,5.0,4394.38,10/15/2004,Shipped,Qui_4,10.0,2004.0,Motorcycles,95.0,S10_1678,Furniture,Cabinet,Baane Mini Imports,07-98 9555,Erling Skakkes gate 78,Unknown,Stavern,,4110,Norway,EMEA,Bergulfsen,Jonas,Medium,Bergulfsen Jonas,EXPENSIVE,GOOD,2000.0,,,
10148.0,25.0,100.0,12.0,4232.0,9/11/2003,Shipped,Qui_3,9.0,2003.0,Classic Cars,142.0,S18_1984,Furniture,Bookshelf,"Anna's Decorations, Ltd",02 9936 8555,201 Miller Street,Level 15,North Sydney,NSW,2060,Australia,APAC,O'Hara,Anna,Medium,O'Hara Anna,EXPENSIVE,GOOD,1960.0,,,
10226.0,46.0,100.0,6.0,7343.9,2/26/2004,Shipped,Qui_1,2.0,2004.0,Classic Cars,141.0,S18_3685,Furniture,Bookshelf,Collectable Mini Designs Co.,7605558146,361 Furth Circle,Unknown,San Diego,CA,91217,USA,,Thompson,Valarie,Large,Thompson Valarie,EXPENSIVE,GOOD,1980.0,,,
10197.0,46.0,87.74,4.0,4036.04,11/26/2003,Shipped,Qui_4,11.0,2003.0,Ships,86.0,S18_3029,Furniture,Table,Enaco Distributors,(93) 203 4555,"Rambla de Catalu¤a, 23",Unknown,Barcelona,,8022,Spain,EMEA,Saavedra,Eduardo,Medium,Saavedra Eduardo,EXPENSIVE,GOOD,1996.0,,,
10207.0,34.0,99.54,7.0,3384.36,12/9/2003,Shipped,Qui_4,12.0,2003.0,Trucks and Buses,118.0,S12_4473,Furniture,Cabinet,Diecast Collectables,6175552555,6251 Ingle Ln.,Unknown,Boston,MA,51003,USA,,Franco,Valarie,Medium,Franco Valarie,EXPENSIVE,GOOD,1998.0,,,
10114.0,32.0,100.0,7.0,3667.52,4/1/2003,Shipped,Qui_2,4.0,2003.0,Trucks and Buses,96.0,S32_1268,Office Supplies,Eraser,"La Corne D'abondance, Co.",(1) 42.34.2555,"265, boulevard Charonne",Unknown,Paris,,75012,France,EMEA,Bertrand,Marie,Medium,Bertrand Marie,EXPENSIVE,GOOD,1994.0,,,
10193.0,24.0,51.84,3.0,1244.16,11/21/2003,Shipped,Qui_4,11.0,2003.0,Vintage Cars,62.0,S18_2957,Furniture,Desk,"Australian Collectables, Ltd",61-9-3844-6555,7 Allen Street,Unknown,Glen Waverly,Victoria,3150,Australia,APAC,Connery,Sean,Small,Connery Sean,CHEAP,GOOD,1993.0,,,
10305.0,36.0,100.0,8.0,4816.08,10/13/2004,Shipped,Qui_4,10.0,2004.0,Trucks and Buses,122.0,S18_2319,Furniture,Chair,Marta's Replicas Co.,6175558555,39323 Spinnaker Dr.,Unknown,Cambridge,MA,51247,USA,,Hernandez,Marta,Medium,Hernandez Marta,EXPENSIVE,GOOD,1996.0,,,
10180.0,29.0,86.13,9.0,2497.77,11/11/2003,Shipped,Qui_4,11.0,2003.0,Motorcycles,95.0,S10_1678,Furniture,Cabinet,Daedalus Designs Imports,20.16.1555,"184, chausse de Tournai",Unknown,Lille,,59000,France,EMEA,Rance,Martine,Small,Rance Martine,EXPENSIVE,GOOD,1992.0,,,
10306.0,50.0,54.0,3.0,2700.0,10/14/2004,Shipped,Qui_4,10.0,2004.0,Ships,66.0,S700_1138,Technology,Desktop,"AV Stores, Co.",(171) 555-1555,Fauntleroy Circus,Unknown,Manchester,,EC2 5NT,UK,EMEA,Ashworth,Victoria,Small,Ashworth Victoria,CHEAP,EXCELLENT,1963.0,,,
10222.0,37.0,87.75,1.0,3246.75,2/19/2004,Shipped,Qui_1,2.0,2004.0,Planes,99.0,S700_2466,Technology,Smart watch,Collectable Mini Designs Co.,7605558146,361 Furth Circle,Unknown,San Diego,CA,91217,USA,,Thompson,Valarie,Medium,Thompson Valarie,EXPENSIVE,GOOD,1970.0,,,
10255.0,37.0,45.7,2.0,1690.9,6/4/2004,Shipped,Qui_2,6.0,2004.0,Vintage Cars,44.0,S24_2022,Office Supplies,Lamp,Mini Caravy,88.60.1555,"24, place Kluber",Unknown,Strasbourg,,67000,France,EMEA,Citeaux,Frederique,Small,Citeaux Frederique,CHEAP,GOOD,1986.0,,,
10361.0,34.0,100.0,6.0,3871.92,12/17/2004,Shipped,Qui_4,12.0,2004.0,Vintage Cars,65.0,S24_3420,Office Supplies,Lamp,Souveniers And Things Co.,+61 2 9495 8555,"Monitor Money Building, 815 Pacific Hwy",Level 6,Chatswood,NSW,2067,Australia,APAC,Huxley,Adrian,Medium,Huxley Adrian,EXPENSIVE,GOOD,1969.0,,,
10284.0,45.0,100.0,8.0,4576.95,8/21/2004,Shipped,Qui_3,8.0,2004.0,Planes,99.0,S700_2466,Technology,Smart watch,"Norway Gifts By Mail, Co.",+47 2212 1555,"Drammensveien 126 A, PB 744 Sentrum",Unknown,Oslo,,N 0106,Norway,EMEA,Klaeboe,Jan,Medium,Klaeboe Jan,EXPENSIVE,GOOD,1979.0,,,
10414.0,31.0,75.89,4.0,2352.59,5/6/2005,On Hold,Qui_2,5.0,2005.0,Ships,72.0,S700_2610,Technology,Laptop,Gifts4AllAges.com,6175559555,8616 Spinnaker Dr.,Unknown,Boston,MA,51003,USA,,Yoshido,Juri,Small,Yoshido Juri,EXPENSIVE,GOOD,1980.0,,,
10184.0,33.0,62.77,8.0,2071.41,11/14/2003,Shipped,Qui_4,11.0,2003.0,Trucks and Buses,54.0,S32_2509,Office Supplies,Pen,"Iberia Gift Imports, Corp.",(95) 555 82 82,"C/ Romero, 33",Unknown,Sevilla,,41101,Spain,EMEA,Roel,Jose Pedro,Small,Roel JosePedro,CHEAP,GOOD,1976.0,,,
10207.0,49.0,46.82,4.0,2294.18,12/9/2003,Shipped,Qui_4,12.0,2003.0,Classic Cars,57.0,S24_1444,Office Supplies,Pencil,Diecast Collectables,6175552555,6251 Ingle Ln.,Unknown,Boston,MA,51003,USA,,Franco,Valarie,Small,Franco Valarie,CHEAP,GOOD,1972.0,,,
10212.0,45.0,53.33,5.0,2399.85,1/16/2004,Shipped,Qui_1,1.0,2004.0,Classic Cars,50.0,S24_1628,Office Supplies,Lamp,Euro Shopping Channel,(91) 555 94 44,"C/ Moralzarzal, 86",Unknown,Madrid,,28034,Spain,EMEA,Freyre,Diego,Small,Freyre Diego,CHEAP,GOOD,1966.0,,,
10197.0,22.0,100.0,3.0,2538.8,11/26/2003,Shipped,Qui_4,11.0,2003.0,Vintage Cars,105.0,S18_3856,Furniture,Desk,Enaco Distributors,(93) 203 4555,"Rambla de Catalu¤a, 23",Unknown,Barcelona,,8022,Spain,EMEA,Saavedra,Eduardo,Small,Saavedra Eduardo,EXPENSIVE,GOOD,1970.0,,,
10337.0,36.0,100.0,3.0,5679.36,11/21/2004,Shipped,Qui_4,11.0,2004.0,Classic Cars,143.0,S18_4027,Furniture,Table,Classic Legends Inc.,2125558493,5905 Pompton St.,Suite 750,NYC,NY,10022,USA,,Hernandez,Maria,Medium,Hernandez Maria,EXPENSIVE,GOOD,1994.0,,,
10331.0,21.0,100.0,1.0,3135.93,11/17/2004,Shipped,Qui_4,11.0,2004.0,Classic Cars,140.0,S24_3856,Office Supplies,Pencil,Motor Mint Distributors Inc.,2155559857,11328 Douglas Av.,Unknown,Philadelphia,PA,71270,USA,,Hernandez,Rosa,Medium,Hernandez Rosa,EXPENSIVE,GOOD,1998.0,,,
10420.0,45.0,26.88,1.0,1209.6,5/29/2005,In Process,Qui_2,5.0,2005.0,Vintage Cars,33.0,S24_1937,Office Supplies,Lamp,Souveniers And Things Co.,+61 2 9495 8555,"Monitor Money Building, 815 Pacific Hwy",Level 6,Chatswood,NSW,2067,Australia,APAC,Huxley,Adrian,Small,Huxley Adrian,CHEAP,GOOD,1979.0,,,
10163.0,43.0,100.0,6.0,4991.44,10/20/2003,Shipped,Qui_4,10.0,2003.0,Vintage Cars,99.0,S18_3320,Furniture,Table,Classic Legends Inc.,2125558493,5905 Pompton St.,Suite 750,NYC,NY,10022,USA,,Hernandez,Maria,Medium,Hernandez Maria,EXPENSIVE,GOOD,1974.0,,,
10293.0,22.0,100.0,6.0,2418.24,9/9/2004,Shipped,Qui_3,9.0,2004.0,Trains,100.0,S18_3259,Furniture,Desk,Amica Models & Co.,011-4988555,Via Monte Bianco 34,Unknown,Torino,,10100,Italy,EMEA,Accorti,Paolo,Small,Accorti Paolo,EXPENSIVE,GOOD,1973.0,,,
10126.0,22.0,100.0,4.0,3347.74,5/28/2003,Shipped,Qui_2,5.0,2003.0,Classic Cars,147.0,S10_4962,Furniture,Cabinet,"Corrida Auto Replicas, Ltd",(91) 555 22 82,"C/ Araquil, 67",Unknown,Madrid,,28023,Spain,EMEA,Sommer,Mart¡n,Medium,Sommer Mart¡n,EXPENSIVE,GOOD,1969.0,,,
10223.0,38.0,69.31,6.0,2633.78,2/20/2004,Shipped,Qui_1,2.0,2004.0,Motorcycles,76.0,S24_2000,Office Supplies,Pen,"Australian Collectors, Co.",03 9520 4555,636 St Kilda Road,Level 3,Melbourne,Victoria,3004,Australia,APAC,Ferguson,Peter,Small,Ferguson Peter,EXPENSIVE,GOOD,1960.0,,,
10340.0,55.0,100.0,2.0,6482.85,11/24/2004,Shipped,Qui_4,11.0,2004.0,Motorcycles,99.0,S32_1374,Office Supplies,Eraser,Enaco Distributors,(93) 203 4555,"Rambla de Catalu¤a, 23",Unknown,Barcelona,,8022,Spain,EMEA,Saavedra,Eduardo,Medium,Saavedra Eduardo,EXPENSIVE,EXCELLENT,1967.0,,,
10336.0,49.0,63.38,1.0,3105.62,11/20/2004,Shipped,Qui_4,11.0,2004.0,Classic Cars,173.0,S12_3891,Furniture,Bookshelf,"La Corne D'abondance, Co.",(1) 42.34.2555,"265, boulevard Charonne",Unknown,Paris,,75012,France,EMEA,Bertrand,Marie,Medium,Bertrand Marie,CHEAP,GOOD,1966.0,,,
10217.0,48.0,100.0,4.0,7020.48,2/4/2004,Shipped,Qui_1,2.0,2004.0,Classic Cars,147.0,S10_4962,Furniture,Cabinet,Handji Gifts& Co,+65 224 1555,Village Close - 106 Linden Road Sandown,2nd Floor,Singapore,,69045,Singapore,APAC,Victorino,Wendy,Large,Victorino Wendy,EXPENSIVE,GOOD,1973.0,,,
10252.0,48.0,72.41,7.0,3475.68,5/26/2004,Shipped,Qui_2,5.0,2004.0,Motorcycles,81.0,S50_4713,Accessories,Headphone,Auto Canal Petit,(1) 47.55.6555,"25, rue Lauriston",Unknown,Paris,,75016,France,EMEA,Perrier,Dominique,Medium,Perrier Dominique,EXPENSIVE,GOOD,1987.0,,,
10147.0,31.0,64.67,11.0,2004.77,9/5/2003,Shipped,Qui_3,9.0,2003.0,Classic Cars,80.0,S24_4620,Office Supplies,Lamp,Collectables For Less Inc.,6175558555,7825 Douglas Av.,Unknown,Brickhaven,MA,58339,USA,,Nelson,Allen,Small,Nelson Allen,CHEAP,GOOD,1961.0,,,
10212.0,29.0,100.0,10.0,4186.73,1/16/2004,Shipped,Qui_1,1.0,2004.0,Classic Cars,141.0,S18_1129,Furniture,Table,Euro Shopping Channel,(91) 555 94 44,"C/ Moralzarzal, 86",Unknown,Madrid,,28034,Spain,EMEA,Freyre,Diego,Medium,Freyre Diego,EXPENSIVE,GOOD,1994.0,,,
10121.0,44.0,74.85,1.0,3293.4,5/7/2003,Shipped,Qui_2,5.0,2003.0,Motorcycles,81.0,S50_4713,Accessories,Headphone,Reims Collectables,26.47.1555,59 rue de l'Abbaye,Unknown,Reims,,51100,France,EMEA,Henriot,Paul,Medium,Henriot Paul,EXPENSIVE,GOOD,1979.0,,,
10137.0,26.0,49.81,1.0,1295.06,7/10/2003,Shipped,Qui_3,7.0,2003.0,Classic Cars,50.0,S24_1628,Office Supplies,Lamp,Reims Collectables,26.47.1555,59 rue de l'Abbaye,Unknown,Reims,,51100,France,EMEA,Henriot,Paul,Small,Henriot Paul,CHEAP,GOOD,1985.0,,,
10398.0,29.0,65.6,10.0,1902.4,3/30/2005,Shipped,Qui_1,3.0,2005.0,Planes,80.0,S700_3167,Technology,Smart watch,Reims Collectables,26.47.1555,59 rue de l'Abbaye,Unknown,Reims,,51100,France,EMEA,Henriot,Paul,Small,Henriot Paul,EXPENSIVE,GOOD,1995.0,,,
10301.0,27.0,72.02,1.0,1944.54,10/5/2003,Shipped,Qui_4,10.0,2003.0,Classic Cars,73.0,S24_1046,Office Supplies,Pencil,"Norway Gifts By Mail, Co.",+47 2212 1555,"Drammensveien 126 A, PB 744 Sentrum",Unknown,Oslo,,N 0106,Norway,EMEA,Klaeboe,Jan,Small,Klaeboe Jan,EXPENSIVE,GOOD,1980.0,,,
10180.0,44.0,100.0,2.0,5565.12,11/11/2003,Shipped,Qui_4,11.0,2003.0,Classic Cars,148.0,S18_4721,Furniture,Table,Daedalus Designs Imports,20.16.1555,"184, chausse de Tournai",Unknown,Lille,,59000,France,EMEA,Rance,Martine,Medium,Rance Martine,EXPENSIVE,GOOD,1978.0,,,
10281.0,25.0,100.0,6.0,2779.5,8/19/2004,Shipped,Qui_3,8.0,2004.0,Trucks and Buses,127.0,S24_2300,Office Supplies,Pen,Diecast Classics Inc.,2155551555,7586 Pompton St.,Unknown,Allentown,PA,70267,USA,,Yu,Kyung,Small,Yu Kyung,EXPENSIVE,GOOD,1986.0,,,
10312.0,31.0,35.29,15.0,1093.99,10/21/2004,Shipped,Qui_4,10.0,2004.0,Vintage Cars,41.0,S24_3969,Office Supplies,Eraser,Mini Gifts Distributors Ltd.,4155551450,5677 Strong St.,Unknown,San Rafael,CA,97562,USA,,Nelson,Valarie,Small,Nelson Valarie,CHEAP,GOOD,1995.0,,,
10296.0,22.0,80.8,3.0,1777.6,9/15/2004,Shipped,Qui_3,9.0,2004.0,Planes,80.0,S700_3167,Technology,Smart watch,"Bavarian Collectables Imports, Co.",+49 89 61 08 9555,Hansastr. 15,Unknown,Munich,,80686,Germany,EMEA,Donnermeyer,Michael,Small,Donnermeyer Michael,EXPENSIVE,GOOD,1979.0,,,
10292.0,40.0,53.75,5.0,2150.0,9/8/2004,Shipped,Qui_3,9.0,2004.0,Classic Cars,57.0,S24_1444,Office Supplies,Pencil,Land of Toys Inc.,2125557818,897 Long Airport Avenue,Unknown,NYC,NY,10022,USA,,Yu,Kwai,Small,Yu Kwai,CHEAP,GOOD,1975.0,,,
10403.0,66.0,100.0,9.0,11886.6,4/8/2005,Shipped,Qui_2,4.0,2005.0,Motorcycles,193.0,S10_4698,Furniture,Bookshelf,"UK Collectables, Ltd.",(171) 555-2282,Berkeley Gardens 12  Brewery,Unknown,Liverpool,,WX1 6LT,UK,EMEA,Devon,Elizabeth,Large,Devon Elizabeth,EXPENSIVE,EXCELLENT,1978.0,,,
10250.0,45.0,100.0,14.0,8160.3,5/11/2004,Shipped,Qui_2,5.0,2004.0,Planes,157.0,S18_1662,Furniture,Cabinet,The Sharp Gifts Warehouse,4085553659,3086 Ingle Ln.,Unknown,San Jose,CA,94217,USA,,Frick,Sue,Large,Frick Sue,EXPENSIVE,GOOD,1991.0,,,
10184.0,42.0,31.82,7.0,1336.44,11/14/2003,Shipped,Qui_4,11.0,2003.0,Classic Cars,35.0,S24_2840,Office Supplies,Pencil,"Iberia Gift Imports, Corp.",(95) 555 82 82,"C/ Romero, 33",Unknown,Sevilla,,41101,Spain,EMEA,Roel,Jose Pedro,Small,Roel JosePedro,CHEAP,GOOD,1964.0,,,
10325.0,44.0,100.0,5.0,5325.76,11/5/2004,Shipped,Qui_4,11.0,2004.0,Classic Cars,118.0,S24_4048,Office Supplies,Pencil,Baane Mini Imports,07-98 9555,Erling Skakkes gate 78,Unknown,Stavern,,4110,Norway,EMEA,Bergulfsen,Jonas,Medium,Bergulfsen Jonas,EXPENSIVE,GOOD,1998.0,,,
10262.0,34.0,97.38,1.0,3310.92,6/24/2004,Cancelled,Qui_2,6.0,2004.0,Planes,109.0,S24_1785,Office Supplies,Ruler,Euro Shopping Channel,(91) 555 94 44,"C/ Moralzarzal, 86",Unknown,Madrid,,28034,Spain,EMEA,Freyre,Diego,Medium,Freyre Diego,EXPENSIVE,GOOD,1984.0,,,
10325.0,38.0,100.0,3.0,8844.12,11/5/2004,Shipped,Qui_4,11.0,2004.0,Trucks and Buses,54.0,S32_2509,Office Supplies,Pen,Baane Mini Imports,07-98 9555,Erling Skakkes gate 78,Unknown,Stavern,,4110,Norway,EMEA,Bergulfsen,Jonas,Large,Bergulfsen Jonas,EXPENSIVE,GOOD,1989.0,,,
10215.0,33.0,43.13,9.0,1423.29,1/29/2004,Shipped,Qui_1,1.0,2004.0,Vintage Cars,53.0,S18_1367,Furniture,Cabinet,West Coast Collectables Co.,3105553722,3675 Furth Circle,Unknown,Burbank,CA,94019,USA,,Thompson,Steve,Small,Thompson Steve,CHEAP,GOOD,1996.0,,,
10328.0,39.0,85.87,12.0,3348.93,11/12/2004,Shipped,Qui_4,11.0,2004.0,Planes,74.0,S700_4002,Technology,Laptop,Rovelli Gifts,035-640555,Via Ludovico il Moro 22,Unknown,Bergamo,,24100,Italy,EMEA,Rovelli,Giovanni,Medium,Rovelli Giovanni,EXPENSIVE,GOOD,1989.0,,,
10180.0,22.0,100.0,7.0,2514.6,11/11/2003,Shipped,Qui_4,11.0,2003.0,Motorcycles,102.0,S32_4485,Office Supplies,Ruler,Daedalus Designs Imports,20.16.1555,"184, chausse de Tournai",Unknown,Lille,,59000,France,EMEA,Rance,Martine,Small,Rance Martine,EXPENSIVE,GOOD,1973.0,,,
10390.0,46.0,52.84,6.0,2430.64,3/4/2005,Shipped,Qui_1,3.0,2005.0,Classic Cars,61.0,S24_3371,Office Supplies,Eraser,Mini Gifts Distributors Ltd.,4155551450,5677 Strong St.,Unknown,San Rafael,CA,97562,USA,,Nelson,Valarie,Small,Nelson Valarie,CHEAP,GOOD,1972.0,,,
10182.0,33.0,86.31,1.0,2848.23,11/12/2003,Shipped,Qui_4,11.0,2003.0,Vintage Cars,99.0,S18_3320,Furniture,Table,Mini Gifts Distributors Ltd.,4155551450,5677 Strong St.,Unknown,San Rafael,CA,97562,USA,,Nelson,Valarie,Small,Nelson Valarie,EXPENSIVE,GOOD,1997.0,,,
10223.0,32.0,91.29,2.0,2921.28,2/20/2004,Shipped,Qui_1,2.0,2004.0,Motorcycles,112.0,S24_1578,Office Supplies,Eraser,"Australian Collectors, Co.",03 9520 4555,636 St Kilda Road,Level 3,Melbourne,Victoria,3004,Australia,APAC,Ferguson,Peter,Small,Ferguson Peter,EXPENSIVE,GOOD,1994.0,,,
10241.0,26.0,81.33,7.0,2114.58,4/13/2004,Shipped,Qui_2,4.0,2004.0,Classic Cars,85.0,S24_3191,Office Supplies,Ruler,Mini Caravy,88.60.1555,"24, place Kluber",Unknown,Strasbourg,,67000,France,EMEA,Citeaux,Frederique,Small,Citeaux Frederique,EXPENSIVE,GOOD,1961.0,,,
10124.0,46.0,33.23,4.0,1528.58,5/21/2003,Shipped,Qui_2,5.0,2003.0,Vintage Cars,41.0,S24_3969,Office Supplies,Eraser,Signal Gift Stores,7025551838,8489 Strong St.,Unknown,Las Vegas,NV,83030,USA,,King,Sue,Small,King Sue,CHEAP,GOOD,1966.0,,,
10372.0,40.0,100.0,4.0,5862.0,1/26/2005,Shipped,Qui_1,1.0,2005.0,Classic Cars,151.0,S12_3148,Furniture,Desk,"Tokyo Collectables, Ltd",+81 3 3584 0555,2-2-8 Roppongi,Unknown,Minato-ku,Tokyo,106-0032,Japan,Japan,Shimamura,Akiko,Medium,Shimamura Akiko,EXPENSIVE,GOOD,1997.0,,,
10308.0,47.0,63.22,4.0,2971.34,10/15/2004,Shipped,Qui_4,10.0,2004.0,Motorcycles,76.0,S24_2000,Office Supplies,Pen,Mini Classics,9145554562,3758 North Pendale Street,Unknown,White Plains,NY,24067,USA,,Frick,Steve,Small,Frick Steve,CHEAP,GOOD,1995.0,,,
10220.0,30.0,100.0,3.0,4713.6,2/12/2004,Shipped,Qui_1,2.0,2004.0,Classic Cars,151.0,S12_3148,Furniture,Desk,"Clover Collections, Co.",+353 1862 1555,25 Maiden Lane,Floor No. 4,Dublin,,2,Ireland,EMEA,Cassidy,Dean,Medium,Cassidy Dean,EXPENSIVE,GOOD,1968.0,,,
10358.0,25.0,100.0,13.0,2528.25,12/10/2004,Shipped,Qui_4,12.0,2004.0,Classic Cars,143.0,S18_4027,Furniture,Table,Euro Shopping Channel,(91) 555 94 44,"C/ Moralzarzal, 86",Unknown,Madrid,,28034,Spain,EMEA,Freyre,Diego,Small,Freyre Diego,EXPENSIVE,GOOD,1962.0,,,
10188.0,45.0,100.0,3.0,8714.7,11/18/2003,Shipped,Qui_4,11.0,2003.0,Motorcycles,193.0,S10_4698,Furniture,Bookshelf,Herkku Gifts,+47 2267 3215,"Drammen 121, PR 744 Sentrum",Unknown,Bergen,,N 5804,Norway,EMEA,Oeztan,Veysel,Large,Oeztan Veysel,EXPENSIVE,GOOD,1966.0,,,
10373.0,38.0,70.44,7.0,2676.72,1/31/2005,Shipped,Qui_1,1.0,2005.0,Planes,68.0,S24_2841,Office Supplies,Pencil,"Oulu Toy Supplies, Inc.",981-443655,Torikatu 38,Unknown,Oulu,,90110,Finland,EMEA,Koskitalo,Pirkko,Small,Koskitalo Pirkko,EXPENSIVE,GOOD,1961.0,,,
10210.0,21.0,78.55,12.0,1649.55,1/12/2004,Shipped,Qui_1,1.0,2004.0,Planes,91.0,S700_1691,Technology,Smart phone,Osaka Souveniers Co.,+81 06 6342 5555,"Dojima Avanza 4F, 1-6-20 Dojima, Kita-ku",Unknown,Osaka,Osaka,530-0003,Japan,Japan,Kentary,Mory,Small,Kentary Mory,EXPENSIVE,GOOD,1994.0,,,
10275.0,43.0,73.6,15.0,3164.8,7/23/2004,Shipped,Qui_3,7.0,2004.0,Planes,80.0,S700_3167,Technology,Smart watch,La Rochelle Gifts,40.67.8555,"67, rue des Cinquante Otages",Unknown,Nantes,,44000,France,EMEA,Labrune,Janine,Medium,Labrune Janine,EXPENSIVE,GOOD,1999.0,,,
10222.0,43.0,74.03,2.0,3183.29,2/19/2004,Shipped,Qui_1,2.0,2004.0,Planes,74.0,S700_4002,Technology,Laptop,Collectable Mini Designs Co.,7605558146,361 Furth Circle,Unknown,San Diego,CA,91217,USA,,Thompson,Valarie,Medium,Thompson Valarie,EXPENSIVE,GOOD,1980.0,,,
10370.0,20.0,100.0,2.0,2730.0,1/20/2005,Shipped,Qui_1,1.0,2005.0,Vintage Cars,50.0,S18_4668,Furniture,Cabinet,"Anna's Decorations, Ltd",02 9936 8555,201 Miller Street,Level 15,North Sydney,NSW,2060,Australia,APAC,O'Hara,Anna,Small,O'Hara Anna,EXPENSIVE,GOOD,1981.0,,,
10308.0,34.0,100.0,2.0,4043.96,10/15/2004,Shipped,Qui_4,10.0,2004.0,Motorcycles,118.0,S10_2016,Furniture,Chair,Mini Classics,9145554562,3758 North Pendale Street,Unknown,White Plains,NY,24067,USA,,Frick,Steve,Medium,Frick Steve,EXPENSIVE,GOOD,1975.0,,,
10173.0,26.0,57.51,12.0,1495.26,11/5/2003,Shipped,Qui_4,11.0,2003.0,Vintage Cars,60.0,S18_2248,Furniture,Desk,Rovelli Gifts,035-640555,Via Ludovico il Moro 22,Unknown,Bergamo,,24100,Italy,EMEA,Rovelli,Giovanni,Small,Rovelli Giovanni,CHEAP,GOOD,1978.0,,,
10398.0,33.0,100.0,11.0,4215.09,3/30/2005,Shipped,Qui_1,3.0,2005.0,Planes,157.0,S18_1662,Furniture,Cabinet,Reims Collectables,26.47.1555,59 rue de l'Abbaye,Unknown,Reims,,51100,France,EMEA,Henriot,Paul,Medium,Henriot Paul,EXPENSIVE,GOOD,1992.0,,,
10237.0,32.0,100.0,6.0,4193.28,4/5/2004,Shipped,Qui_2,4.0,2004.0,Motorcycles,150.0,S12_2823,Furniture,Table,Vitachrome Inc.,2125551500,2678 Kingston Rd.,Suite 101,NYC,NY,10022,USA,,Frick,Michael,Medium,Frick Michael,EXPENSIVE,GOOD,2000.0,,,
10253.0,24.0,100.0,13.0,3922.56,6/1/2004,Cancelled,Qui_2,6.0,2004.0,Classic Cars,194.0,S12_1099,Furniture,Bookshelf,"UK Collectables, Ltd.",(171) 555-2282,Berkeley Gardens 12  Brewery,Unknown,Liverpool,,WX1 6LT,UK,EMEA,Devon,Elizabeth,Medium,Devon Elizabeth,EXPENSIVE,GOOD,1961.0,,,
10328.0,27.0,100.0,8.0,2762.1,11/12/2004,Shipped,Qui_4,11.0,2004.0,Planes,91.0,S700_1691,Technology,Smart phone,Rovelli Gifts,035-640555,Via Ludovico il Moro 22,Unknown,Bergamo,,24100,Italy,EMEA,Rovelli,Giovanni,Small,Rovelli Giovanni,EXPENSIVE,GOOD,1974.0,,,
10165.0,27.0,31.82,13.0,859.14,10/22/2003,Shipped,Qui_4,10.0,2003.0,Classic Cars,35.0,S24_2840,Office Supplies,Pencil,"Dragon Souveniers, Ltd.",+65 221 7555,"Bronz Sok., Bronz Apt. 3/6 Tesvikiye",Unknown,Singapore,,79903,Singapore,Japan,Natividad,Eric,Small,Natividad Eric,CHEAP,GOOD,1960.0,,,
10419.0,38.0,100.0,5.0,4464.24,5/17/2005,Shipped,Qui_2,5.0,2005.0,Classic Cars,141.0,S18_1129,Furniture,Table,Salzburg Collectables,6562-9555,Geislweg 14,Unknown,Salzburg,,5020,Austria,EMEA,Pipps,Georg,Medium,Pipps Georg,EXPENSIVE,GOOD,1962.0,,,
10306.0,39.0,90.4,8.0,3525.6,10/14/2004,Shipped,Qui_4,10.0,2004.0,Vintage Cars,87.0,S18_4522,Furniture,Table,"AV Stores, Co.",(171) 555-1555,Fauntleroy Circus,Unknown,Manchester,,EC2 5NT,UK,EMEA,Ashworth,Victoria,Medium,Ashworth Victoria,EXPENSIVE,GOOD,1962.0,,,
10338.0,28.0,82.58,3.0,2312.24,11/22/2004,Shipped,Qui_4,11.0,2004.0,Ships,86.0,S18_3029,Furniture,Table,Royale Belge,(071) 23 67 2555,"Boulevard Tirou, 255",Unknown,Charleroi,,B-6000,Belgium,EMEA,Cartrain,Pascale,Small,Cartrain Pascale,EXPENSIVE,GOOD,1981.0,,,
10357.0,44.0,100.0,4.0,5160.76,12/10/2004,Shipped,Qui_4,12.0,2004.0,Vintage Cars,104.0,S18_3136,Furniture,Table,Mini Gifts Distributors Ltd.,4155551450,5677 Strong St.,Unknown,San Rafael,CA,97562,USA,,Nelson,Valarie,Medium,Nelson Valarie,EXPENSIVE,GOOD,1971.0,,,
10201.0,22.0,98.57,2.0,2168.54,12/1/2003,Shipped,Qui_4,12.0,2003.0,Motorcycles,95.0,S10_1678,Furniture,Cabinet,Mini Wheels Co.,6505555787,5557 North Pendale Street,Unknown,San Francisco,CA,,USA,,Murphy,Julie,Small,Murphy Julie,EXPENSIVE,GOOD,1974.0,,,
10133.0,27.0,50.19,7.0,1355.13,6/27/2003,Shipped,Qui_2,6.0,2003.0,Vintage Cars,43.0,S50_1341,Accessories,Keyboard,Euro Shopping Channel,(91) 555 94 44,"C/ Moralzarzal, 86",Unknown,Madrid,,28034,Spain,EMEA,Freyre,Diego,Small,Freyre Diego,CHEAP,GOOD,1967.0,,,
10259.0,26.0,100.0,12.0,4033.38,6/15/2004,Shipped,Qui_2,6.0,2004.0,Classic Cars,147.0,S10_4962,Furniture,Cabinet,Handji Gifts& Co,+65 224 1555,Village Close - 106 Linden Road Sandown,2nd Floor,Singapore,,69045,Singapore,APAC,Victorino,Wendy,Medium,Victorino Wendy,EXPENSIVE,GOOD,1986.0,,,
10420.0,55.0,96.3,8.0,5296.5,5/29/2005,In Process,Qui_2,5.0,2005.0,Classic Cars,117.0,S24_2887,Office Supplies,Ruler,Souveniers And Things Co.,+61 2 9495 8555,"Monitor Money Building, 815 Pacific Hwy",Level 6,Chatswood,NSW,2067,Australia,APAC,Huxley,Adrian,Medium,Huxley Adrian,EXPENSIVE,EXCELLENT,1965.0,,,
10319.0,45.0,100.0,3.0,7901.1,11/3/2004,Shipped,Qui_4,11.0,2004.0,Classic Cars,148.0,S18_4721,Furniture,Table,Microscale Inc.,2125551957,5290 North Pendale Street,Suite 200,NYC,NY,10022,USA,,Kuo,Kee,Large,Kuo Kee,EXPENSIVE,GOOD,1967.0,,,
10308.0,31.0,100.0,9.0,3493.7,10/15/2004,Shipped,Qui_4,10.0,2004.0,Planes,109.0,S24_1785,Office Supplies,Ruler,Mini Classics,9145554562,3758 North Pendale Street,Unknown,White Plains,NY,24067,USA,,Frick,Steve,Medium,Frick Steve,EXPENSIVE,GOOD,1987.0,,,
10311.0,41.0,81.91,1.0,3358.31,10/16/2004,Shipped,Qui_4,10.0,2004.0,Vintage Cars,92.0,S18_4409,Furniture,Chair,Euro Shopping Channel,(91) 555 94 44,"C/ Moralzarzal, 86",Unknown,Madrid,,28034,Spain,EMEA,Freyre,Diego,Medium,Freyre Diego,EXPENSIVE,GOOD,1977.0,,,
10106.0,34.0,100.0,9.0,3763.46,2/17/2003,Shipped,Qui_1,2.0,2003.0,Planes,99.0,S700_2466,Technology,Smart watch,Rovelli Gifts,035-640555,Via Ludovico il Moro 22,Unknown,Bergamo,,24100,Italy,EMEA,Rovelli,Giovanni,Medium,Rovelli Giovanni,EXPENSIVE,GOOD,1970.0,,,
10207.0,45.0,56.55,2.0,2544.75,12/9/2003,Shipped,Qui_4,12.0,2003.0,Trains,62.0,S32_3207,Office Supplies,Pen,Diecast Collectables,6175552555,6251 Ingle Ln.,Unknown,Boston,MA,51003,USA,,Franco,Valarie,Small,Franco Valarie,CHEAP,GOOD,1980.0,,,
10397.0,32.0,80.55,5.0,2577.6,3/28/2005,Shipped,Qui_1,3.0,2005.0,Ships,86.0,S700_1938,Technology,Desktop,Alpha Cognac,61.77.6555,1 rue Alsace-Lorraine,Unknown,Toulouse,,31000,France,EMEA,Roulet,Annette,Small,Roulet Annette,EXPENSIVE,GOOD,1974.0,,,
10212.0,45.0,88.14,1.0,3966.3,1/16/2004,Shipped,Qui_1,1.0,2004.0,Classic Cars,90.0,S24_2766,Office Supplies,Eraser,Euro Shopping Channel,(91) 555 94 44,"C/ Moralzarzal, 86",Unknown,Madrid,,28034,Spain,EMEA,Freyre,Diego,Medium,Freyre Diego,EXPENSIVE,GOOD,2000.0,,,
10318.0,37.0,100.0,3.0,7667.14,11/2/2004,Shipped,Qui_4,11.0,2004.0,Motorcycles,193.0,S10_4698,Furniture,Bookshelf,Diecast Classics Inc.,2155551555,7586 Pompton St.,Unknown,Allentown,PA,70267,USA,,Yu,Kyung,Large,Yu Kyung,EXPENSIVE,GOOD,1991.0,,,
10306.0,29.0,100.0,7.0,3207.4,10/14/2004,Shipped,Qui_4,10.0,2004.0,Ships,122.0,S24_2011,Office Supplies,Pen,"AV Stores, Co.",(171) 555-1555,Fauntleroy Circus,Unknown,Manchester,,EC2 5NT,UK,EMEA,Ashworth,Victoria,Medium,Ashworth Victoria,EXPENSIVE,GOOD,1984.0,,,
10400.0,30.0,74.84,7.0,2245.2,4/1/2005,Shipped,Qui_2,4.0,2005.0,Ships,86.0,S18_3029,Furniture,Table,The Sharp Gifts Warehouse,4085553659,3086 Ingle Ln.,Unknown,San Jose,CA,94217,USA,,Frick,Sue,Small,Frick Sue,EXPENSIVE,GOOD,1988.0,,,
10155.0,44.0,77.11,4.0,3392.84,10/6/2003,Shipped,Qui_4,10.0,2003.0,Planes,68.0,S24_3949,Office Supplies,Pencil,"Toys of Finland, Co.",90-224 8555,Keskuskatu 45,Unknown,Helsinki,,21240,Finland,EMEA,Karttunen,Matti,Medium,Karttunen Matti,EXPENSIVE,GOOD,1965.0,,,
10165.0,48.0,100.0,12.0,6825.6,10/22/2003,Shipped,Qui_4,10.0,2003.0,Trucks and Buses,118.0,S12_4473,Furniture,Cabinet,"Dragon Souveniers, Ltd.",+65 221 7555,"Bronz Sok., Bronz Apt. 3/6 Tesvikiye",Unknown,Singapore,,79903,Singapore,Japan,Natividad,Eric,Medium,Natividad Eric,EXPENSIVE,GOOD,1998.0,,,
10347.0,21.0,58.95,7.0,1237.95,11/29/2004,Shipped,Qui_4,11.0,2004.0,Vintage Cars,53.0,S18_1367,Furniture,Cabinet,"Australian Collectors, Co.",03 9520 4555,636 St Kilda Road,Level 3,Melbourne,Victoria,3004,Australia,APAC,Ferguson,Peter,Small,Ferguson Peter,CHEAP,GOOD,1976.0,,,
10161.0,36.0,100.0,10.0,5544.0,10/17/2003,Shipped,Qui_4,10.0,2003.0,Classic Cars,141.0,S18_3685,Furniture,Bookshelf,Heintze Collectables,86 21 3555,Smagsloget 45,Unknown,Aaarhus,,8200,Denmark,EMEA,Ibsen,Palle,Medium,Ibsen Palle,EXPENSIVE,GOOD,1994.0,,,
10308.0,34.0,52.09,3.0,1771.06,10/15/2004,Shipped,Qui_4,10.0,2004.0,Motorcycles,60.0,S18_2625,Furniture,Table,Mini Classics,9145554562,3758 North Pendale Street,Unknown,White Plains,NY,24067,USA,,Frick,Steve,Small,Frick Steve,CHEAP,GOOD,1997.0,,,
10382.0,48.0,100.0,8.0,6799.68,2/17/2005,Shipped,Qui_1,2.0,2005.0,Trucks and Buses,64.0,S32_3522,Office Supplies,Lamp,Mini Gifts Distributors Ltd.,4155551450,5677 Strong St.,Unknown,San Rafael,CA,97562,USA,,Nelson,Valarie,Medium,Nelson Valarie,EXPENSIVE,GOOD,1987.0,,,
10227.0,37.0,57.73,12.0,2136.01,3/2/2004,Shipped,Qui_1,3.0,2004.0,Classic Cars,71.0,S18_4933,Furniture,Table,"Saveley & Henriot, Co.",78.32.5555,"2, rue du Commerce",Unknown,Lyon,,69004,France,EMEA,Saveley,Mary,Small,Saveley Mary,CHEAP,GOOD,1996.0,,,
10185.0,28.0,64.43,6.0,1804.04,11/14/2003,Shipped,Qui_4,11.0,2003.0,Ships,54.0,S72_3212,Accessories,Headphone,Mini Creations Ltd.,5085559555,4575 Hillside Dr.,Unknown,New Bedford,MA,50553,USA,,Tam,Wing C,Small,Tam WingC,CHEAP,GOOD,1983.0,,,
10394.0,37.0,100.0,1.0,6376.58,3/15/2005,Shipped,Qui_1,3.0,2005.0,Classic Cars,143.0,S18_4027,Furniture,Table,Euro Shopping Channel,(91) 555 94 44,"C/ Moralzarzal, 86",Unknown,Madrid,,28034,Spain,EMEA,Freyre,Diego,Medium,Freyre Diego,EXPENSIVE,GOOD,1970.0,,,
10176.0,36.0,100.0,5.0,5532.12,11/6/2003,Shipped,Qui_4,11.0,2003.0,Classic Cars,143.0,S18_4027,Furniture,Table,L'ordine Souveniers,0522-556555,Strada Provinciale 124,Unknown,Reggio Emilia,,42100,Italy,EMEA,Moroni,Maurizio,Medium,Moroni Maurizio,EXPENSIVE,GOOD,1972.0,,,
10193.0,32.0,79.37,5.0,2539.84,11/21/2003,Shipped,Qui_4,11.0,2003.0,Vintage Cars,99.0,S18_3320,Furniture,Table,"Australian Collectables, Ltd",61-9-3844-6555,7 Allen Street,Unknown,Glen Waverly,Victoria,3150,Australia,APAC,Connery,Sean,Small,Connery Sean,EXPENSIVE,GOOD,1991.0,,,
10325.0,28.0,100.0,2.0,5377.4,11/5/2004,Shipped,Qui_4,11.0,2004.0,Trains,62.0,S32_3207,Office Supplies,Pen,Baane Mini Imports,07-98 9555,Erling Skakkes gate 78,Unknown,Stavern,,4110,Norway,EMEA,Bergulfsen,Jonas,Medium,Bergulfsen Jonas,EXPENSIVE,GOOD,1989.0,,,
10184.0,46.0,100.0,13.0,4607.36,11/14/2003,Shipped,Qui_4,11.0,2003.0,Trucks and Buses,96.0,S32_1268,Office Supplies,Eraser,"Iberia Gift Imports, Corp.",(95) 555 82 82,"C/ Romero, 33",Unknown,Sevilla,,41101,Spain,EMEA,Roel,Jose Pedro,Medium,Roel JosePedro,EXPENSIVE,GOOD,1961.0,,,
10273.0,26.0,100.0,9.0,2969.46,7/21/2004,Shipped,Qui_3,7.0,2004.0,Ships,99.0,S700_3962,Technology,Smart watch,Petit Auto,(02) 5554 67,Rue Joseph-Bens 532,Unknown,Bruxelles,,B-1180,Belgium,EMEA,Dewey,Catherine,Small,Dewey Catherine,EXPENSIVE,GOOD,1984.0,,,
10267.0,36.0,75.55,1.0,2719.8,7/7/2004,Shipped,Qui_3,7.0,2004.0,Classic Cars,71.0,S18_4933,Furniture,Table,Muscle Machine Inc,2125557413,4092 Furth Circle,Suite 400,NYC,NY,10022,USA,,Young,Jeff,Small,Young Jeff,EXPENSIVE,GOOD,1969.0,,,
10141.0,20.0,54.33,2.0,1086.6,8/1/2003,Shipped,Qui_3,8.0,2003.0,Classic Cars,57.0,S24_1444,Office Supplies,Pencil,Suominen Souveniers,+358 9 8045 555,"Software Engineering Center, SEC Oy",Unknown,Espoo,,FIN-02271,Finland,EMEA,Suominen,Kalle,Small,Suominen Kalle,CHEAP,GOOD,1990.0,,,
10192.0,46.0,83.6,2.0,3845.6,11/20/2003,Shipped,Qui_4,11.0,2003.0,Classic Cars,90.0,S24_2766,Office Supplies,Eraser,Online Diecast Creations Co.,6035558647,2304 Long Airport Avenue,Unknown,Nashua,NH,62005,USA,,Young,Valarie,Medium,Young Valarie,EXPENSIVE,GOOD,1963.0,,,
10198.0,40.0,63.67,2.0,2546.8,11/27/2003,Shipped,Qui_4,11.0,2003.0,Planes,74.0,S700_4002,Technology,Laptop,Cruz & Sons Co.,+63 2 555 3587,15 McCallum Street - NatWest Center #13-03,Unknown,Makati City,,1227 MM,Philippines,Japan,Cruz,Arnold,Small,Cruz Arnold,CHEAP,GOOD,1977.0,,,
10165.0,46.0,100.0,15.0,5984.14,10/22/2003,Shipped,Qui_4,10.0,2003.0,Trucks and Buses,122.0,S18_2319,Furniture,Chair,"Dragon Souveniers, Ltd.",+65 221 7555,"Bronz Sok., Bronz Apt. 3/6 Tesvikiye",Unknown,Singapore,,79903,Singapore,Japan,Natividad,Eric,Medium,Natividad Eric,EXPENSIVE,GOOD,1971.0,,,
10366.0,49.0,100.0,2.0,6144.6,1/10/2005,Shipped,Qui_1,1.0,2005.0,Classic Cars,132.0,S18_2870,Furniture,Cabinet,Royale Belge,(071) 23 67 2555,"Boulevard Tirou, 255",Unknown,Charleroi,,B-6000,Belgium,EMEA,Cartrain,Pascale,Medium,Cartrain Pascale,EXPENSIVE,GOOD,1961.0,,,
10278.0,23.0,100.0,2.0,2604.52,8/6/2004,Shipped,Qui_3,8.0,2004.0,Classic Cars,124.0,S18_1589,Furniture,Bookshelf,Signal Gift Stores,7025551838,8489 Strong St.,Unknown,Las Vegas,NV,83030,USA,,King,Sue,Small,King Sue,EXPENSIVE,GOOD,1972.0,,,
10198.0,43.0,66.19,3.0,2846.17,11/27/2003,Shipped,Qui_4,11.0,2003.0,Planes,68.0,S24_3949,Office Supplies,Pencil,Cruz & Sons Co.,+63 2 555 3587,15 McCallum Street - NatWest Center #13-03,Unknown,Makati City,,1227 MM,Philippines,Japan,Cruz,Arnold,Small,Cruz Arnold,EXPENSIVE,GOOD,1967.0,,,
10186.0,28.0,52.14,4.0,1459.92,11/14/2003,Shipped,Qui_4,11.0,2003.0,Planes,49.0,S72_1253,Accessories,Keyboard,"Double Decker Gift Stores, Ltd",(171) 555-7555,120 Hanover Sq.,Unknown,London,,WA1 1DP,UK,EMEA,Hardy,Thomas,Small,Hardy Thomas,CHEAP,GOOD,1975.0,,,
10192.0,47.0,53.83,6.0,2530.01,11/20/2003,Shipped,Qui_4,11.0,2003.0,Classic Cars,50.0,S24_1628,Office Supplies,Lamp,Online Diecast Creations Co.,6035558647,2304 Long Airport Avenue,Unknown,Nashua,NH,62005,USA,,Young,Valarie,Small,Young Valarie,CHEAP,GOOD,1961.0,,,
10186.0,22.0,69.2,2.0,1522.4,11/14/2003,Shipped,Qui_4,11.0,2003.0,Planes,68.0,S24_2841,Office Supplies,Pencil,"Double Decker Gift Stores, Ltd",(171) 555-7555,120 Hanover Sq.,Unknown,London,,WA1 1DP,UK,EMEA,Hardy,Thomas,Small,Hardy Thomas,EXPENSIVE,GOOD,1993.0,,,
10214.0,20.0,34.19,3.0,683.8,1/26/2004,Shipped,Qui_1,1.0,2004.0,Vintage Cars,33.0,S24_1937,Office Supplies,Lamp,"Corrida Auto Replicas, Ltd",(91) 555 22 82,"C/ Araquil, 67",Unknown,Madrid,,28023,Spain,EMEA,Sommer,Mart¡n,Small,Sommer Mart¡n,CHEAP,GOOD,1986.0,,,
10315.0,37.0,91.37,4.0,3380.69,10/29/2004,Shipped,Qui_4,10.0,2004.0,Ships,99.0,S700_3962,Technology,Smart watch,La Rochelle Gifts,40.67.8555,"67, rue des Cinquante Otages",Unknown,Nantes,,44000,France,EMEA,Labrune,Janine,Medium,Labrune Janine,EXPENSIVE,GOOD,1980.0,,,
10280.0,27.0,57.68,8.0,1557.36,8/17/2004,Shipped,Qui_3,8.0,2004.0,Vintage Cars,53.0,S18_1367,Furniture,Cabinet,Amica Models & Co.,011-4988555,Via Monte Bianco 34,Unknown,Torino,,10100,Italy,EMEA,Accorti,Paolo,Small,Accorti Paolo,CHEAP,GOOD,1996.0,,,
10241.0,30.0,66.99,4.0,2009.7,4/13/2004,Shipped,Qui_2,4.0,2004.0,Classic Cars,71.0,S18_4933,Furniture,Table,Mini Caravy,88.60.1555,"24, place Kluber",Unknown,Strasbourg,,67000,France,EMEA,Citeaux,Frederique,Small,Citeaux Frederique,EXPENSIVE,GOOD,1968.0,,,
10150.0,30.0,49.97,11.0,1499.1,9/19/2003,Shipped,Qui_3,9.0,2003.0,Vintage Cars,62.0,S18_2957,Furniture,Desk,"Dragon Souveniers, Ltd.",+65 221 7555,"Bronz Sok., Bronz Apt. 3/6 Tesvikiye",Unknown,Singapore,,79903,Singapore,Japan,Natividad,Eric,Small,Natividad Eric,CHEAP,GOOD,1985.0,,,
10117.0,23.0,97.42,4.0,2240.66,4/16/2003,Shipped,Qui_2,4.0,2003.0,Vintage Cars,87.0,S18_4522,Furniture,Table,"Dragon Souveniers, Ltd.",+65 221 7555,"Bronz Sok., Bronz Apt. 3/6 Tesvikiye",Unknown,Singapore,,79903,Singapore,Japan,Natividad,Eric,Small,Natividad Eric,EXPENSIVE,GOOD,1964.0,,,
10349.0,48.0,100.0,9.0,5232.96,12/1/2004,Shipped,Qui_4,12.0,2004.0,Trucks and Buses,118.0,S12_4473,Furniture,Cabinet,Muscle Machine Inc,2125557413,4092 Furth Circle,Suite 400,NYC,NY,10022,USA,,Young,Jeff,Medium,Young Jeff,EXPENSIVE,GOOD,1986.0,,,
10235.0,24.0,76.03,3.0,1824.72,4/2/2004,Shipped,Qui_2,4.0,2004.0,Planes,84.0,S18_2581,Furniture,Bookshelf,"Royal Canadian Collectables, Ltd.",(604) 555-4555,23 Tsawassen Blvd.,Unknown,Tsawassen,BC,T2F 8M4,Canada,,Lincoln,Elizabeth,Small,Lincoln Elizabeth,EXPENSIVE,GOOD,1986.0,,,
10390.0,36.0,93.77,14.0,3375.72,3/4/2005,Shipped,Qui_1,3.0,2005.0,Classic Cars,141.0,S18_1129,Furniture,Table,Mini Gifts Distributors Ltd.,4155551450,5677 Strong St.,Unknown,San Rafael,CA,97562,USA,,Nelson,Valarie,Medium,Nelson Valarie,EXPENSIVE,GOOD,1964.0,,,
10134.0,27.0,100.0,5.0,3307.77,7/1/2003,Shipped,Qui_3,7.0,2003.0,Motorcycles,118.0,S10_2016,Furniture,Chair,Lyon Souveniers,+33 1 46 62 7555,27 rue du Colonel Pierre Avia,Unknown,Paris,,75508,France,EMEA,Da Cunha,Daniel,Medium,DaCunha Daniel,EXPENSIVE,GOOD,1963.0,,,
10324.0,31.0,100.0,2.0,3820.44,11/5/2004,Shipped,Qui_4,11.0,2004.0,Trucks and Buses,127.0,S24_2300,Office Supplies,Pen,Vitachrome Inc.,2125551500,2678 Kingston Rd.,Suite 101,NYC,NY,10022,USA,,Frick,Michael,Medium,Frick Michael,EXPENSIVE,GOOD,1963.0,,,
10406.0,48.0,100.0,2.0,7169.28,4/15/2005,Disputed,Qui_2,4.0,2005.0,Classic Cars,142.0,S18_1984,Furniture,Bookshelf,Danish Wholesale Imports,31 12 3555,Vinb'ltet 34,Unknown,Kobenhavn,,1734,Denmark,EMEA,Petersen,Jytte,Large,Petersen Jytte,EXPENSIVE,GOOD,1974.0,,,
10123.0,34.0,100.0,4.0,5331.88,5/20/2003,Shipped,Qui_2,5.0,2003.0,Classic Cars,141.0,S18_3685,Furniture,Bookshelf,Atelier graphique,40.32.2555,"54, rue Royale",Unknown,Nantes,,44000,France,EMEA,Schmitt,Carine,Medium,Schmitt Carine,EXPENSIVE,GOOD,1974.0,,,
10103.0,36.0,100.0,1.0,3680.28,1/29/2003,Shipped,Qui_1,1.0,2003.0,Trucks and Buses,127.0,S24_2300,Office Supplies,Pen,Baane Mini Imports,07-98 9555,Erling Skakkes gate 78,Unknown,Stavern,,4110,Norway,EMEA,Bergulfsen,Jonas,Medium,Bergulfsen Jonas,EXPENSIVE,GOOD,2000.0,,,
10159.0,21.0,64.66,8.0,1357.86,10/10/2003,Shipped,Qui_4,10.0,2003.0,Motorcycles,62.0,S18_3782,Furniture,Bookshelf,Corporate Gift Ideas Co.,6505551386,7734 Strong St.,Unknown,San Francisco,CA,,USA,,Brown,Julie,Small,Brown Julie,CHEAP,GOOD,1993.0,,,
10270.0,28.0,100.0,6.0,4094.72,7/19/2004,Shipped,Qui_3,7.0,2004.0,Trucks and Buses,136.0,S12_1666,Furniture,Cabinet,Souveniers And Things Co.,+61 2 9495 8555,"Monitor Money Building, 815 Pacific Hwy",Level 6,Chatswood,NSW,2067,Australia,APAC,Huxley,Adrian,Medium,Huxley Adrian,EXPENSIVE,GOOD,1985.0,,,
10249.0,20.0,67.82,1.0,1356.4,5/8/2004,Shipped,Qui_2,5.0,2004.0,Planes,68.0,S24_2841,Office Supplies,Pencil,Cambridge Collectables Co.,6175555555,4658 Baden Av.,Unknown,Cambridge,MA,51247,USA,,Tseng,Kyung,Small,Tseng Kyung,EXPENSIVE,GOOD,1975.0,,,
10318.0,46.0,94.74,1.0,4358.04,11/2/2004,Shipped,Qui_4,11.0,2004.0,Motorcycles,95.0,S10_1678,Furniture,Cabinet,Diecast Classics Inc.,2155551555,7586 Pompton St.,Unknown,Allentown,PA,70267,USA,,Yu,Kyung,Medium,Yu Kyung,EXPENSIVE,GOOD,1982.0,,,
10115.0,47.0,69.36,2.0,3259.92,4/4/2003,Shipped,Qui_2,4.0,2003.0,Classic Cars,57.0,S24_1444,Office Supplies,Pencil,Classic Legends Inc.,2125558493,5905 Pompton St.,Suite 750,NYC,NY,10022,USA,,Hernandez,Maria,Medium,Hernandez Maria,EXPENSIVE,GOOD,1966.0,,,
10275.0,21.0,100.0,2.0,2153.76,7/23/2004,Shipped,Qui_3,7.0,2004.0,Motorcycles,112.0,S24_1578,Office Supplies,Eraser,La Rochelle Gifts,40.67.8555,"67, rue des Cinquante Otages",Unknown,Nantes,,44000,France,EMEA,Labrune,Janine,Small,Labrune Janine,EXPENSIVE,GOOD,1988.0,,,
10256.0,29.0,51.75,1.0,1500.75,6/8/2004,Shipped,Qui_2,6.0,2004.0,Vintage Cars,53.0,S18_1367,Furniture,Cabinet,Danish Wholesale Imports,31 12 3555,Vinb'ltet 34,Unknown,Kobenhavn,,1734,Denmark,EMEA,Petersen,Jytte,Small,Petersen Jytte,CHEAP,GOOD,1999.0,,,
10123.0,50.0,59.87,1.0,2993.5,5/20/2003,Shipped,Qui_2,5.0,2003.0,Classic Cars,50.0,S24_1628,Office Supplies,Lamp,Atelier graphique,40.32.2555,"54, rue Royale",Unknown,Nantes,,44000,France,EMEA,Schmitt,Carine,Small,Schmitt Carine,CHEAP,EXCELLENT,1997.0,,,
10161.0,48.0,100.0,11.0,6145.44,10/17/2003,Shipped,Qui_4,10.0,2003.0,Classic Cars,142.0,S18_1984,Furniture,Bookshelf,Heintze Collectables,86 21 3555,Smagsloget 45,Unknown,Aaarhus,,8200,Denmark,EMEA,Ibsen,Palle,Medium,Ibsen Palle,EXPENSIVE,GOOD,1989.0,,,
10312.0,39.0,56.85,1.0,2217.15,10/21/2004,Shipped,Qui_4,10.0,2004.0,Vintage Cars,50.0,S18_4668,Furniture,Cabinet,Mini Gifts Distributors Ltd.,4155551450,5677 Strong St.,Unknown,San Rafael,CA,97562,USA,,Nelson,Valarie,Small,Nelson Valarie,CHEAP,GOOD,1973.0,,,
10396.0,37.0,90.57,8.0,3351.09,3/23/2005,Shipped,Qui_1,3.0,2005.0,Vintage Cars,83.0,S24_3816,Office Supplies,Pen,Mini Gifts Distributors Ltd.,4155551450,5677 Strong St.,Unknown,San Rafael,CA,97562,USA,,Nelson,Valarie,Medium,Nelson Valarie,EXPENSIVE,GOOD,1962.0,,,
10285.0,37.0,41.03,1.0,1518.11,8/27/2004,Shipped,Qui_3,8.0,2004.0,Motorcycles,40.0,S32_2206,Office Supplies,Pen,Marta's Replicas Co.,6175558555,39323 Spinnaker Dr.,Unknown,Cambridge,MA,51247,USA,,Hernandez,Marta,Small,Hernandez Marta,CHEAP,GOOD,1999.0,,,
10306.0,43.0,75.17,1.0,3232.31,10/14/2004,Shipped,Qui_4,10.0,2004.0,Ships,72.0,S700_2610,Technology,Laptop,"AV Stores, Co.",(171) 555-1555,Fauntleroy Circus,Unknown,Manchester,,EC2 5NT,UK,EMEA,Ashworth,Victoria,Medium,Ashworth Victoria,EXPENSIVE,GOOD,1982.0,,,
10337.0,29.0,100.0,2.0,4498.19,11/21/2004,Shipped,Qui_4,11.0,2004.0,Vintage Cars,87.0,S18_4522,Furniture,Table,Classic Legends Inc.,2125558493,5905 Pompton St.,Suite 750,NYC,NY,10022,USA,,Hernandez,Maria,Medium,Hernandez Maria,EXPENSIVE,GOOD,1978.0,,,
10317.0,35.0,83.32,1.0,2916.2,11/2/2004,Shipped,Qui_4,11.0,2004.0,Planes,72.0,S24_4278,Office Supplies,Eraser,Technics Stores Inc.,6505556809,9408 Furth Circle,Unknown,Burlingame,CA,94217,USA,,Hirano,Juri,Small,Hirano Juri,EXPENSIVE,GOOD,1999.0,,,
10285.0,34.0,100.0,7.0,3716.88,8/27/2004,Shipped,Qui_3,8.0,2004.0,Motorcycles,112.0,S24_1578,Office Supplies,Eraser,Marta's Replicas Co.,6175558555,39323 Spinnaker Dr.,Unknown,Cambridge,MA,51247,USA,,Hernandez,Marta,Medium,Hernandez Marta,EXPENSIVE,GOOD,1999.0,,,
10221.0,33.0,100.0,3.0,4417.38,2/18/2004,Shipped,Qui_1,2.0,2004.0,Vintage Cars,136.0,S18_3140,Furniture,Desk,Petit Auto,(02) 5554 67,Rue Joseph-Bens 532,Unknown,Bruxelles,,B-1180,Belgium,EMEA,Dewey,Catherine,Medium,Dewey Catherine,EXPENSIVE,GOOD,1991.0,,,
10304.0,23.0,30.2,16.0,694.6,10/11/2004,Shipped,Qui_4,10.0,2004.0,Vintage Cars,33.0,S24_1937,Office Supplies,Lamp,Auto Assoc. & Cie.,30.59.8555,"67, avenue de l'Europe",Unknown,Versailles,,78000,France,EMEA,Tonini,Daniel,Small,Tonini Daniel,CHEAP,GOOD,1986.0,,,
10180.0,35.0,72.03,6.0,2521.05,11/11/2003,Shipped,Qui_4,11.0,2003.0,Motorcycles,69.0,S24_2360,Office Supplies,Eraser,Daedalus Designs Imports,20.16.1555,"184, chausse de Tournai",Unknown,Lille,,59000,France,EMEA,Rance,Martine,Small,Rance Martine,EXPENSIVE,GOOD,1999.0,,,
10172.0,24.0,81.33,2.0,1951.92,11/5/2003,Shipped,Qui_4,11.0,2003.0,Classic Cars,85.0,S24_3191,Office Supplies,Ruler,Gift Depot Inc.,2035552570,25593 South Bay Ln.,Unknown,Bridgewater,CT,97562,USA,,King,Julie,Small,King Julie,EXPENSIVE,GOOD,1975.0,,,
10304.0,37.0,48.52,12.0,1795.24,10/11/2004,Shipped,Qui_4,10.0,2004.0,Vintage Cars,53.0,S18_1367,Furniture,Cabinet,Auto Assoc. & Cie.,30.59.8555,"67, avenue de l'Europe",Unknown,Versailles,,78000,France,EMEA,Tonini,Daniel,Small,Tonini Daniel,CHEAP,GOOD,1992.0,,,
10185.0,33.0,74.35,2.0,2453.55,11/14/2003,Shipped,Qui_4,11.0,2003.0,Vintage Cars,88.0,S24_3151,Office Supplies,Pencil,Mini Creations Ltd.,5085559555,4575 Hillside Dr.,Unknown,New Bedford,MA,50553,USA,,Tam,Wing C,Small,Tam WingC,EXPENSIVE,GOOD,1985.0,,,
10377.0,39.0,100.0,3.0,7264.53,2/9/2005,Shipped,Qui_1,2.0,2005.0,Classic Cars,169.0,S18_3232,Furniture,Table,"Toys of Finland, Co.",90-224 8555,Keskuskatu 45,Unknown,Helsinki,,21240,Finland,EMEA,Karttunen,Matti,Large,Karttunen Matti,EXPENSIVE,GOOD,1999.0,,,
10233.0,40.0,94.71,2.0,3788.4,3/29/2004,Shipped,Qui_1,3.0,2004.0,Vintage Cars,88.0,S24_3151,Office Supplies,Pencil,Tekni Collectables Inc.,2015559350,7476 Moss Rd.,Unknown,Newark,NJ,94019,USA,,Brown,William,Medium,Brown William,EXPENSIVE,GOOD,1980.0,,,
10345.0,43.0,53.76,1.0,2311.68,11/25/2004,Shipped,Qui_4,11.0,2004.0,Vintage Cars,44.0,S24_2022,Office Supplies,Lamp,Atelier graphique,40.32.2555,"54, rue Royale",Unknown,Nantes,,44000,France,EMEA,Schmitt,Carine,Small,Schmitt Carine,CHEAP,GOOD,1968.0,,,
10148.0,32.0,100.0,14.0,5418.88,9/11/2003,Shipped,Qui_3,9.0,2003.0,Classic Cars,169.0,S18_3232,Furniture,Table,"Anna's Decorations, Ltd",02 9936 8555,201 Miller Street,Level 15,North Sydney,NSW,2060,Australia,APAC,O'Hara,Anna,Medium,O'Hara Anna,EXPENSIVE,GOOD,1966.0,,,
10162.0,38.0,100.0,6.0,4299.7,10/18/2003,Shipped,Qui_4,10.0,2003.0,Vintage Cars,127.0,S18_2325,Furniture,Table,Corporate Gift Ideas Co.,6505551386,7734 Strong St.,Unknown,San Francisco,CA,,USA,,Brown,Julie,Medium,Brown Julie,EXPENSIVE,GOOD,1960.0,,,
10140.0,29.0,43.27,9.0,1254.83,7/24/2003,Shipped,Qui_3,7.0,2003.0,Vintage Cars,50.0,S18_4668,Furniture,Cabinet,Technics Stores Inc.,6505556809,9408 Furth Circle,Unknown,Burlingame,CA,94217,USA,,Hirano,Juri,Small,Hirano Juri,CHEAP,GOOD,1992.0,,,
10375.0,25.0,66.73,10.0,1668.25,2/3/2005,Shipped,Qui_1,2.0,2005.0,Planes,118.0,S700_2834,Technology,Desktop,La Rochelle Gifts,40.67.8555,"67, rue des Cinquante Otages",Unknown,Nantes,,44000,France,EMEA,Labrune,Janine,Small,Labrune Janine,EXPENSIVE,GOOD,1990.0,,,
10171.0,39.0,100.0,3.0,5481.45,11/5/2003,Shipped,Qui_4,11.0,2003.0,Classic Cars,169.0,S18_3232,Furniture,Table,Quebec Home Shopping Network,(514) 555-8054,43 rue St. Laurent,Unknown,Montreal,Quebec,H1J 1C3,Canada,,Fresnisre,Jean,Medium,Fresnisre Jean,EXPENSIVE,GOOD,1961.0,,,
10183.0,39.0,68.08,11.0,2655.12,11/13/2003,Shipped,Qui_4,11.0,2003.0,Vintage Cars,62.0,S18_2957,Furniture,Desk,"Classic Gift Ideas, Inc",2155554695,782 First Street,Unknown,Philadelphia,PA,71270,USA,,Cervantes,Francisca,Small,Cervantes Francisca,EXPENSIVE,GOOD,1974.0,,,
10109.0,26.0,100.0,1.0,3157.44,3/10/2003,Shipped,Qui_1,3.0,2003.0,Classic Cars,132.0,S18_2870,Furniture,Cabinet,Motor Mint Distributors Inc.,2155559857,11328 Douglas Av.,Unknown,Philadelphia,PA,71270,USA,,Hernandez,Rosa,Medium,Hernandez Rosa,EXPENSIVE,GOOD,1981.0,,,
10307.0,34.0,53.63,4.0,1823.42,10/14/2004,Shipped,Qui_4,10.0,2004.0,Planes,49.0,S72_1253,Accessories,Keyboard,"Classic Gift Ideas, Inc",2155554695,782 First Street,Unknown,Philadelphia,PA,71270,USA,,Cervantes,Francisca,Small,Cervantes Francisca,CHEAP,GOOD,1981.0,,,
10386.0,37.0,93.01,5.0,3441.37,3/1/2005,Resolved,Qui_1,3.0,2005.0,Ships,86.0,S18_3029,Furniture,Table,Euro Shopping Channel,(91) 555 94 44,"C/ Moralzarzal, 86",Unknown,Madrid,,28034,Spain,EMEA,Freyre,Diego,Medium,Freyre Diego,EXPENSIVE,GOOD,1967.0,,,
10296.0,36.0,100.0,7.0,5676.84,9/15/2004,Shipped,Qui_3,9.0,2004.0,Planes,157.0,S18_1662,Furniture,Cabinet,"Bavarian Collectables Imports, Co.",+49 89 61 08 9555,Hansastr. 15,Unknown,Munich,,80686,Germany,EMEA,Donnermeyer,Michael,Medium,Donnermeyer Michael,EXPENSIVE,GOOD,1981.0,,,
10177.0,31.0,88.34,10.0,2738.54,11/7/2003,Shipped,Qui_4,11.0,2003.0,Ships,86.0,S700_1938,Technology,Desktop,CAF Imports,+34 913 728 555,"Merchants House, 27-30 Merchant's Quay",Unknown,Madrid,,28023,Spain,EMEA,Fernandez,Jesus,Small,Fernandez Jesus,EXPENSIVE,GOOD,1965.0,,,
10169.0,38.0,68.39,8.0,2598.82,11/4/2003,Shipped,Qui_4,11.0,2003.0,Motorcycles,62.0,S18_3782,Furniture,Bookshelf,"Anna's Decorations, Ltd",02 9936 8555,201 Miller Street,Level 15,North Sydney,NSW,2060,Australia,APAC,O'Hara,Anna,Small,O'Hara Anna,EXPENSIVE,GOOD,1974.0,,,
10194.0,21.0,93.34,10.0,1960.14,11/25/2003,Shipped,Qui_4,11.0,2003.0,Trucks and Buses,116.0,S18_1097,Furniture,Bookshelf,"Saveley & Henriot, Co.",78.32.5555,"2, rue du Commerce",Unknown,Lyon,,69004,France,EMEA,Saveley,Mary,Small,Saveley Mary,EXPENSIVE,GOOD,1970.0,,,
10275.0,39.0,100.0,16.0,4472.52,7/23/2004,Shipped,Qui_3,7.0,2004.0,Planes,99.0,S700_2466,Technology,Smart watch,La Rochelle Gifts,40.67.8555,"67, rue des Cinquante Otages",Unknown,Nantes,,44000,France,EMEA,Labrune,Janine,Medium,Labrune Janine,EXPENSIVE,GOOD,1996.0,,,
10271.0,20.0,100.0,9.0,3928.6,7/20/2004,Shipped,Qui_3,7.0,2004.0,Classic Cars,169.0,S18_3232,Furniture,Table,Mini Gifts Distributors Ltd.,4155551450,5677 Strong St.,Unknown,San Rafael,CA,97562,USA,,Nelson,Valarie,Medium,Nelson Valarie,EXPENSIVE,GOOD,1965.0,,,
10182.0,38.0,61.15,9.0,2323.7,11/12/2003,Shipped,Qui_4,11.0,2003.0,Vintage Cars,60.0,S18_2248,Furniture,Desk,Mini Gifts Distributors Ltd.,4155551450,5677 Strong St.,Unknown,San Rafael,CA,97562,USA,,Nelson,Valarie,Small,Nelson Valarie,CHEAP,GOOD,1984.0,,,
10181.0,44.0,100.0,6.0,5418.16,11/12/2003,Shipped,Qui_4,11.0,2003.0,Classic Cars,141.0,S18_1129,Furniture,Table,Herkku Gifts,+47 2267 3215,"Drammen 121, PR 744 Sentrum",Unknown,Bergen,,N 5804,Norway,EMEA,Oeztan,Veysel,Medium,Oeztan Veysel,EXPENSIVE,GOOD,1995.0,,,
10165.0,48.0,45.99,14.0,2207.52,10/22/2003,Shipped,Qui_4,10.0,2003.0,Trucks and Buses,54.0,S32_2509,Office Supplies,Pen,"Dragon Souveniers, Ltd.",+65 221 7555,"Bronz Sok., Bronz Apt. 3/6 Tesvikiye",Unknown,Singapore,,79903,Singapore,Japan,Natividad,Eric,Small,Natividad Eric,CHEAP,GOOD,1981.0,,,
10148.0,23.0,100.0,13.0,2702.04,9/11/2003,Shipped,Qui_3,9.0,2003.0,Classic Cars,141.0,S18_1129,Furniture,Table,"Anna's Decorations, Ltd",02 9936 8555,201 Miller Street,Level 15,North Sydney,NSW,2060,Australia,APAC,O'Hara,Anna,Small,O'Hara Anna,EXPENSIVE,GOOD,1964.0,,,
10344.0,40.0,56.91,2.0,2276.4,11/25/2004,Shipped,Qui_4,11.0,2004.0,Vintage Cars,60.0,S18_2248,Furniture,Desk,Marseille Mini Autos,91.24.4555,"12, rue des Bouchers",Unknown,Marseille,,13008,France,EMEA,Lebihan,Laurence,Small,Lebihan Laurence,CHEAP,GOOD,1982.0,,,
10119.0,26.0,59.22,1.0,1539.72,4/28/2003,Shipped,Qui_2,4.0,2003.0,Planes,74.0,S700_4002,Technology,Laptop,Salzburg Collectables,6562-9555,Geislweg 14,Unknown,Salzburg,,5020,Austria,EMEA,Pipps,Georg,Small,Pipps Georg,CHEAP,GOOD,1967.0,,,
10408.0,15.0,36.93,1.0,553.95,4/22/2005,Shipped,Qui_2,4.0,2005.0,Vintage Cars,41.0,S24_3969,Office Supplies,Eraser,"Tokyo Collectables, Ltd",+81 3 3584 0555,2-2-8 Roppongi,Unknown,Minato-ku,Tokyo,106-0032,Japan,Japan,Shimamura,Akiko,Small,Shimamura Akiko,CHEAP,GOOD,1962.0,,,
10263.0,31.0,79.91,8.0,2477.21,6/28/2004,Shipped,Qui_2,6.0,2004.0,Motorcycles,99.0,S32_1374,Office Supplies,Eraser,Gift Depot Inc.,2035552570,25593 South Bay Ln.,Unknown,Bridgewater,CT,97562,USA,,King,Julie,Small,King Julie,EXPENSIVE,GOOD,1993.0,,,
10220.0,50.0,100.0,5.0,8258.0,2/12/2004,Shipped,Qui_1,2.0,2004.0,Classic Cars,143.0,S18_4027,Furniture,Table,"Clover Collections, Co.",+353 1862 1555,25 Maiden Lane,Floor No. 4,Dublin,,2,Ireland,EMEA,Cassidy,Dean,Large,Cassidy Dean,EXPENSIVE,EXCELLENT,1973.0,,,
10230.0,42.0,100.0,3.0,7238.28,3/15/2004,Shipped,Qui_1,3.0,2004.0,Classic Cars,143.0,S18_4027,Furniture,Table,"Blauer See Auto, Co.",+49 69 66 90 2555,Lyonerstr. 34,Unknown,Frankfurt,,60528,Germany,EMEA,Keitel,Roland,Large,Keitel Roland,EXPENSIVE,GOOD,1990.0,,,
10120.0,29.0,72.23,11.0,2094.67,4/29/2003,Shipped,Qui_2,4.0,2003.0,Vintage Cars,68.0,S32_4289,Office Supplies,Ruler,"Australian Collectors, Co.",03 9520 4555,636 St Kilda Road,Level 3,Melbourne,Victoria,3004,Australia,APAC,Ferguson,Peter,Small,Ferguson Peter,EXPENSIVE,GOOD,1980.0,,,
10330.0,50.0,100.0,4.0,6101.0,11/16/2004,Shipped,Qui_4,11.0,2004.0,Classic Cars,148.0,S18_4721,Furniture,Table,Cruz & Sons Co.,+63 2 555 3587,15 McCallum Street - NatWest Center #13-03,Unknown,Makati City,,1227 MM,Philippines,Japan,Cruz,Arnold,Medium,Cruz Arnold,EXPENSIVE,EXCELLENT,1985.0,,,
10105.0,44.0,72.58,4.0,3193.52,2/11/2003,Shipped,Qui_1,2.0,2003.0,Vintage Cars,88.0,S24_3151,Office Supplies,Pencil,Danish Wholesale Imports,31 12 3555,Vinb'ltet 34,Unknown,Kobenhavn,,1734,Denmark,EMEA,Petersen,Jytte,Medium,Petersen Jytte,EXPENSIVE,GOOD,1964.0,,,
10276.0,46.0,75.49,12.0,3472.54,8/2/2004,Shipped,Qui_3,8.0,2004.0,Motorcycles,69.0,S24_2360,Office Supplies,Eraser,Online Mini Collectables,6175557555,7635 Spinnaker Dr.,Unknown,Brickhaven,MA,58339,USA,,Barajas,Miguel,Medium,Barajas Miguel,EXPENSIVE,GOOD,1962.0,,,
10229.0,22.0,100.0,5.0,4172.52,3/11/2004,Shipped,Qui_1,3.0,2004.0,Classic Cars,169.0,S18_3232,Furniture,Table,Mini Gifts Distributors Ltd.,4155551450,5677 Strong St.,Unknown,San Rafael,CA,97562,USA,,Nelson,Valarie,Medium,Nelson Valarie,EXPENSIVE,GOOD,1963.0,,,
10111.0,43.0,100.0,1.0,4818.15,3/25/2003,Shipped,Qui_1,3.0,2003.0,Vintage Cars,104.0,S18_3136,Furniture,Table,Mini Wheels Co.,6505555787,5557 North Pendale Street,Unknown,San Francisco,CA,,USA,,Murphy,Julie,Medium,Murphy Julie,EXPENSIVE,GOOD,1974.0,,,
10120.0,46.0,100.0,2.0,9264.86,4/29/2003,Shipped,Qui_2,4.0,2003.0,Motorcycles,193.0,S10_4698,Furniture,Bookshelf,"Australian Collectors, Co.",03 9520 4555,636 St Kilda Road,Level 3,Melbourne,Victoria,3004,Australia,APAC,Ferguson,Peter,Large,Ferguson Peter,EXPENSIVE,GOOD,1976.0,,,
10373.0,29.0,100.0,1.0,3978.51,1/31/2005,Shipped,Qui_1,1.0,2005.0,Ships,54.0,S72_3212,Accessories,Headphone,"Oulu Toy Supplies, Inc.",981-443655,Torikatu 38,Unknown,Oulu,,90110,Finland,EMEA,Koskitalo,Pirkko,Medium,Koskitalo Pirkko,EXPENSIVE,GOOD,1999.0,,,
10328.0,48.0,58.92,1.0,2828.16,11/12/2004,Shipped,Qui_4,11.0,2004.0,Planes,68.0,S24_2841,Office Supplies,Pencil,Rovelli Gifts,035-640555,Via Ludovico il Moro 22,Unknown,Bergamo,,24100,Italy,EMEA,Rovelli,Giovanni,Small,Rovelli Giovanni,CHEAP,GOOD,1992.0,,,
10207.0,31.0,100.0,15.0,4076.19,12/9/2003,Shipped,Qui_4,12.0,2003.0,Classic Cars,147.0,S10_4962,Furniture,Cabinet,Diecast Collectables,6175552555,6251 Ingle Ln.,Unknown,Boston,MA,51003,USA,,Franco,Valarie,Medium,Franco Valarie,EXPENSIVE,GOOD,1965.0,,,
10373.0,33.0,57.32,12.0,1891.56,1/31/2005,Shipped,Qui_1,1.0,2005.0,Vintage Cars,88.0,S24_3151,Office Supplies,Pencil,"Oulu Toy Supplies, Inc.",981-443655,Torikatu 38,Unknown,Oulu,,90110,Finland,EMEA,Koskitalo,Pirkko,Small,Koskitalo Pirkko,CHEAP,GOOD,1991.0,,,
10322.0,43.0,86.3,14.0,3710.9,11/4/2004,Shipped,Qui_4,11.0,2004.0,Vintage Cars,102.0,S18_1342,Furniture,Desk,Online Diecast Creations Co.,6035558647,2304 Long Airport Avenue,Unknown,Nashua,NH,62005,USA,,Young,Valarie,Medium,Young Valarie,EXPENSIVE,GOOD,1992.0,,,
10367.0,46.0,100.0,6.0,4808.38,1/12/2005,Resolved,Qui_1,1.0,2005.0,Classic Cars,141.0,S18_3685,Furniture,Bookshelf,Toys4GrownUps.com,6265557265,78934 Hillside Dr.,Unknown,Pasadena,CA,90003,USA,,Young,Julie,Medium,Young Julie,EXPENSIVE,GOOD,1998.0,,,
10287.0,24.0,100.0,3.0,3516.48,8/30/2004,Shipped,Qui_3,8.0,2004.0,Classic Cars,142.0,S18_1984,Furniture,Bookshelf,"Vida Sport, Ltd",0897-034555,Grenzacherweg 237,Unknown,Gensve,,1203,Switzerland,EMEA,Holz,Michael,Medium,Holz Michael,EXPENSIVE,GOOD,1974.0,,,
10110.0,27.0,73.62,12.0,1987.74,3/18/2003,Shipped,Qui_1,3.0,2003.0,Classic Cars,85.0,S24_3191,Office Supplies,Ruler,"AV Stores, Co.",(171) 555-1555,Fauntleroy Circus,Unknown,Manchester,,EC2 5NT,UK,EMEA,Ashworth,Victoria,Small,Ashworth Victoria,EXPENSIVE,GOOD,1976.0,,,
10126.0,38.0,100.0,10.0,3857.0,5/28/2003,Shipped,Qui_2,5.0,2003.0,Trucks and Buses,116.0,S18_1097,Furniture,Bookshelf,"Corrida Auto Replicas, Ltd",(91) 555 22 82,"C/ Araquil, 67",Unknown,Madrid,,28023,Spain,EMEA,Sommer,Mart¡n,Medium,Sommer Mart¡n,EXPENSIVE,GOOD,1976.0,,,
10192.0,26.0,100.0,12.0,3918.46,11/20/2003,Shipped,Qui_4,11.0,2003.0,Classic Cars,169.0,S18_3232,Furniture,Table,Online Diecast Creations Co.,6035558647,2304 Long Airport Avenue,Unknown,Nashua,NH,62005,USA,,Young,Valarie,Medium,Young Valarie,EXPENSIVE,GOOD,2000.0,,,
10276.0,38.0,69.96,6.0,2658.48,8/2/2004,Shipped,Qui_3,8.0,2004.0,Classic Cars,80.0,S18_3278,Furniture,Cabinet,Online Mini Collectables,6175557555,7635 Spinnaker Dr.,Unknown,Brickhaven,MA,58339,USA,,Barajas,Miguel,Small,Barajas Miguel,EXPENSIVE,GOOD,1985.0,,,
10266.0,22.0,100.0,12.0,2454.54,7/6/2004,Shipped,Qui_3,7.0,2004.0,Classic Cars,117.0,S12_3380,Furniture,Bookshelf,L'ordine Souveniers,0522-556555,Strada Provinciale 124,Unknown,Reggio Emilia,,42100,Italy,EMEA,Moroni,Maurizio,Small,Moroni Maurizio,EXPENSIVE,GOOD,2000.0,,,
10127.0,46.0,100.0,2.0,11279.2,6/3/2003,Shipped,Qui_2,6.0,2003.0,Classic Cars,207.0,S12_1108,Furniture,Chair,Muscle Machine Inc,2125557413,4092 Furth Circle,Suite 400,NYC,NY,10022,USA,,Young,Jeff,Large,Young Jeff,EXPENSIVE,GOOD,1989.0,,,
10117.0,50.0,43.68,2.0,2184.0,4/16/2003,Shipped,Qui_2,4.0,2003.0,Ships,54.0,S72_3212,Accessories,Headphone,"Dragon Souveniers, Ltd.",+65 221 7555,"Bronz Sok., Bronz Apt. 3/6 Tesvikiye",Unknown,Singapore,,79903,Singapore,Japan,Natividad,Eric,Small,Natividad Eric,CHEAP,EXCELLENT,1967.0,,,
10346.0,25.0,100.0,1.0,2876.75,11/29/2004,Shipped,Qui_4,11.0,2004.0,Classic Cars,90.0,S24_2766,Office Supplies,Eraser,Signal Gift Stores,7025551838,8489 Strong St.,Unknown,Las Vegas,NV,83030,USA,,King,Sue,Small,King Sue,EXPENSIVE,GOOD,1988.0,,,
10135.0,30.0,89.8,17.0,2694.0,7/2/2003,Shipped,Qui_3,7.0,2003.0,Motorcycles,102.0,S32_4485,Office Supplies,Ruler,Mini Gifts Distributors Ltd.,4155551450,5677 Strong St.,Unknown,San Rafael,CA,97562,USA,,Nelson,Valarie,Small,Nelson Valarie,EXPENSIVE,GOOD,1963.0,,,
10119.0,25.0,76.67,14.0,1916.75,4/28/2003,Shipped,Qui_2,4.0,2003.0,Ships,66.0,S700_1138,Technology,Desktop,Salzburg Collectables,6562-9555,Geislweg 14,Unknown,Salzburg,,5020,Austria,EMEA,Pipps,Georg,Small,Pipps Georg,EXPENSIVE,GOOD,1964.0,,,
10131.0,26.0,85.13,2.0,2213.38,6/16/2003,Shipped,Qui_2,6.0,2003.0,Planes,74.0,S700_4002,Technology,Laptop,Gift Ideas Corp.,2035554407,2440 Pompton St.,Unknown,Glendale,CT,97561,USA,,Lewis,Dan,Small,Lewis Dan,EXPENSIVE,GOOD,1967.0,,,
10232.0,26.0,88.34,7.0,2296.84,3/20/2004,Shipped,Qui_1,3.0,2004.0,Ships,86.0,S700_1938,Technology,Desktop,giftsbymail.co.uk,(198) 555-8888,Garden House Crowther Way,Unknown,Cowes,Isle of Wight,PO31 7PJ,UK,EMEA,Bennett,Helen,Small,Bennett Helen,EXPENSIVE,GOOD,1968.0,,,
10211.0,35.0,78.0,5.0,2730.0,1/15/2004,Shipped,Qui_1,1.0,2004.0,Classic Cars,80.0,S18_3278,Furniture,Cabinet,Auto Canal Petit,(1) 47.55.6555,"25, rue Lauriston",Unknown,Paris,,75016,France,EMEA,Perrier,Dominique,Small,Perrier Dominique,EXPENSIVE,GOOD,1966.0,,,
10106.0,48.0,61.44,10.0,2949.12,2/17/2003,Shipped,Qui_1,2.0,2003.0,Planes,74.0,S700_4002,Technology,Laptop,Rovelli Gifts,035-640555,Via Ludovico il Moro 22,Unknown,Bergamo,,24100,Italy,EMEA,Rovelli,Giovanni,Small,Rovelli Giovanni,CHEAP,GOOD,1968.0,,,
10185.0,30.0,94.4,10.0,2832.0,11/14/2003,Shipped,Qui_4,11.0,2003.0,Ships,86.0,S700_1938,Technology,Desktop,Mini Creations Ltd.,5085559555,4575 Hillside Dr.,Unknown,New Bedford,MA,50553,USA,,Tam,Wing C,Small,Tam WingC,EXPENSIVE,GOOD,1983.0,,,
10139.0,31.0,100.0,7.0,3184.94,7/16/2003,Shipped,Qui_3,7.0,2003.0,Vintage Cars,102.0,S18_1342,Furniture,Desk,Souveniers And Things Co.,+61 2 9495 8555,"Monitor Money Building, 815 Pacific Hwy",Level 6,Chatswood,NSW,2067,Australia,APAC,Huxley,Adrian,Medium,Huxley Adrian,EXPENSIVE,GOOD,1964.0,,,
10310.0,25.0,100.0,7.0,2504.75,10/16/2004,Shipped,Qui_4,10.0,2004.0,Classic Cars,115.0,S12_4675,Furniture,Cabinet,"Toms Spezialitten, Ltd",0221-5554327,Mehrheimerstr. 369,Unknown,Koln,,50739,Germany,EMEA,Pfalzheim,Henriette,Small,Pfalzheim Henriette,EXPENSIVE,GOOD,1971.0,,,
10275.0,36.0,100.0,3.0,6901.92,7/23/2004,Shipped,Qui_3,7.0,2004.0,Motorcycles,193.0,S10_4698,Furniture,Bookshelf,La Rochelle Gifts,40.67.8555,"67, rue des Cinquante Otages",Unknown,Nantes,,44000,France,EMEA,Labrune,Janine,Medium,Labrune Janine,EXPENSIVE,GOOD,1996.0,,,
10314.0,44.0,53.18,11.0,2339.92,10/22/2004,Shipped,Qui_4,10.0,2004.0,Classic Cars,57.0,S24_1444,Office Supplies,Pencil,Heintze Collectables,86 21 3555,Smagsloget 45,Unknown,Aaarhus,,8200,Denmark,EMEA,Ibsen,Palle,Small,Ibsen Palle,CHEAP,GOOD,1995.0,,,
10302.0,43.0,100.0,1.0,7310.0,10/6/2003,Shipped,Qui_4,10.0,2003.0,Vintage Cars,170.0,S18_1749,Furniture,Desk,"UK Collectables, Ltd.",(171) 555-2282,Berkeley Gardens 12  Brewery,Unknown,Liverpool,,WX1 6LT,UK,EMEA,Devon,Elizabeth,Large,Devon Elizabeth,EXPENSIVE,GOOD,1998.0,,,
10248.0,23.0,76.31,2.0,1755.13,5/7/2004,Cancelled,Qui_2,5.0,2004.0,Vintage Cars,83.0,S24_3816,Office Supplies,Pen,Land of Toys Inc.,2125557818,897 Long Airport Avenue,Unknown,NYC,NY,10022,USA,,Yu,Kwai,Small,Yu Kwai,EXPENSIVE,GOOD,1968.0,,,
10169.0,36.0,100.0,4.0,4444.92,11/4/2003,Shipped,Qui_4,11.0,2003.0,Classic Cars,146.0,S18_3482,Furniture,Bookshelf,"Anna's Decorations, Ltd",02 9936 8555,201 Miller Street,Level 15,North Sydney,NSW,2060,Australia,APAC,O'Hara,Anna,Medium,O'Hara Anna,EXPENSIVE,GOOD,1994.0,,,
10141.0,34.0,100.0,9.0,4836.5,8/1/2003,Shipped,Qui_3,8.0,2003.0,Classic Cars,169.0,S18_3232,Furniture,Table,Suominen Souveniers,+358 9 8045 555,"Software Engineering Center, SEC Oy",Unknown,Espoo,,FIN-02271,Finland,EMEA,Suominen,Kalle,Medium,Suominen Kalle,EXPENSIVE,GOOD,1963.0,,,
10417.0,36.0,61.18,6.0,2202.48,5/13/2005,Disputed,Qui_2,5.0,2005.0,Motorcycles,60.0,S18_2625,Furniture,Table,Euro Shopping Channel,(91) 555 94 44,"C/ Moralzarzal, 86",Unknown,Madrid,,28034,Spain,EMEA,Freyre,Diego,Small,Freyre Diego,CHEAP,GOOD,1971.0,,,
10180.0,28.0,71.14,1.0,1991.92,11/11/2003,Shipped,Qui_4,11.0,2003.0,Classic Cars,80.0,S24_4620,Office Supplies,Lamp,Daedalus Designs Imports,20.16.1555,"184, chausse de Tournai",Unknown,Lille,,59000,France,EMEA,Rance,Martine,Small,Rance Martine,EXPENSIVE,GOOD,1997.0,,,
10316.0,34.0,47.57,3.0,1617.38,11/1/2004,Shipped,Qui_4,11.0,2004.0,Vintage Cars,43.0,S50_1341,Accessories,Keyboard,giftsbymail.co.uk,(198) 555-8888,Garden House Crowther Way,Unknown,Cowes,Isle of Wight,PO31 7PJ,UK,EMEA,Bennett,Helen,Small,Bennett Helen,CHEAP,GOOD,1968.0,,,
10259.0,31.0,33.24,5.0,1030.44,6/15/2004,Shipped,Qui_2,6.0,2004.0,Classic Cars,35.0,S24_2840,Office Supplies,Pencil,Handji Gifts& Co,+65 224 1555,Village Close - 106 Linden Road Sandown,2nd Floor,Singapore,,69045,Singapore,APAC,Victorino,Wendy,Small,Victorino Wendy,CHEAP,GOOD,1987.0,,,
10250.0,31.0,91.34,9.0,2831.54,5/11/2004,Shipped,Qui_2,5.0,2004.0,Planes,91.0,S700_1691,Technology,Smart phone,The Sharp Gifts Warehouse,4085553659,3086 Ingle Ln.,Unknown,San Jose,CA,94217,USA,,Frick,Sue,Small,Frick Sue,EXPENSIVE,GOOD,1978.0,,,
10296.0,34.0,100.0,11.0,3477.86,9/15/2004,Shipped,Qui_3,9.0,2004.0,Ships,90.0,S700_2047,Technology,Tablet,"Bavarian Collectables Imports, Co.",+49 89 61 08 9555,Hansastr. 15,Unknown,Munich,,80686,Germany,EMEA,Donnermeyer,Michael,Medium,Donnermeyer Michael,EXPENSIVE,GOOD,1998.0,,,
10314.0,39.0,37.13,15.0,1448.07,10/22/2004,Shipped,Qui_4,10.0,2004.0,Classic Cars,35.0,S24_2840,Office Supplies,Pencil,Heintze Collectables,86 21 3555,Smagsloget 45,Unknown,Aaarhus,,8200,Denmark,EMEA,Ibsen,Palle,Small,Ibsen Palle,CHEAP,GOOD,1990.0,,,
10163.0,48.0,69.96,4.0,3358.08,10/20/2003,Shipped,Qui_4,10.0,2003.0,Vintage Cars,62.0,S18_2957,Furniture,Desk,Classic Legends Inc.,2125558493,5905 Pompton St.,Suite 750,NYC,NY,10022,USA,,Hernandez,Maria,Medium,Hernandez Maria,EXPENSIVE,GOOD,1989.0,,,
10186.0,46.0,100.0,6.0,4918.78,11/14/2003,Shipped,Qui_4,11.0,2003.0,Vintage Cars,105.0,S18_3856,Furniture,Desk,"Double Decker Gift Stores, Ltd",(171) 555-7555,120 Hanover Sq.,Unknown,London,,WA1 1DP,UK,EMEA,Hardy,Thomas,Medium,Hardy Thomas,EXPENSIVE,GOOD,1979.0,,,
10298.0,39.0,96.34,1.0,3757.26,9/27/2004,Shipped,Qui_3,9.0,2004.0,Motorcycles,118.0,S10_2016,Furniture,Chair,Atelier graphique,40.32.2555,"54, rue Royale",Unknown,Nantes,,44000,France,EMEA,Schmitt,Carine,Medium,Schmitt Carine,EXPENSIVE,GOOD,1975.0,,,
10106.0,48.0,52.64,15.0,2526.72,2/17/2003,Shipped,Qui_1,2.0,2003.0,Planes,49.0,S72_1253,Accessories,Keyboard,Rovelli Gifts,035-640555,Via Ludovico il Moro 22,Unknown,Bergamo,,24100,Italy,EMEA,Rovelli,Giovanni,Small,Rovelli Giovanni,CHEAP,GOOD,1973.0,,,
10151.0,30.0,40.31,4.0,1209.3,9/21/2003,Shipped,Qui_3,9.0,2003.0,Classic Cars,35.0,S24_2840,Office Supplies,Pencil,"Oulu Toy Supplies, Inc.",981-443655,Torikatu 38,Unknown,Oulu,,90110,Finland,EMEA,Koskitalo,Pirkko,Small,Koskitalo Pirkko,CHEAP,GOOD,1967.0,,,
10238.0,41.0,73.17,6.0,2999.97,4/9/2004,Shipped,Qui_2,4.0,2004.0,Classic Cars,80.0,S18_3278,Furniture,Cabinet,Danish Wholesale Imports,31 12 3555,Vinb'ltet 34,Unknown,Kobenhavn,,1734,Denmark,EMEA,Petersen,Jytte,Small,Petersen Jytte,EXPENSIVE,GOOD,1991.0,,,
10280.0,24.0,100.0,1.0,2800.08,8/17/2004,Shipped,Qui_3,8.0,2004.0,Trucks and Buses,116.0,S18_1097,Furniture,Bookshelf,Amica Models & Co.,011-4988555,Via Monte Bianco 34,Unknown,Torino,,10100,Italy,EMEA,Accorti,Paolo,Small,Accorti Paolo,EXPENSIVE,GOOD,1982.0,,,
10178.0,21.0,72.12,11.0,1514.52,11/8/2003,Shipped,Qui_4,11.0,2003.0,Vintage Cars,83.0,S24_3816,Office Supplies,Pen,Alpha Cognac,61.77.6555,1 rue Alsace-Lorraine,Unknown,Toulouse,,31000,France,EMEA,Roulet,Annette,Small,Roulet Annette,EXPENSIVE,GOOD,1966.0,,,
10273.0,40.0,100.0,13.0,5026.4,7/21/2004,Shipped,Qui_3,7.0,2004.0,Vintage Cars,136.0,S18_3140,Furniture,Desk,Petit Auto,(02) 5554 67,Rue Joseph-Bens 532,Unknown,Bruxelles,,B-1180,Belgium,EMEA,Dewey,Catherine,Medium,Dewey Catherine,EXPENSIVE,GOOD,1960.0,,,
10380.0,43.0,95.03,12.0,4086.29,2/16/2005,Shipped,Qui_1,2.0,2005.0,Vintage Cars,41.0,S24_3969,Office Supplies,Eraser,Euro Shopping Channel,(91) 555 94 44,"C/ Moralzarzal, 86",Unknown,Madrid,,28034,Spain,EMEA,Freyre,Diego,Medium,Freyre Diego,EXPENSIVE,GOOD,1982.0,,,
10127.0,45.0,51.95,13.0,2337.75,6/3/2003,Shipped,Qui_2,6.0,2003.0,Trucks and Buses,54.0,S32_2509,Office Supplies,Pen,Muscle Machine Inc,2125557413,4092 Furth Circle,Suite 400,NYC,NY,10022,USA,,Young,Jeff,Small,Young Jeff,CHEAP,GOOD,1975.0,,,
10349.0,26.0,100.0,10.0,4408.56,12/1/2004,Shipped,Qui_4,12.0,2004.0,Classic Cars,173.0,S12_3891,Furniture,Bookshelf,Muscle Machine Inc,2125557413,4092 Furth Circle,Suite 400,NYC,NY,10022,USA,,Young,Jeff,Medium,Young Jeff,EXPENSIVE,GOOD,1996.0,,,
10149.0,49.0,49.28,6.0,2414.72,9/12/2003,Shipped,Qui_3,9.0,2003.0,Vintage Cars,44.0,S24_2022,Office Supplies,Lamp,Signal Collectibles Ltd.,4155554312,2793 Furth Circle,Unknown,Brisbane,CA,94217,USA,,Taylor,Sue,Small,Taylor Sue,CHEAP,GOOD,1992.0,,,
10405.0,76.0,100.0,3.0,11739.7,4/14/2005,Shipped,Qui_2,4.0,2005.0,Classic Cars,140.0,S24_3856,Office Supplies,Pencil,Mini Caravy,88.60.1555,"24, place Kluber",Unknown,Strasbourg,,67000,France,EMEA,Citeaux,Frederique,Large,Citeaux Frederique,EXPENSIVE,EXCELLENT,1999.0,,,
10227.0,34.0,100.0,11.0,3566.94,3/2/2004,Shipped,Qui_1,3.0,2004.0,Vintage Cars,92.0,S18_4409,Furniture,Chair,"Saveley & Henriot, Co.",78.32.5555,"2, rue du Commerce",Unknown,Lyon,,69004,France,EMEA,Saveley,Mary,Medium,Saveley Mary,EXPENSIVE,GOOD,1972.0,,,
10357.0,49.0,100.0,8.0,5960.36,12/10/2004,Shipped,Qui_4,12.0,2004.0,Trucks and Buses,136.0,S12_1666,Furniture,Cabinet,Mini Gifts Distributors Ltd.,4155551450,5677 Strong St.,Unknown,San Rafael,CA,97562,USA,,Nelson,Valarie,Medium,Nelson Valarie,EXPENSIVE,GOOD,1963.0,,,
10258.0,32.0,100.0,6.0,7680.64,6/15/2004,Shipped,Qui_2,6.0,2004.0,Classic Cars,214.0,S10_1949,Furniture,Desk,"Tokyo Collectables, Ltd",+81 3 3584 0555,2-2-8 Roppongi,Unknown,Minato-ku,Tokyo,106-0032,Japan,Japan,Shimamura,Akiko,Large,Shimamura Akiko,EXPENSIVE,GOOD,1969.0,,,
10284.0,30.0,73.99,12.0,2219.7,8/21/2004,Shipped,Qui_3,8.0,2004.0,Planes,68.0,S24_2841,Office Supplies,Pencil,"Norway Gifts By Mail, Co.",+47 2212 1555,"Drammensveien 126 A, PB 744 Sentrum",Unknown,Oslo,,N 0106,Norway,EMEA,Klaeboe,Jan,Small,Klaeboe Jan,EXPENSIVE,GOOD,1985.0,,,
10227.0,33.0,100.0,1.0,3666.96,3/2/2004,Shipped,Qui_1,3.0,2004.0,Vintage Cars,99.0,S18_3320,Furniture,Table,"Saveley & Henriot, Co.",78.32.5555,"2, rue du Commerce",Unknown,Lyon,,69004,France,EMEA,Saveley,Mary,Medium,Saveley Mary,EXPENSIVE,GOOD,1975.0,,,
10155.0,44.0,85.87,3.0,3778.28,10/6/2003,Shipped,Qui_4,10.0,2003.0,Planes,74.0,S700_4002,Technology,Laptop,"Toys of Finland, Co.",90-224 8555,Keskuskatu 45,Unknown,Helsinki,,21240,Finland,EMEA,Karttunen,Matti,Medium,Karttunen Matti,EXPENSIVE,GOOD,1976.0,,,
10106.0,32.0,100.0,1.0,3986.56,2/17/2003,Shipped,Qui_1,2.0,2003.0,Planes,118.0,S700_2834,Technology,Desktop,Rovelli Gifts,035-640555,Via Ludovico il Moro 22,Unknown,Bergamo,,24100,Italy,EMEA,Rovelli,Giovanni,Medium,Rovelli Giovanni,EXPENSIVE,GOOD,1980.0,,,
10416.0,39.0,67.2,10.0,2620.8,5/10/2005,Shipped,Qui_2,5.0,2005.0,Planes,80.0,S700_3167,Technology,Smart watch,L'ordine Souveniers,0522-556555,Strada Provinciale 124,Unknown,Reggio Emilia,,42100,Italy,EMEA,Moroni,Maurizio,Small,Moroni Maurizio,EXPENSIVE,GOOD,1978.0,,,
10362.0,50.0,96.92,2.0,4846.0,1/5/2005,Shipped,Qui_1,1.0,2005.0,Motorcycles,112.0,S24_1578,Office Supplies,Eraser,Technics Stores Inc.,6505556809,9408 Furth Circle,Unknown,Burlingame,CA,94217,USA,,Hirano,Juri,Medium,Hirano Juri,EXPENSIVE,EXCELLENT,1972.0,,,
10129.0,45.0,100.0,9.0,6027.75,6/12/2003,Shipped,Qui_2,6.0,2003.0,Ships,122.0,S24_2011,Office Supplies,Pen,"Stylish Desk Decors, Co.",(171) 555-0297,35 King George,Unknown,London,,WX3 6FW,UK,EMEA,Brown,Ann,Medium,Brown Ann,EXPENSIVE,GOOD,1972.0,,,
10361.0,49.0,72.33,2.0,3544.17,12/17/2004,Shipped,Qui_4,12.0,2004.0,Vintage Cars,68.0,S32_4289,Office Supplies,Ruler,Souveniers And Things Co.,+61 2 9495 8555,"Monitor Money Building, 815 Pacific Hwy",Level 6,Chatswood,NSW,2067,Australia,APAC,Huxley,Adrian,Medium,Huxley Adrian,EXPENSIVE,GOOD,1975.0,,,
10175.0,28.0,100.0,6.0,2969.96,11/6/2003,Shipped,Qui_4,11.0,2003.0,Trucks and Buses,127.0,S24_2300,Office Supplies,Pen,"Stylish Desk Decors, Co.",(171) 555-0297,35 King George,Unknown,London,,WX3 6FW,UK,EMEA,Brown,Ann,Small,Brown Ann,EXPENSIVE,GOOD,1998.0,,,
10380.0,24.0,100.0,2.0,4536.0,2/16/2005,Shipped,Qui_1,2.0,2005.0,Classic Cars,71.0,S18_4933,Furniture,Table,Euro Shopping Channel,(91) 555 94 44,"C/ Moralzarzal, 86",Unknown,Madrid,,28034,Spain,EMEA,Freyre,Diego,Medium,Freyre Diego,EXPENSIVE,GOOD,2000.0,,,
10357.0,49.0,70.58,5.0,3458.42,12/10/2004,Shipped,Qui_4,12.0,2004.0,Vintage Cars,62.0,S18_2957,Furniture,Desk,Mini Gifts Distributors Ltd.,4155551450,5677 Strong St.,Unknown,San Rafael,CA,97562,USA,,Nelson,Valarie,Medium,Nelson Valarie,EXPENSIVE,GOOD,1979.0,,,
10363.0,32.0,89.12,12.0,2851.84,1/6/2005,Shipped,Qui_1,1.0,2005.0,Motorcycles,62.0,S18_3782,Furniture,Bookshelf,Suominen Souveniers,+358 9 8045 555,"Software Engineering Center, SEC Oy",Unknown,Espoo,,FIN-02271,Finland,EMEA,Suominen,Kalle,Small,Suominen Kalle,EXPENSIVE,GOOD,1965.0,,,
10263.0,34.0,100.0,2.0,3676.76,6/28/2004,Shipped,Qui_2,6.0,2004.0,Motorcycles,95.0,S10_1678,Furniture,Cabinet,Gift Depot Inc.,2035552570,25593 South Bay Ln.,Unknown,Bridgewater,CT,97562,USA,,King,Julie,Medium,King Julie,EXPENSIVE,GOOD,1975.0,,,
10369.0,45.0,73.08,4.0,3288.6,1/20/2005,Shipped,Qui_1,1.0,2005.0,Vintage Cars,99.0,S18_3320,Furniture,Table,Collectables For Less Inc.,6175558555,7825 Douglas Av.,Unknown,Brickhaven,MA,58339,USA,,Nelson,Allen,Medium,Nelson Allen,EXPENSIVE,GOOD,1982.0,,,
10358.0,36.0,82.94,4.0,2985.84,12/10/2004,Shipped,Qui_4,12.0,2004.0,Classic Cars,35.0,S24_2840,Office Supplies,Pencil,Euro Shopping Channel,(91) 555 94 44,"C/ Moralzarzal, 86",Unknown,Madrid,,28034,Spain,EMEA,Freyre,Diego,Small,Freyre Diego,EXPENSIVE,GOOD,1960.0,,,
10181.0,22.0,73.92,10.0,1626.24,11/12/2003,Shipped,Qui_4,11.0,2003.0,Classic Cars,77.0,S18_1889,Furniture,Bookshelf,Herkku Gifts,+47 2267 3215,"Drammen 121, PR 744 Sentrum",Unknown,Bergen,,N 5804,Norway,EMEA,Oeztan,Veysel,Small,Oeztan Veysel,EXPENSIVE,GOOD,1983.0,,,
10331.0,44.0,74.04,7.0,3257.76,11/17/2004,Shipped,Qui_4,11.0,2004.0,Vintage Cars,170.0,S18_1749,Furniture,Desk,Motor Mint Distributors Inc.,2155559857,11328 Douglas Av.,Unknown,Philadelphia,PA,71270,USA,,Hernandez,Rosa,Medium,Hernandez Rosa,EXPENSIVE,GOOD,1996.0,,,
10143.0,46.0,74.84,13.0,3442.64,8/10/2003,Shipped,Qui_3,8.0,2003.0,Ships,86.0,S18_3029,Furniture,Table,Mini Creations Ltd.,5085559555,4575 Hillside Dr.,Unknown,New Bedford,MA,50553,USA,,Tam,Wing C,Medium,Tam WingC,EXPENSIVE,GOOD,1993.0,,,
10174.0,46.0,100.0,5.0,5592.22,11/6/2003,Shipped,Qui_4,11.0,2003.0,Vintage Cars,101.0,S18_2949,Furniture,Desk,"Australian Gift Network, Co",61-7-3844-6555,31 Duncan St. West End,Unknown,South Brisbane,Queensland,4101,Australia,APAC,Calaghan,Tony,Medium,Calaghan Tony,EXPENSIVE,GOOD,1962.0,,,
10119.0,35.0,87.62,13.0,3066.7,4/28/2003,Shipped,Qui_2,4.0,2003.0,Vintage Cars,88.0,S24_3151,Office Supplies,Pencil,Salzburg Collectables,6562-9555,Geislweg 14,Unknown,Salzburg,,5020,Austria,EMEA,Pipps,Georg,Medium,Pipps Georg,EXPENSIVE,GOOD,1994.0,,,
10350.0,27.0,100.0,14.0,4406.4,12/2/2004,Shipped,Qui_4,12.0,2004.0,Trains,62.0,S32_3207,Office Supplies,Pen,Euro Shopping Channel,(91) 555 94 44,"C/ Moralzarzal, 86",Unknown,Madrid,,28034,Spain,EMEA,Freyre,Diego,Medium,Freyre Diego,EXPENSIVE,GOOD,1966.0,,,
10168.0,28.0,100.0,7.0,3244.36,10/28/2003,Shipped,Qui_4,10.0,2003.0,Motorcycles,99.0,S32_1374,Office Supplies,Eraser,Technics Stores Inc.,6505556809,9408 Furth Circle,Unknown,Burlingame,CA,94217,USA,,Hirano,Juri,Medium,Hirano Juri,EXPENSIVE,GOOD,1973.0,,,
10315.0,36.0,100.0,7.0,3602.16,10/29/2004,Shipped,Qui_4,10.0,2004.0,Vintage Cars,87.0,S18_4522,Furniture,Table,La Rochelle Gifts,40.67.8555,"67, rue des Cinquante Otages",Unknown,Nantes,,44000,France,EMEA,Labrune,Janine,Medium,Labrune Janine,EXPENSIVE,GOOD,1961.0,,,
10164.0,25.0,53.83,7.0,1345.75,10/21/2003,Resolved,Qui_4,10.0,2003.0,Vintage Cars,50.0,S18_4668,Furniture,Cabinet,Mini Auto Werke,7675-3555,Kirchgasse 6,Unknown,Graz,,8010,Austria,EMEA,Mendel,Roland,Small,Mendel Roland,CHEAP,GOOD,1989.0,,,
10301.0,22.0,100.0,5.0,3223.44,10/5/2003,Shipped,Qui_4,10.0,2003.0,Classic Cars,132.0,S18_2870,Furniture,Cabinet,"Norway Gifts By Mail, Co.",+47 2212 1555,"Drammensveien 126 A, PB 744 Sentrum",Unknown,Oslo,,N 0106,Norway,EMEA,Klaeboe,Jan,Medium,Klaeboe Jan,EXPENSIVE,GOOD,1973.0,,,
10346.0,42.0,36.11,3.0,1516.62,11/29/2004,Shipped,Qui_4,11.0,2004.0,Vintage Cars,102.0,S18_1342,Furniture,Desk,Signal Gift Stores,7025551838,8489 Strong St.,Unknown,Las Vegas,NV,83030,USA,,King,Sue,Small,King Sue,CHEAP,GOOD,1992.0,,,
10163.0,42.0,91.55,5.0,3845.1,10/20/2003,Shipped,Qui_4,10.0,2003.0,Vintage Cars,97.0,S24_4258,Office Supplies,Pencil,Classic Legends Inc.,2125558493,5905 Pompton St.,Suite 750,NYC,NY,10022,USA,,Hernandez,Maria,Medium,Hernandez Maria,EXPENSIVE,GOOD,1983.0,,,
10135.0,27.0,66.13,6.0,1785.51,7/2/2003,Shipped,Qui_3,7.0,2003.0,Classic Cars,61.0,S24_3371,Office Supplies,Eraser,Mini Gifts Distributors Ltd.,4155551450,5677 Strong St.,Unknown,San Rafael,CA,97562,USA,,Nelson,Valarie,Small,Nelson Valarie,EXPENSIVE,GOOD,1969.0,,,
10210.0,50.0,76.88,7.0,3844.0,1/12/2004,Shipped,Qui_1,1.0,2004.0,Planes,84.0,S18_2581,Furniture,Bookshelf,Osaka Souveniers Co.,+81 06 6342 5555,"Dojima Avanza 4F, 1-6-20 Dojima, Kita-ku",Unknown,Osaka,Osaka,530-0003,Japan,Japan,Kentary,Mory,Medium,Kentary Mory,EXPENSIVE,EXCELLENT,1973.0,,,
10380.0,32.0,100.0,1.0,3376.64,2/16/2005,Shipped,Qui_1,2.0,2005.0,Vintage Cars,92.0,S18_4409,Furniture,Chair,Euro Shopping Channel,(91) 555 94 44,"C/ Moralzarzal, 86",Unknown,Madrid,,28034,Spain,EMEA,Freyre,Diego,Medium,Freyre Diego,EXPENSIVE,GOOD,1987.0,,,
10247.0,44.0,100.0,2.0,10606.2,5/5/2004,Shipped,Qui_2,5.0,2004.0,Classic Cars,207.0,S12_1108,Furniture,Chair,Suominen Souveniers,+358 9 8045 555,"Software Engineering Center, SEC Oy",Unknown,Espoo,,FIN-02271,Finland,EMEA,Suominen,Kalle,Large,Suominen Kalle,EXPENSIVE,GOOD,1991.0,,,
10207.0,42.0,29.7,8.0,1247.4,12/9/2003,Shipped,Qui_4,12.0,2003.0,Classic Cars,35.0,S24_2840,Office Supplies,Pencil,Diecast Collectables,6175552555,6251 Ingle Ln.,Unknown,Boston,MA,51003,USA,,Franco,Valarie,Small,Franco Valarie,CHEAP,GOOD,1994.0,,,
10383.0,28.0,58.58,7.0,1640.24,2/22/2005,Shipped,Qui_1,2.0,2005.0,Vintage Cars,87.0,S18_4522,Furniture,Table,Euro Shopping Channel,(91) 555 94 44,"C/ Moralzarzal, 86",Unknown,Madrid,,28034,Spain,EMEA,Freyre,Diego,Small,Freyre Diego,CHEAP,GOOD,1999.0,,,
10106.0,41.0,83.44,18.0,3421.04,2/17/2003,Shipped,Qui_1,2.0,2003.0,Ships,86.0,S18_3029,Furniture,Table,Rovelli Gifts,035-640555,Via Ludovico il Moro 22,Unknown,Bergamo,,24100,Italy,EMEA,Rovelli,Giovanni,Medium,Rovelli Giovanni,EXPENSIVE,GOOD,1990.0,,,
10252.0,47.0,65.8,8.0,3092.6,5/26/2004,Shipped,Qui_2,5.0,2004.0,Motorcycles,69.0,S24_2360,Office Supplies,Eraser,Auto Canal Petit,(1) 47.55.6555,"25, rue Lauriston",Unknown,Paris,,75016,France,EMEA,Perrier,Dominique,Medium,Perrier Dominique,EXPENSIVE,GOOD,1964.0,,,
10149.0,26.0,38.98,9.0,1013.48,9/12/2003,Shipped,Qui_3,9.0,2003.0,Vintage Cars,41.0,S24_3969,Office Supplies,Eraser,Signal Collectibles Ltd.,4155554312,2793 Furth Circle,Unknown,Brisbane,CA,94217,USA,,Taylor,Sue,Small,Taylor Sue,CHEAP,GOOD,1966.0,,,
10312.0,25.0,100.0,11.0,3881.25,10/21/2004,Shipped,Qui_4,10.0,2004.0,Vintage Cars,168.0,S18_2795,Furniture,Bookshelf,Mini Gifts Distributors Ltd.,4155551450,5677 Strong St.,Unknown,San Rafael,CA,97562,USA,,Nelson,Valarie,Medium,Nelson Valarie,EXPENSIVE,GOOD,1997.0,,,
10229.0,50.0,100.0,11.0,5614.0,3/11/2004,Shipped,Qui_1,3.0,2004.0,Classic Cars,101.0,S700_2824,Technology,Desktop,Mini Gifts Distributors Ltd.,4155551450,5677 Strong St.,Unknown,San Rafael,CA,97562,USA,,Nelson,Valarie,Medium,Nelson Valarie,EXPENSIVE,EXCELLENT,1972.0,,,
10142.0,41.0,64.0,2.0,2624.0,8/8/2003,Shipped,Qui_3,8.0,2003.0,Ships,66.0,S700_1138,Technology,Desktop,Mini Gifts Distributors Ltd.,4155551450,5677 Strong St.,Unknown,San Rafael,CA,97562,USA,,Nelson,Valarie,Small,Nelson Valarie,CHEAP,GOOD,1980.0,,,
10279.0,26.0,60.58,1.0,1575.08,8/9/2004,Shipped,Qui_3,8.0,2004.0,Classic Cars,71.0,S18_4933,Furniture,Table,Euro Shopping Channel,(91) 555 94 44,"C/ Moralzarzal, 86",Unknown,Madrid,,28034,Spain,EMEA,Freyre,Diego,Small,Freyre Diego,CHEAP,GOOD,1978.0,,,
10165.0,28.0,100.0,6.0,3337.6,10/22/2003,Shipped,Qui_4,10.0,2003.0,Classic Cars,143.0,S18_4027,Furniture,Table,"Dragon Souveniers, Ltd.",+65 221 7555,"Bronz Sok., Bronz Apt. 3/6 Tesvikiye",Unknown,Singapore,,79903,Singapore,Japan,Natividad,Eric,Medium,Natividad Eric,EXPENSIVE,GOOD,1996.0,,,
10416.0,47.0,88.63,6.0,4165.61,5/10/2005,Shipped,Qui_2,5.0,2005.0,Planes,109.0,S24_1785,Office Supplies,Ruler,L'ordine Souveniers,0522-556555,Strada Provinciale 124,Unknown,Reggio Emilia,,42100,Italy,EMEA,Moroni,Maurizio,Medium,Moroni Maurizio,EXPENSIVE,GOOD,1987.0,,,
10340.0,55.0,87.75,7.0,4826.25,11/24/2004,Shipped,Qui_4,11.0,2004.0,Planes,99.0,S700_2466,Technology,Smart watch,Enaco Distributors,(93) 203 4555,"Rambla de Catalu¤a, 23",Unknown,Barcelona,,8022,Spain,EMEA,Saavedra,Eduardo,Medium,Saavedra Eduardo,EXPENSIVE,EXCELLENT,1992.0,,,
10229.0,23.0,54.11,3.0,1244.53,3/11/2004,Shipped,Qui_1,3.0,2004.0,Trucks and Buses,54.0,S32_2509,Office Supplies,Pen,Mini Gifts Distributors Ltd.,4155551450,5677 Strong St.,Unknown,San Rafael,CA,97562,USA,,Nelson,Valarie,Small,Nelson Valarie,CHEAP,GOOD,1974.0,,,
10390.0,22.0,100.0,13.0,3491.18,3/4/2005,Shipped,Qui_1,3.0,2005.0,Motorcycles,81.0,S50_4713,Accessories,Headphone,Mini Gifts Distributors Ltd.,4155551450,5677 Strong St.,Unknown,San Rafael,CA,97562,USA,,Nelson,Valarie,Medium,Nelson Valarie,EXPENSIVE,GOOD,1999.0,,,
10313.0,28.0,100.0,8.0,2881.76,10/22/2004,Shipped,Qui_4,10.0,2004.0,Trucks and Buses,121.0,S18_4600,Furniture,Chair,Canadian Gift Exchange Network,(604) 555-3392,1900 Oak St.,Unknown,Vancouver,BC,V3F 2K1,Canada,,Tannamuri,Yoshi,Small,Tannamuri Yoshi,EXPENSIVE,GOOD,1996.0,,,
10308.0,39.0,68.11,15.0,2656.29,10/15/2004,Shipped,Qui_4,10.0,2004.0,Planes,74.0,S700_4002,Technology,Laptop,Mini Classics,9145554562,3758 North Pendale Street,Unknown,White Plains,NY,24067,USA,,Frick,Steve,Small,Frick Steve,EXPENSIVE,GOOD,1987.0,,,
10326.0,20.0,92.25,2.0,1845.0,11/9/2004,Shipped,Qui_4,11.0,2004.0,Vintage Cars,83.0,S24_3816,Office Supplies,Pen,"Volvo Model Replicas, Co",0921-12 3555,Berguvsv„gen  8,Unknown,Lule,,S-958 22,Sweden,EMEA,Berglund,Christina,Small,Berglund Christina,EXPENSIVE,GOOD,1977.0,,,
10350.0,28.0,100.0,4.0,2924.32,12/2/2004,Shipped,Qui_4,12.0,2004.0,Ships,86.0,S700_1938,Technology,Desktop,Euro Shopping Channel,(91) 555 94 44,"C/ Moralzarzal, 86",Unknown,Madrid,,28034,Spain,EMEA,Freyre,Diego,Small,Freyre Diego,EXPENSIVE,GOOD,1997.0,,,
10336.0,31.0,100.0,5.0,4618.69,11/20/2004,Shipped,Qui_4,11.0,2004.0,Classic Cars,118.0,S24_4048,Office Supplies,Pencil,"La Corne D'abondance, Co.",(1) 42.34.2555,"265, boulevard Charonne",Unknown,Paris,,75012,France,EMEA,Bertrand,Marie,Medium,Bertrand Marie,EXPENSIVE,GOOD,1973.0,,,
10236.0,23.0,55.72,2.0,1281.56,4/3/2004,Shipped,Qui_2,4.0,2004.0,Motorcycles,60.0,S18_2625,Furniture,Table,Motor Mint Distributors Inc.,2155559857,11328 Douglas Av.,Unknown,Philadelphia,PA,71270,USA,,Hernandez,Rosa,Small,Hernandez Rosa,CHEAP,GOOD,1974.0,,,
10329.0,24.0,100.0,6.0,3542.64,11/15/2004,Shipped,Qui_4,11.0,2004.0,Motorcycles,150.0,S12_2823,Furniture,Table,Land of Toys Inc.,2125557818,897 Long Airport Avenue,Unknown,NYC,NY,10022,USA,,Yu,Kwai,Medium,Yu Kwai,EXPENSIVE,GOOD,1982.0,,,
10266.0,34.0,40.4,8.0,1373.6,7/6/2004,Shipped,Qui_3,7.0,2004.0,Classic Cars,37.0,S24_2972,Office Supplies,Eraser,L'ordine Souveniers,0522-556555,Strada Provinciale 124,Unknown,Reggio Emilia,,42100,Italy,EMEA,Moroni,Maurizio,Small,Moroni Maurizio,CHEAP,GOOD,1984.0,,,
10145.0,27.0,60.95,3.0,1645.65,8/25/2003,Shipped,Qui_3,8.0,2003.0,Motorcycles,69.0,S24_2360,Office Supplies,Eraser,Toys4GrownUps.com,6265557265,78934 Hillside Dr.,Unknown,Pasadena,CA,90003,USA,,Young,Julie,Small,Young Julie,CHEAP,GOOD,1965.0,,,
10182.0,47.0,74.22,16.0,3488.34,11/12/2003,Shipped,Qui_4,11.0,2003.0,Classic Cars,73.0,S24_1046,Office Supplies,Pencil,Mini Gifts Distributors Ltd.,4155551450,5677 Strong St.,Unknown,San Rafael,CA,97562,USA,,Nelson,Valarie,Medium,Nelson Valarie,EXPENSIVE,GOOD,1980.0,,,
10211.0,22.0,92.16,6.0,2027.52,1/15/2004,Shipped,Qui_1,1.0,2004.0,Classic Cars,80.0,S24_4620,Office Supplies,Lamp,Auto Canal Petit,(1) 47.55.6555,"25, rue Lauriston",Unknown,Paris,,75016,France,EMEA,Perrier,Dominique,Small,Perrier Dominique,EXPENSIVE,GOOD,1967.0,,,
10222.0,36.0,63.34,18.0,2280.24,2/19/2004,Shipped,Qui_1,2.0,2004.0,Ships,54.0,S72_3212,Accessories,Headphone,Collectable Mini Designs Co.,7605558146,361 Furth Circle,Unknown,San Diego,CA,91217,USA,,Thompson,Valarie,Small,Thompson Valarie,CHEAP,GOOD,1979.0,,,
10243.0,33.0,29.54,1.0,974.82,4/26/2004,Shipped,Qui_2,4.0,2004.0,Vintage Cars,33.0,S24_1937,Office Supplies,Lamp,Diecast Collectables,6175552555,6251 Ingle Ln.,Unknown,Boston,MA,51003,USA,,Franco,Valarie,Small,Franco Valarie,CHEAP,GOOD,1967.0,,,
10263.0,41.0,100.0,4.0,8336.94,6/28/2004,Shipped,Qui_2,6.0,2004.0,Motorcycles,193.0,S10_4698,Furniture,Bookshelf,Gift Depot Inc.,2035552570,25593 South Bay Ln.,Unknown,Bridgewater,CT,97562,USA,,King,Julie,Large,King Julie,EXPENSIVE,GOOD,1979.0,,,
10383.0,38.0,100.0,1.0,5340.9,2/22/2005,Shipped,Qui_1,2.0,2005.0,Classic Cars,143.0,S18_4027,Furniture,Table,Euro Shopping Channel,(91) 555 94 44,"C/ Moralzarzal, 86",Unknown,Madrid,,28034,Spain,EMEA,Freyre,Diego,Medium,Freyre Diego,EXPENSIVE,GOOD,1970.0,,,
10313.0,34.0,56.24,10.0,1912.16,10/22/2004,Shipped,Qui_4,10.0,2004.0,Trucks and Buses,64.0,S32_3522,Office Supplies,Lamp,Canadian Gift Exchange Network,(604) 555-3392,1900 Oak St.,Unknown,Vancouver,BC,V3F 2K1,Canada,,Tannamuri,Yoshi,Small,Tannamuri Yoshi,CHEAP,GOOD,1997.0,,,
10347.0,27.0,100.0,2.0,4428.0,11/29/2004,Shipped,Qui_4,11.0,2004.0,Classic Cars,147.0,S10_4962,Furniture,Cabinet,"Australian Collectors, Co.",03 9520 4555,636 St Kilda Road,Level 3,Melbourne,Victoria,3004,Australia,APAC,Ferguson,Peter,Medium,Ferguson Peter,EXPENSIVE,GOOD,1972.0,,,
10123.0,46.0,100.0,3.0,5161.2,5/20/2003,Shipped,Qui_2,5.0,2003.0,Classic Cars,132.0,S18_2870,Furniture,Cabinet,Atelier graphique,40.32.2555,"54, rue Royale",Unknown,Nantes,,44000,France,EMEA,Schmitt,Carine,Medium,Schmitt Carine,EXPENSIVE,GOOD,1987.0,,,
10248.0,48.0,100.0,10.0,6960.48,5/7/2004,Cancelled,Qui_2,5.0,2004.0,Ships,122.0,S24_2011,Office Supplies,Pen,Land of Toys Inc.,2125557818,897 Long Airport Avenue,Unknown,NYC,NY,10022,USA,,Yu,Kwai,Medium,Yu Kwai,EXPENSIVE,GOOD,1962.0,,,
10183.0,37.0,89.15,9.0,3298.55,11/13/2003,Shipped,Qui_4,11.0,2003.0,Vintage Cars,101.0,S18_2949,Furniture,Desk,"Classic Gift Ideas, Inc",2155554695,782 First Street,Unknown,Philadelphia,PA,71270,USA,,Cervantes,Francisca,Medium,Cervantes Francisca,EXPENSIVE,GOOD,1981.0,,,
10129.0,41.0,94.71,4.0,3883.11,6/12/2003,Shipped,Qui_2,6.0,2003.0,Vintage Cars,88.0,S24_3151,Office Supplies,Pencil,"Stylish Desk Decors, Co.",(171) 555-0297,35 King George,Unknown,London,,WX3 6FW,UK,EMEA,Brown,Ann,Medium,Brown Ann,EXPENSIVE,GOOD,1983.0,,,
10332.0,27.0,89.89,16.0,2427.03,11/17/2004,Shipped,Qui_4,11.0,2004.0,Vintage Cars,53.0,S18_1367,Furniture,Cabinet,"AV Stores, Co.",(171) 555-1555,Fauntleroy Circus,Unknown,Manchester,,EC2 5NT,UK,EMEA,Ashworth,Victoria,Small,Ashworth Victoria,EXPENSIVE,GOOD,1985.0,,,
10380.0,40.0,100.0,10.0,4931.6,2/16/2005,Shipped,Qui_1,2.0,2005.0,Vintage Cars,127.0,S18_2325,Furniture,Table,Euro Shopping Channel,(91) 555 94 44,"C/ Moralzarzal, 86",Unknown,Madrid,,28034,Spain,EMEA,Freyre,Diego,Medium,Freyre Diego,EXPENSIVE,GOOD,1963.0,,,
10208.0,33.0,85.41,5.0,2818.53,1/2/2004,Shipped,Qui_1,1.0,2004.0,Ships,99.0,S700_3962,Technology,Smart watch,"Saveley & Henriot, Co.",78.32.5555,"2, rue du Commerce",Unknown,Lyon,,69004,France,EMEA,Saveley,Mary,Small,Saveley Mary,EXPENSIVE,GOOD,1978.0,,,
10391.0,42.0,100.0,3.0,4998.0,3/9/2005,Shipped,Qui_1,3.0,2005.0,Vintage Cars,53.0,S18_1367,Furniture,Cabinet,"Anna's Decorations, Ltd",02 9936 8555,201 Miller Street,Level 15,North Sydney,NSW,2060,Australia,APAC,O'Hara,Anna,Medium,O'Hara Anna,EXPENSIVE,GOOD,1972.0,,,
10340.0,29.0,100.0,6.0,4094.51,11/24/2004,Shipped,Qui_4,11.0,2004.0,Planes,118.0,S700_2834,Technology,Desktop,Enaco Distributors,(93) 203 4555,"Rambla de Catalu¤a, 23",Unknown,Barcelona,,8022,Spain,EMEA,Saavedra,Eduardo,Medium,Saavedra Eduardo,EXPENSIVE,GOOD,1960.0,,,
10386.0,29.0,85.76,13.0,2487.04,3/1/2005,Resolved,Qui_1,3.0,2005.0,Ships,90.0,S700_2047,Technology,Tablet,Euro Shopping Channel,(91) 555 94 44,"C/ Moralzarzal, 86",Unknown,Madrid,,28034,Spain,EMEA,Freyre,Diego,Small,Freyre Diego,EXPENSIVE,GOOD,1999.0,,,
10194.0,26.0,89.01,6.0,2314.26,11/25/2003,Shipped,Qui_4,11.0,2003.0,Classic Cars,101.0,S700_2824,Technology,Desktop,"Saveley & Henriot, Co.",78.32.5555,"2, rue du Commerce",Unknown,Lyon,,69004,France,EMEA,Saveley,Mary,Small,Saveley Mary,EXPENSIVE,GOOD,1977.0,,,
10282.0,27.0,100.0,6.0,4364.82,8/20/2004,Shipped,Qui_3,8.0,2004.0,Classic Cars,151.0,S12_3148,Furniture,Desk,Mini Gifts Distributors Ltd.,4155551450,5677 Strong St.,Unknown,San Rafael,CA,97562,USA,,Nelson,Valarie,Medium,Nelson Valarie,EXPENSIVE,GOOD,1964.0,,,
10143.0,23.0,80.51,14.0,1851.73,8/10/2003,Shipped,Qui_3,8.0,2003.0,Vintage Cars,83.0,S24_3816,Office Supplies,Pen,Mini Creations Ltd.,5085559555,4575 Hillside Dr.,Unknown,New Bedford,MA,50553,USA,,Tam,Wing C,Small,Tam WingC,EXPENSIVE,GOOD,1977.0,,,
10137.0,44.0,99.55,2.0,4380.2,7/10/2003,Shipped,Qui_3,7.0,2003.0,Classic Cars,124.0,S18_1589,Furniture,Bookshelf,Reims Collectables,26.47.1555,59 rue de l'Abbaye,Unknown,Reims,,51100,France,EMEA,Henriot,Paul,Medium,Henriot Paul,EXPENSIVE,GOOD,1968.0,,,
10172.0,48.0,100.0,8.0,5493.12,11/5/2003,Shipped,Qui_4,11.0,2003.0,Classic Cars,141.0,S18_3685,Furniture,Bookshelf,Gift Depot Inc.,2035552570,25593 South Bay Ln.,Unknown,Bridgewater,CT,97562,USA,,King,Julie,Medium,King Julie,EXPENSIVE,GOOD,1982.0,,,
10379.0,32.0,100.0,3.0,3970.56,2/10/2005,Shipped,Qui_1,2.0,2005.0,Classic Cars,50.0,S24_1628,Office Supplies,Lamp,Euro Shopping Channel,(91) 555 94 44,"C/ Moralzarzal, 86",Unknown,Madrid,,28034,Spain,EMEA,Freyre,Diego,Medium,Freyre Diego,EXPENSIVE,GOOD,2000.0,,,
10247.0,27.0,100.0,1.0,4157.73,5/5/2004,Shipped,Qui_2,5.0,2004.0,Classic Cars,173.0,S12_3891,Furniture,Bookshelf,Suominen Souveniers,+358 9 8045 555,"Software Engineering Center, SEC Oy",Unknown,Espoo,,FIN-02271,Finland,EMEA,Suominen,Kalle,Medium,Suominen Kalle,EXPENSIVE,GOOD,1970.0,,,
10339.0,55.0,100.0,12.0,6214.45,11/23/2004,Shipped,Qui_4,11.0,2004.0,Planes,68.0,S24_2841,Office Supplies,Pencil,"Tokyo Collectables, Ltd",+81 3 3584 0555,2-2-8 Roppongi,Unknown,Minato-ku,Tokyo,106-0032,Japan,Japan,Shimamura,Akiko,Medium,Shimamura Akiko,EXPENSIVE,EXCELLENT,1965.0,,,
10143.0,34.0,100.0,12.0,3455.76,8/10/2003,Shipped,Qui_3,8.0,2003.0,Vintage Cars,105.0,S18_3856,Furniture,Desk,Mini Creations Ltd.,5085559555,4575 Hillside Dr.,Unknown,New Bedford,MA,50553,USA,,Tam,Wing C,Medium,Tam WingC,EXPENSIVE,GOOD,2000.0,,,
10222.0,46.0,80.51,11.0,3703.46,2/19/2004,Shipped,Qui_1,2.0,2004.0,Vintage Cars,83.0,S24_3816,Office Supplies,Pen,Collectable Mini Designs Co.,7605558146,361 Furth Circle,Unknown,San Diego,CA,91217,USA,,Thompson,Valarie,Medium,Thompson Valarie,EXPENSIVE,GOOD,1965.0,,,
10308.0,21.0,87.2,13.0,1831.2,10/15/2004,Shipped,Qui_4,10.0,2004.0,Planes,80.0,S700_3167,Technology,Smart watch,Mini Classics,9145554562,3758 North Pendale Street,Unknown,White Plains,NY,24067,USA,,Frick,Steve,Small,Frick Steve,EXPENSIVE,GOOD,1975.0,,,
10160.0,50.0,100.0,5.0,5182.0,10/11/2003,Shipped,Qui_4,10.0,2003.0,Classic Cars,115.0,S12_4675,Furniture,Cabinet,"Men 'R' US Retailers, Ltd.",2155554369,6047 Douglas Av.,Unknown,Los Angeles,CA,,USA,,Chandler,Michael,Medium,Chandler Michael,EXPENSIVE,EXCELLENT,1960.0,,,
10183.0,22.0,100.0,10.0,2488.2,11/13/2003,Shipped,Qui_4,11.0,2003.0,Vintage Cars,104.0,S18_3136,Furniture,Table,"Classic Gift Ideas, Inc",2155554695,782 First Street,Unknown,Philadelphia,PA,71270,USA,,Cervantes,Francisca,Small,Cervantes Francisca,EXPENSIVE,GOOD,1978.0,,,
10107.0,39.0,99.91,5.0,3896.49,2/24/2003,Shipped,Qui_1,2.0,2003.0,Motorcycles,118.0,S10_2016,Furniture,Chair,Land of Toys Inc.,2125557818,897 Long Airport Avenue,Unknown,NYC,NY,10022,USA,,Yu,Kwai,Medium,Yu Kwai,EXPENSIVE,GOOD,1970.0,,,
10322.0,41.0,57.68,5.0,2364.88,11/4/2004,Shipped,Qui_4,11.0,2004.0,Vintage Cars,53.0,S18_1367,Furniture,Cabinet,Online Diecast Creations Co.,6035558647,2304 Long Airport Avenue,Unknown,Nashua,NH,62005,USA,,Young,Valarie,Small,Young Valarie,CHEAP,GOOD,1999.0,,,
10195.0,50.0,100.0,10.0,7620.5,11/25/2003,Shipped,Qui_4,11.0,2003.0,Classic Cars,169.0,S18_3232,Furniture,Table,Mini Classics,9145554562,3758 North Pendale Street,Unknown,White Plains,NY,24067,USA,,Frick,Steve,Large,Frick Steve,EXPENSIVE,EXCELLENT,1994.0,,,
10245.0,44.0,100.0,4.0,4628.8,5/4/2004,Shipped,Qui_2,5.0,2004.0,Classic Cars,101.0,S700_2824,Technology,Desktop,Super Scale Inc.,2035559545,567 North Pendale Street,Unknown,New Haven,CT,97823,USA,,Murphy,Leslie,Medium,Murphy Leslie,EXPENSIVE,GOOD,1994.0,,,
10229.0,25.0,100.0,8.0,2793.0,3/11/2004,Shipped,Qui_1,3.0,2004.0,Trucks and Buses,96.0,S32_1268,Office Supplies,Eraser,Mini Gifts Distributors Ltd.,4155551450,5677 Strong St.,Unknown,San Rafael,CA,97562,USA,,Nelson,Valarie,Small,Nelson Valarie,EXPENSIVE,GOOD,1985.0,,,
10421.0,35.0,100.0,1.0,5433.75,5/29/2005,In Process,Qui_2,5.0,2005.0,Vintage Cars,168.0,S18_2795,Furniture,Bookshelf,Mini Gifts Distributors Ltd.,4155551450,5677 Strong St.,Unknown,San Rafael,CA,97562,USA,,Nelson,Valarie,Medium,Nelson Valarie,EXPENSIVE,GOOD,1975.0,,,
10310.0,49.0,81.4,11.0,3988.6,10/16/2004,Shipped,Qui_4,10.0,2004.0,Classic Cars,79.0,S12_3990,Furniture,Bookshelf,"Toms Spezialitten, Ltd",0221-5554327,Mehrheimerstr. 369,Unknown,Koln,,50739,Germany,EMEA,Pfalzheim,Henriette,Medium,Pfalzheim Henriette,EXPENSIVE,GOOD,1979.0,,,
10417.0,21.0,100.0,1.0,3447.78,5/13/2005,Disputed,Qui_2,5.0,2005.0,Motorcycles,150.0,S12_2823,Furniture,Table,Euro Shopping Channel,(91) 555 94 44,"C/ Moralzarzal, 86",Unknown,Madrid,,28034,Spain,EMEA,Freyre,Diego,Medium,Freyre Diego,EXPENSIVE,GOOD,1962.0,,,
10143.0,27.0,60.97,8.0,1646.19,8/10/2003,Shipped,Qui_3,8.0,2003.0,Planes,68.0,S24_2841,Office Supplies,Pencil,Mini Creations Ltd.,5085559555,4575 Hillside Dr.,Unknown,New Bedford,MA,50553,USA,,Tam,Wing C,Small,Tam WingC,CHEAP,GOOD,1987.0,,,
10270.0,38.0,100.0,3.0,5383.08,7/19/2004,Shipped,Qui_3,7.0,2004.0,Trucks and Buses,121.0,S18_4600,Furniture,Chair,Souveniers And Things Co.,+61 2 9495 8555,"Monitor Money Building, 815 Pacific Hwy",Level 6,Chatswood,NSW,2067,Australia,APAC,Huxley,Adrian,Medium,Huxley Adrian,EXPENSIVE,GOOD,1984.0,,,
10208.0,45.0,87.77,8.0,3949.65,1/2/2004,Shipped,Qui_1,1.0,2004.0,Vintage Cars,87.0,S18_4522,Furniture,Table,"Saveley & Henriot, Co.",78.32.5555,"2, rue du Commerce",Unknown,Lyon,,69004,France,EMEA,Saveley,Mary,Medium,Saveley Mary,EXPENSIVE,GOOD,1969.0,,,
10129.0,31.0,60.0,5.0,1860.0,6/12/2003,Shipped,Qui_2,6.0,2003.0,Ships,66.0,S700_1138,Technology,Desktop,"Stylish Desk Decors, Co.",(171) 555-0297,35 King George,Unknown,London,,WX3 6FW,UK,EMEA,Brown,Ann,Small,Brown Ann,CHEAP,GOOD,1971.0,,,
10173.0,22.0,100.0,7.0,3452.68,11/5/2003,Shipped,Qui_4,11.0,2003.0,Vintage Cars,168.0,S18_2795,Furniture,Bookshelf,Rovelli Gifts,035-640555,Via Ludovico il Moro 22,Unknown,Bergamo,,24100,Italy,EMEA,Rovelli,Giovanni,Medium,Rovelli Giovanni,EXPENSIVE,GOOD,1974.0,,,
10407.0,42.0,72.65,1.0,3051.3,4/22/2005,On Hold,Qui_2,4.0,2005.0,Vintage Cars,60.0,S18_2248,Furniture,Desk,The Sharp Gifts Warehouse,4085553659,3086 Ingle Ln.,Unknown,San Jose,CA,94217,USA,,Frick,Sue,Medium,Frick Sue,EXPENSIVE,GOOD,1995.0,,,
10266.0,33.0,74.69,10.0,2464.77,7/6/2004,Shipped,Qui_3,7.0,2004.0,Classic Cars,77.0,S18_1889,Furniture,Bookshelf,L'ordine Souveniers,0522-556555,Strada Provinciale 124,Unknown,Reggio Emilia,,42100,Italy,EMEA,Moroni,Maurizio,Small,Moroni Maurizio,EXPENSIVE,GOOD,1999.0,,,
10375.0,49.0,78.92,13.0,3867.08,2/3/2005,Shipped,Qui_1,2.0,2005.0,Motorcycles,150.0,S12_2823,Furniture,Table,La Rochelle Gifts,40.67.8555,"67, rue des Cinquante Otages",Unknown,Nantes,,44000,France,EMEA,Labrune,Janine,Medium,Labrune Janine,EXPENSIVE,GOOD,1989.0,,,
10183.0,47.0,100.0,12.0,5035.11,11/13/2003,Shipped,Qui_4,11.0,2003.0,Vintage Cars,97.0,S24_4258,Office Supplies,Pencil,"Classic Gift Ideas, Inc",2155554695,782 First Street,Unknown,Philadelphia,PA,71270,USA,,Cervantes,Francisca,Medium,Cervantes Francisca,EXPENSIVE,GOOD,1992.0,,,
10312.0,48.0,100.0,17.0,8078.4,10/21/2004,Shipped,Qui_4,10.0,2004.0,Vintage Cars,170.0,S18_1749,Furniture,Desk,Mini Gifts Distributors Ltd.,4155551450,5677 Strong St.,Unknown,San Rafael,CA,97562,USA,,Nelson,Valarie,Large,Nelson Valarie,EXPENSIVE,GOOD,1973.0,,,
10276.0,21.0,70.78,11.0,1486.38,8/2/2004,Shipped,Qui_3,8.0,2004.0,Motorcycles,81.0,S50_4713,Accessories,Headphone,Online Mini Collectables,6175557555,7635 Spinnaker Dr.,Unknown,Brickhaven,MA,58339,USA,,Barajas,Miguel,Small,Barajas Miguel,EXPENSIVE,GOOD,1967.0,,,
10192.0,47.0,100.0,10.0,7421.3,11/20/2003,Shipped,Qui_4,11.0,2003.0,Classic Cars,142.0,S18_1984,Furniture,Bookshelf,Online Diecast Creations Co.,6035558647,2304 Long Airport Avenue,Unknown,Nashua,NH,62005,USA,,Young,Valarie,Large,Young Valarie,EXPENSIVE,GOOD,1976.0,,,
10310.0,49.0,100.0,12.0,6266.12,10/16/2004,Shipped,Qui_4,10.0,2004.0,Classic Cars,146.0,S18_3482,Furniture,Bookshelf,"Toms Spezialitten, Ltd",0221-5554327,Mehrheimerstr. 369,Unknown,Koln,,50739,Germany,EMEA,Pfalzheim,Henriette,Medium,Pfalzheim Henriette,EXPENSIVE,GOOD,1961.0,,,
10192.0,37.0,69.82,4.0,2583.34,11/20/2003,Shipped,Qui_4,11.0,2003.0,Classic Cars,73.0,S24_1046,Office Supplies,Pencil,Online Diecast Creations Co.,6035558647,2304 Long Airport Avenue,Unknown,Nashua,NH,62005,USA,,Young,Valarie,Small,Young Valarie,EXPENSIVE,GOOD,1973.0,,,
10281.0,25.0,100.0,13.0,2938.5,8/19/2004,Shipped,Qui_3,8.0,2004.0,Trucks and Buses,136.0,S12_1666,Furniture,Cabinet,Diecast Classics Inc.,2155551555,7586 Pompton St.,Unknown,Allentown,PA,70267,USA,,Yu,Kyung,Small,Yu Kyung,EXPENSIVE,GOOD,1990.0,,,
10193.0,20.0,50.62,9.0,1012.4,11/21/2003,Shipped,Qui_4,11.0,2003.0,Vintage Cars,44.0,S24_2022,Office Supplies,Lamp,"Australian Collectables, Ltd",61-9-3844-6555,7 Allen Street,Unknown,Glen Waverly,Victoria,3150,Australia,APAC,Connery,Sean,Small,Connery Sean,CHEAP,GOOD,1973.0,,,
10142.0,42.0,74.57,16.0,3131.94,8/8/2003,Shipped,Qui_3,8.0,2003.0,Trains,62.0,S32_3207,Office Supplies,Pen,Mini Gifts Distributors Ltd.,4155551450,5677 Strong St.,Unknown,San Rafael,CA,97562,USA,,Nelson,Valarie,Medium,Nelson Valarie,EXPENSIVE,GOOD,1978.0,,,
10105.0,50.0,100.0,2.0,7208.0,2/11/2003,Shipped,Qui_1,2.0,2003.0,Classic Cars,136.0,S10_4757,Furniture,Desk,Danish Wholesale Imports,31 12 3555,Vinb'ltet 34,Unknown,Kobenhavn,,1734,Denmark,EMEA,Petersen,Jytte,Large,Petersen Jytte,EXPENSIVE,EXCELLENT,1961.0,,,
10193.0,25.0,76.26,16.0,1906.5,11/21/2003,Shipped,Qui_4,11.0,2003.0,Classic Cars,71.0,S18_4933,Furniture,Table,"Australian Collectables, Ltd",61-9-3844-6555,7 Allen Street,Unknown,Glen Waverly,Victoria,3150,Australia,APAC,Connery,Sean,Small,Connery Sean,EXPENSIVE,GOOD,1993.0,,,
10352.0,22.0,75.51,1.0,1661.22,12/3/2004,Shipped,Qui_4,12.0,2004.0,Planes,74.0,S700_4002,Technology,Laptop,Auto-Moto Classics Inc.,6175558428,16780 Pompton St.,Unknown,Brickhaven,MA,58339,USA,,Taylor,Leslie,Small,Taylor Leslie,EXPENSIVE,GOOD,1988.0,,,
10133.0,49.0,57.1,6.0,2797.9,6/27/2003,Shipped,Qui_2,6.0,2003.0,Vintage Cars,68.0,S32_4289,Office Supplies,Ruler,Euro Shopping Channel,(91) 555 94 44,"C/ Moralzarzal, 86",Unknown,Madrid,,28034,Spain,EMEA,Freyre,Diego,Small,Freyre Diego,CHEAP,GOOD,1989.0,,,
10342.0,55.0,100.0,7.0,6548.3,11/24/2004,Shipped,Qui_4,11.0,2004.0,Classic Cars,146.0,S18_3482,Furniture,Bookshelf,"Australian Collectors, Co.",03 9520 4555,636 St Kilda Road,Level 3,Melbourne,Victoria,3004,Australia,APAC,Ferguson,Peter,Medium,Ferguson Peter,EXPENSIVE,EXCELLENT,1974.0,,,
10241.0,33.0,72.65,1.0,2397.45,4/13/2004,Shipped,Qui_2,4.0,2004.0,Vintage Cars,60.0,S18_2248,Furniture,Desk,Mini Caravy,88.60.1555,"24, place Kluber",Unknown,Strasbourg,,67000,France,EMEA,Citeaux,Frederique,Small,Citeaux Frederique,EXPENSIVE,GOOD,1976.0,,,
10248.0,35.0,90.37,8.0,3162.95,5/7/2004,Cancelled,Qui_2,5.0,2004.0,Ships,99.0,S700_3962,Technology,Smart watch,Land of Toys Inc.,2125557818,897 Long Airport Avenue,Unknown,NYC,NY,10022,USA,,Yu,Kwai,Medium,Yu Kwai,EXPENSIVE,GOOD,1984.0,,,
10248.0,32.0,75.89,4.0,2428.48,5/7/2004,Cancelled,Qui_2,5.0,2004.0,Ships,72.0,S700_2610,Technology,Laptop,Land of Toys Inc.,2125557818,897 Long Airport Avenue,Unknown,NYC,NY,10022,USA,,Yu,Kwai,Small,Yu Kwai,EXPENSIVE,GOOD,1992.0,,,
10241.0,42.0,90.19,3.0,3787.98,4/13/2004,Shipped,Qui_2,4.0,2004.0,Vintage Cars,92.0,S18_4409,Furniture,Chair,Mini Caravy,88.60.1555,"24, place Kluber",Unknown,Strasbourg,,67000,France,EMEA,Citeaux,Frederique,Medium,Citeaux Frederique,EXPENSIVE,GOOD,1973.0,,,
10315.0,40.0,55.69,5.0,2227.6,10/29/2004,Shipped,Qui_4,10.0,2004.0,Ships,54.0,S72_3212,Accessories,Headphone,La Rochelle Gifts,40.67.8555,"67, rue des Cinquante Otages",Unknown,Nantes,,44000,France,EMEA,Labrune,Janine,Small,Labrune Janine,CHEAP,GOOD,1965.0,,,
10225.0,37.0,95.69,12.0,3540.53,2/22/2004,Shipped,Qui_1,2.0,2004.0,Classic Cars,80.0,S18_3278,Furniture,Cabinet,"Vida Sport, Ltd",0897-034555,Grenzacherweg 237,Unknown,Gensve,,1203,Switzerland,EMEA,Holz,Michael,Medium,Holz Michael,EXPENSIVE,GOOD,1977.0,,,
10184.0,49.0,100.0,2.0,5795.72,11/14/2003,Shipped,Qui_4,11.0,2003.0,Classic Cars,118.0,S24_4048,Office Supplies,Pencil,"Iberia Gift Imports, Corp.",(95) 555 82 82,"C/ Romero, 33",Unknown,Sevilla,,41101,Spain,EMEA,Roel,Jose Pedro,Medium,Roel JosePedro,EXPENSIVE,GOOD,1994.0,,,
10287.0,21.0,100.0,12.0,3432.24,8/30/2004,Shipped,Qui_3,8.0,2004.0,Classic Cars,194.0,S12_1099,Furniture,Bookshelf,"Vida Sport, Ltd",0897-034555,Grenzacherweg 237,Unknown,Gensve,,1203,Switzerland,EMEA,Holz,Michael,Medium,Holz Michael,EXPENSIVE,GOOD,1995.0,,,
10285.0,39.0,70.08,11.0,2733.12,8/27/2004,Shipped,Qui_3,8.0,2004.0,Motorcycles,76.0,S24_2000,Office Supplies,Pen,Marta's Replicas Co.,6175558555,39323 Spinnaker Dr.,Unknown,Cambridge,MA,51247,USA,,Hernandez,Marta,Small,Hernandez Marta,EXPENSIVE,GOOD,1990.0,,,
10285.0,36.0,100.0,6.0,4099.68,8/27/2004,Shipped,Qui_3,8.0,2004.0,Motorcycles,95.0,S10_1678,Furniture,Cabinet,Marta's Replicas Co.,6175558555,39323 Spinnaker Dr.,Unknown,Cambridge,MA,51247,USA,,Hernandez,Marta,Medium,Hernandez Marta,EXPENSIVE,GOOD,1970.0,,,
10149.0,23.0,100.0,5.0,4230.62,9/12/2003,Shipped,Qui_3,9.0,2003.0,Vintage Cars,168.0,S18_2795,Furniture,Bookshelf,Signal Collectibles Ltd.,4155554312,2793 Furth Circle,Unknown,Brisbane,CA,94217,USA,,Taylor,Sue,Medium,Taylor Sue,EXPENSIVE,GOOD,1969.0,,,
10211.0,41.0,100.0,2.0,7498.9,1/15/2004,Shipped,Qui_1,1.0,2004.0,Classic Cars,194.0,S12_1099,Furniture,Bookshelf,Auto Canal Petit,(1) 47.55.6555,"25, rue Lauriston",Unknown,Paris,,75016,France,EMEA,Perrier,Dominique,Large,Perrier Dominique,EXPENSIVE,GOOD,1961.0,,,
10378.0,49.0,67.14,8.0,3289.86,2/10/2005,Shipped,Qui_1,2.0,2005.0,Classic Cars,148.0,S18_4721,Furniture,Table,Euro Shopping Channel,(91) 555 94 44,"C/ Moralzarzal, 86",Unknown,Madrid,,28034,Spain,EMEA,Freyre,Diego,Medium,Freyre Diego,EXPENSIVE,GOOD,1990.0,,,
10329.0,20.0,100.0,2.0,3176.0,11/15/2004,Shipped,Qui_4,11.0,2004.0,Motorcycles,118.0,S10_2016,Furniture,Chair,Land of Toys Inc.,2125557818,897 Long Airport Avenue,Unknown,NYC,NY,10022,USA,,Yu,Kwai,Medium,Yu Kwai,EXPENSIVE,GOOD,1997.0,,,
10337.0,29.0,71.97,4.0,2087.13,11/21/2004,Shipped,Qui_4,11.0,2004.0,Ships,122.0,S24_2011,Office Supplies,Pen,Classic Legends Inc.,2125558493,5905 Pompton St.,Suite 750,NYC,NY,10022,USA,,Hernandez,Maria,Small,Hernandez Maria,EXPENSIVE,GOOD,2000.0,,,
10175.0,26.0,100.0,1.0,3543.28,11/6/2003,Shipped,Qui_4,11.0,2003.0,Trucks and Buses,118.0,S12_4473,Furniture,Cabinet,"Stylish Desk Decors, Co.",(171) 555-0297,35 King George,Unknown,London,,WX3 6FW,UK,EMEA,Brown,Ann,Medium,Brown Ann,EXPENSIVE,GOOD,1994.0,,,
10250.0,35.0,100.0,11.0,3909.15,5/11/2004,Shipped,Qui_2,5.0,2004.0,Planes,99.0,S700_2466,Technology,Smart watch,The Sharp Gifts Warehouse,4085553659,3086 Ingle Ln.,Unknown,San Jose,CA,94217,USA,,Frick,Sue,Medium,Frick Sue,EXPENSIVE,GOOD,1988.0,,,
10124.0,45.0,37.84,2.0,1702.8,5/21/2003,Shipped,Qui_2,5.0,2003.0,Vintage Cars,33.0,S24_1937,Office Supplies,Lamp,Signal Gift Stores,7025551838,8489 Strong St.,Unknown,Las Vegas,NV,83030,USA,,King,Sue,Small,King Sue,CHEAP,GOOD,1978.0,,,
10353.0,48.0,68.8,4.0,3302.4,12/4/2004,Shipped,Qui_4,12.0,2004.0,Planes,118.0,S700_2834,Technology,Desktop,Gift Ideas Corp.,2035554407,2440 Pompton St.,Unknown,Glendale,CT,97561,USA,,Lewis,Dan,Medium,Lewis Dan,EXPENSIVE,GOOD,1975.0,,,
10184.0,28.0,100.0,10.0,4409.72,11/14/2003,Shipped,Qui_4,11.0,2003.0,Classic Cars,169.0,S18_3232,Furniture,Table,"Iberia Gift Imports, Corp.",(95) 555 82 82,"C/ Romero, 33",Unknown,Sevilla,,41101,Spain,EMEA,Roel,Jose Pedro,Medium,Roel JosePedro,EXPENSIVE,GOOD,1996.0,,,
10321.0,28.0,100.0,8.0,4232.76,11/4/2004,Shipped,Qui_4,11.0,2004.0,Classic Cars,141.0,S18_3685,Furniture,Bookshelf,FunGiftIdeas.com,5085552555,1785 First Street,Unknown,New Bedford,MA,50553,USA,,Benitez,Violeta,Medium,Benitez Violeta,EXPENSIVE,GOOD,1996.0,,,
10422.0,51.0,95.55,2.0,4873.05,5/30/2005,In Process,Qui_2,5.0,2005.0,Vintage Cars,102.0,S18_1342,Furniture,Desk,Diecast Classics Inc.,2155551555,7586 Pompton St.,Unknown,Allentown,PA,70267,USA,,Yu,Kyung,Medium,Yu Kyung,EXPENSIVE,EXCELLENT,1976.0,,,
10159.0,25.0,100.0,4.0,3638.0,10/10/2003,Shipped,Qui_4,10.0,2003.0,Classic Cars,146.0,S18_3482,Furniture,Bookshelf,Corporate Gift Ideas Co.,6505551386,7734 Strong St.,Unknown,San Francisco,CA,,USA,,Brown,Julie,Medium,Brown Julie,EXPENSIVE,GOOD,1965.0,,,
10386.0,33.0,41.71,11.0,1376.43,3/1/2005,Resolved,Qui_1,3.0,2005.0,Planes,109.0,S24_1785,Office Supplies,Ruler,Euro Shopping Channel,(91) 555 94 44,"C/ Moralzarzal, 86",Unknown,Madrid,,28034,Spain,EMEA,Freyre,Diego,Small,Freyre Diego,CHEAP,GOOD,1979.0,,,
10305.0,24.0,100.0,10.0,3189.6,10/13/2004,Shipped,Qui_4,10.0,2004.0,Trucks and Buses,127.0,S24_2300,Office Supplies,Pen,Marta's Replicas Co.,6175558555,39323 Spinnaker Dr.,Unknown,Cambridge,MA,51247,USA,,Hernandez,Marta,Medium,Hernandez Marta,EXPENSIVE,GOOD,1979.0,,,
10122.0,32.0,63.84,11.0,2042.88,5/8/2003,Shipped,Qui_2,5.0,2003.0,Classic Cars,79.0,S12_3990,Furniture,Bookshelf,Marseille Mini Autos,91.24.4555,"12, rue des Bouchers",Unknown,Marseille,,13008,France,EMEA,Lebihan,Laurence,Small,Lebihan Laurence,CHEAP,GOOD,1997.0,,,
10339.0,21.0,50.65,7.0,1063.65,11/23/2004,Shipped,Qui_4,11.0,2004.0,Planes,109.0,S24_1785,Office Supplies,Ruler,"Tokyo Collectables, Ltd",+81 3 3584 0555,2-2-8 Roppongi,Unknown,Minato-ku,Tokyo,106-0032,Japan,Japan,Shimamura,Akiko,Small,Shimamura Akiko,CHEAP,GOOD,1987.0,,,
10192.0,23.0,100.0,1.0,3052.33,11/20/2003,Shipped,Qui_4,11.0,2003.0,Classic Cars,117.0,S24_2887,Office Supplies,Ruler,Online Diecast Creations Co.,6035558647,2304 Long Airport Avenue,Unknown,Nashua,NH,62005,USA,,Young,Valarie,Medium,Young Valarie,EXPENSIVE,GOOD,1961.0,,,
10396.0,24.0,89.75,4.0,2154.0,3/23/2005,Shipped,Qui_1,3.0,2005.0,Trains,100.0,S18_3259,Furniture,Desk,Mini Gifts Distributors Ltd.,4155551450,5677 Strong St.,Unknown,San Rafael,CA,97562,USA,,Nelson,Valarie,Small,Nelson Valarie,EXPENSIVE,GOOD,1976.0,,,
10220.0,30.0,68.54,4.0,2056.2,2/12/2004,Shipped,Qui_1,2.0,2004.0,Trains,58.0,S50_1514,Accessories,Headphone,"Clover Collections, Co.",+353 1862 1555,25 Maiden Lane,Floor No. 4,Dublin,,2,Ireland,EMEA,Cassidy,Dean,Small,Cassidy Dean,EXPENSIVE,GOOD,1978.0,,,
10190.0,42.0,76.19,3.0,3199.98,11/19/2003,Shipped,Qui_4,11.0,2003.0,Motorcycles,69.0,S24_2360,Office Supplies,Eraser,Euro Shopping Channel,(91) 555 94 44,"C/ Moralzarzal, 86",Unknown,Madrid,,28034,Spain,EMEA,Freyre,Diego,Medium,Freyre Diego,EXPENSIVE,GOOD,1981.0,,,
10398.0,36.0,87.36,12.0,3144.96,3/30/2005,Shipped,Qui_1,3.0,2005.0,Planes,74.0,S700_4002,Technology,Laptop,Reims Collectables,26.47.1555,59 rue de l'Abbaye,Unknown,Reims,,51100,France,EMEA,Henriot,Paul,Medium,Henriot Paul,EXPENSIVE,GOOD,1964.0,,,
10168.0,49.0,100.0,11.0,6433.7,10/28/2003,Shipped,Qui_4,10.0,2003.0,Planes,109.0,S24_1785,Office Supplies,Ruler,Technics Stores Inc.,6505556809,9408 Furth Circle,Unknown,Burlingame,CA,94217,USA,,Hirano,Juri,Medium,Hirano Juri,EXPENSIVE,GOOD,1973.0,,,
10203.0,21.0,37.0,2.0,777.0,12/2/2003,Shipped,Qui_4,12.0,2003.0,Classic Cars,37.0,S24_2972,Office Supplies,Eraser,Euro Shopping Channel,(91) 555 94 44,"C/ Moralzarzal, 86",Unknown,Madrid,,28034,Spain,EMEA,Freyre,Diego,Small,Freyre Diego,CHEAP,GOOD,1995.0,,,
10347.0,50.0,100.0,8.0,6834.5,11/29/2004,Shipped,Qui_4,11.0,2004.0,Trucks and Buses,60.0,S18_2432,Furniture,Table,"Australian Collectors, Co.",03 9520 4555,636 St Kilda Road,Level 3,Melbourne,Victoria,3004,Australia,APAC,Ferguson,Peter,Medium,Ferguson Peter,EXPENSIVE,EXCELLENT,1969.0,,,
10363.0,43.0,100.0,9.0,5154.41,1/6/2005,Shipped,Qui_1,1.0,2005.0,Classic Cars,80.0,S24_4620,Office Supplies,Lamp,Suominen Souveniers,+358 9 8045 555,"Software Engineering Center, SEC Oy",Unknown,Espoo,,FIN-02271,Finland,EMEA,Suominen,Kalle,Medium,Suominen Kalle,EXPENSIVE,GOOD,1977.0,,,
10346.0,24.0,87.24,5.0,2093.76,11/29/2004,Shipped,Qui_4,11.0,2004.0,Classic Cars,117.0,S24_2887,Office Supplies,Ruler,Signal Gift Stores,7025551838,8489 Strong St.,Unknown,Las Vegas,NV,83030,USA,,King,Sue,Small,King Sue,EXPENSIVE,GOOD,1998.0,,,
10246.0,49.0,36.07,6.0,1767.43,5/5/2004,Shipped,Qui_2,5.0,2004.0,Classic Cars,35.0,S24_2840,Office Supplies,Pencil,Euro Shopping Channel,(91) 555 94 44,"C/ Moralzarzal, 86",Unknown,Madrid,,28034,Spain,EMEA,Freyre,Diego,Small,Freyre Diego,CHEAP,GOOD,1970.0,,,
10151.0,41.0,63.85,5.0,2617.85,9/21/2003,Shipped,Qui_3,9.0,2003.0,Trucks and Buses,54.0,S32_2509,Office Supplies,Pen,"Oulu Toy Supplies, Inc.",981-443655,Torikatu 38,Unknown,Oulu,,90110,Finland,EMEA,Koskitalo,Pirkko,Small,Koskitalo Pirkko,CHEAP,GOOD,1988.0,,,
10417.0,56.0,100.0,4.0,9218.16,5/13/2005,Disputed,Qui_2,5.0,2005.0,Motorcycles,193.0,S10_4698,Furniture,Bookshelf,Euro Shopping Channel,(91) 555 94 44,"C/ Moralzarzal, 86",Unknown,Madrid,,28034,Spain,EMEA,Freyre,Diego,Large,Freyre Diego,EXPENSIVE,EXCELLENT,1978.0,,,
10150.0,47.0,91.18,9.0,4285.46,9/19/2003,Shipped,Qui_3,9.0,2003.0,Vintage Cars,101.0,S18_2949,Furniture,Desk,"Dragon Souveniers, Ltd.",+65 221 7555,"Bronz Sok., Bronz Apt. 3/6 Tesvikiye",Unknown,Singapore,,79903,Singapore,Japan,Natividad,Eric,Medium,Natividad Eric,EXPENSIVE,GOOD,1963.0,,,
10424.0,26.0,59.87,4.0,1556.62,5/31/2005,In Process,Qui_2,5.0,2005.0,Vintage Cars,50.0,S18_4668,Furniture,Cabinet,Euro Shopping Channel,(91) 555 94 44,"C/ Moralzarzal, 86",Unknown,Madrid,,28034,Spain,EMEA,Freyre,Diego,Small,Freyre Diego,CHEAP,GOOD,1963.0,,,
10160.0,46.0,100.0,6.0,5294.14,10/11/2003,Shipped,Qui_4,10.0,2003.0,Classic Cars,117.0,S12_3380,Furniture,Bookshelf,"Men 'R' US Retailers, Ltd.",2155554369,6047 Douglas Av.,Unknown,Los Angeles,CA,,USA,,Chandler,Michael,Medium,Chandler Michael,EXPENSIVE,GOOD,1996.0,,,
10324.0,27.0,100.0,12.0,3155.49,11/5/2004,Shipped,Qui_4,11.0,2004.0,Classic Cars,169.0,S18_3232,Furniture,Table,Vitachrome Inc.,2125551500,2678 Kingston Rd.,Suite 101,NYC,NY,10022,USA,,Frick,Michael,Medium,Frick Michael,EXPENSIVE,GOOD,1979.0,,,
10155.0,34.0,55.89,7.0,1900.26,10/6/2003,Shipped,Qui_4,10.0,2003.0,Vintage Cars,65.0,S24_3420,Office Supplies,Lamp,"Toys of Finland, Co.",90-224 8555,Keskuskatu 45,Unknown,Helsinki,,21240,Finland,EMEA,Karttunen,Matti,Small,Karttunen Matti,CHEAP,GOOD,1999.0,,,
10419.0,35.0,100.0,6.0,5926.9,5/17/2005,Shipped,Qui_2,5.0,2005.0,Classic Cars,169.0,S18_3232,Furniture,Table,Salzburg Collectables,6562-9555,Geislweg 14,Unknown,Salzburg,,5020,Austria,EMEA,Pipps,Georg,Medium,Pipps Georg,EXPENSIVE,GOOD,1967.0,,,
10386.0,41.0,73.32,12.0,3006.12,3/1/2005,Resolved,Qui_1,3.0,2005.0,Planes,68.0,S24_3949,Office Supplies,Pencil,Euro Shopping Channel,(91) 555 94 44,"C/ Moralzarzal, 86",Unknown,Madrid,,28034,Spain,EMEA,Freyre,Diego,Medium,Freyre Diego,EXPENSIVE,GOOD,1973.0,,,
10122.0,34.0,50.21,9.0,1707.14,5/8/2003,Shipped,Qui_2,5.0,2003.0,Classic Cars,61.0,S24_3371,Office Supplies,Eraser,Marseille Mini Autos,91.24.4555,"12, rue des Bouchers",Unknown,Marseille,,13008,France,EMEA,Lebihan,Laurence,Small,Lebihan Laurence,CHEAP,GOOD,1992.0,,,
10270.0,21.0,100.0,9.0,4905.39,7/19/2004,Shipped,Qui_3,7.0,2004.0,Classic Cars,214.0,S10_1949,Furniture,Desk,Souveniers And Things Co.,+61 2 9495 8555,"Monitor Money Building, 815 Pacific Hwy",Level 6,Chatswood,NSW,2067,Australia,APAC,Huxley,Adrian,Medium,Huxley Adrian,EXPENSIVE,GOOD,1993.0,,,
10407.0,76.0,94.5,6.0,7182.0,4/22/2005,On Hold,Qui_2,4.0,2005.0,Classic Cars,90.0,S24_2766,Office Supplies,Eraser,The Sharp Gifts Warehouse,4085553659,3086 Ingle Ln.,Unknown,San Jose,CA,94217,USA,,Frick,Sue,Large,Frick Sue,EXPENSIVE,EXCELLENT,1997.0,,,
10371.0,34.0,100.0,3.0,4301.34,1/23/2005,Shipped,Qui_1,1.0,2005.0,Classic Cars,101.0,S700_2824,Technology,Desktop,Mini Gifts Distributors Ltd.,4155551450,5677 Strong St.,Unknown,San Rafael,CA,97562,USA,,Nelson,Valarie,Medium,Nelson Valarie,EXPENSIVE,GOOD,1992.0,,,
10420.0,15.0,43.49,3.0,652.35,5/29/2005,In Process,Qui_2,5.0,2005.0,Vintage Cars,41.0,S24_3969,Office Supplies,Eraser,Souveniers And Things Co.,+61 2 9495 8555,"Monitor Money Building, 815 Pacific Hwy",Level 6,Chatswood,NSW,2067,Australia,APAC,Huxley,Adrian,Small,Huxley Adrian,CHEAP,GOOD,1963.0,,,
10155.0,38.0,100.0,5.0,6531.44,10/6/2003,Shipped,Qui_4,10.0,2003.0,Planes,157.0,S18_1662,Furniture,Cabinet,"Toys of Finland, Co.",90-224 8555,Keskuskatu 45,Unknown,Helsinki,,21240,Finland,EMEA,Karttunen,Matti,Medium,Karttunen Matti,EXPENSIVE,GOOD,1966.0,,,
10222.0,49.0,100.0,4.0,6954.08,2/19/2004,Shipped,Qui_1,2.0,2004.0,Planes,157.0,S18_1662,Furniture,Cabinet,Collectable Mini Designs Co.,7605558146,361 Furth Circle,Unknown,San Diego,CA,91217,USA,,Thompson,Valarie,Medium,Thompson Valarie,EXPENSIVE,GOOD,1960.0,,,
10222.0,49.0,94.62,10.0,4636.38,2/19/2004,Shipped,Qui_1,2.0,2004.0,Ships,86.0,S18_3029,Furniture,Table,Collectable Mini Designs Co.,7605558146,361 Furth Circle,Unknown,San Diego,CA,91217,USA,,Thompson,Valarie,Medium,Thompson Valarie,EXPENSIVE,GOOD,1975.0,,,
10212.0,20.0,66.99,14.0,1339.8,1/16/2004,Shipped,Qui_1,1.0,2004.0,Classic Cars,77.0,S18_1889,Furniture,Bookshelf,Euro Shopping Channel,(91) 555 94 44,"C/ Moralzarzal, 86",Unknown,Madrid,,28034,Spain,EMEA,Freyre,Diego,Small,Freyre Diego,EXPENSIVE,GOOD,1984.0,,,
10365.0,44.0,100.0,2.0,4984.32,1/7/2005,Shipped,Qui_1,1.0,2005.0,Motorcycles,81.0,S50_4713,Accessories,Headphone,Mini Creations Ltd.,5085559555,4575 Hillside Dr.,Unknown,New Bedford,MA,50553,USA,,Tam,Wing C,Medium,Tam WingC,EXPENSIVE,GOOD,1969.0,,,
10279.0,49.0,79.97,3.0,3918.53,8/9/2004,Shipped,Qui_3,8.0,2004.0,Classic Cars,90.0,S24_2766,Office Supplies,Eraser,Euro Shopping Channel,(91) 555 94 44,"C/ Moralzarzal, 86",Unknown,Madrid,,28034,Spain,EMEA,Freyre,Diego,Medium,Freyre Diego,EXPENSIVE,GOOD,1993.0,,,
10276.0,38.0,83.79,4.0,3184.02,8/2/2004,Shipped,Qui_3,8.0,2004.0,Classic Cars,79.0,S12_3990,Furniture,Bookshelf,Online Mini Collectables,6175557555,7635 Spinnaker Dr.,Unknown,Brickhaven,MA,58339,USA,,Barajas,Miguel,Medium,Barajas Miguel,EXPENSIVE,GOOD,1967.0,,,
10120.0,24.0,100.0,15.0,2584.8,4/29/2003,Shipped,Qui_2,4.0,2003.0,Planes,99.0,S700_2466,Technology,Smart watch,"Australian Collectors, Co.",03 9520 4555,636 St Kilda Road,Level 3,Melbourne,Victoria,3004,Australia,APAC,Ferguson,Peter,Small,Ferguson Peter,EXPENSIVE,GOOD,1997.0,,,
10104.0,35.0,47.62,11.0,1666.7,1/31/2003,Shipped,Qui_1,1.0,2003.0,Trucks and Buses,54.0,S32_2509,Office Supplies,Pen,Euro Shopping Channel,(91) 555 94 44,"C/ Moralzarzal, 86",Unknown,Madrid,,28034,Spain,EMEA,Freyre,Diego,Small,Freyre Diego,CHEAP,GOOD,1993.0,,,
10425.0,33.0,100.0,4.0,4692.6,5/31/2005,In Process,Qui_2,5.0,2005.0,Trucks and Buses,118.0,S12_4473,Furniture,Cabinet,La Rochelle Gifts,40.67.8555,"67, rue des Cinquante Otages",Unknown,Nantes,,44000,France,EMEA,Labrune,Janine,Medium,Labrune Janine,EXPENSIVE,GOOD,1969.0,,,
10279.0,48.0,100.0,2.0,5580.96,8/9/2004,Shipped,Qui_3,8.0,2004.0,Classic Cars,117.0,S24_2887,Office Supplies,Ruler,Euro Shopping Channel,(91) 555 94 44,"C/ Moralzarzal, 86",Unknown,Madrid,,28034,Spain,EMEA,Freyre,Diego,Medium,Freyre Diego,EXPENSIVE,GOOD,1976.0,,,
10235.0,34.0,77.73,6.0,2642.82,4/2/2004,Shipped,Qui_2,4.0,2004.0,Vintage Cars,68.0,S32_4289,Office Supplies,Ruler,"Royal Canadian Collectables, Ltd.",(604) 555-4555,23 Tsawassen Blvd.,Unknown,Tsawassen,BC,T2F 8M4,Canada,,Lincoln,Elizabeth,Small,Lincoln Elizabeth,EXPENSIVE,GOOD,1986.0,,,
10372.0,34.0,100.0,1.0,5941.5,1/26/2005,Shipped,Qui_1,1.0,2005.0,Classic Cars,173.0,S12_3891,Furniture,Bookshelf,"Tokyo Collectables, Ltd",+81 3 3584 0555,2-2-8 Roppongi,Unknown,Minato-ku,Tokyo,106-0032,Japan,Japan,Shimamura,Akiko,Medium,Shimamura Akiko,EXPENSIVE,GOOD,1985.0,,,
10276.0,27.0,36.61,10.0,988.47,8/2/2004,Shipped,Qui_3,8.0,2004.0,Motorcycles,40.0,S32_2206,Office Supplies,Pen,Online Mini Collectables,6175557555,7635 Spinnaker Dr.,Unknown,Brickhaven,MA,58339,USA,,Barajas,Miguel,Small,Barajas Miguel,CHEAP,GOOD,1964.0,,,
10293.0,29.0,71.89,5.0,2084.81,9/9/2004,Shipped,Qui_3,9.0,2004.0,Ships,86.0,S700_1938,Technology,Desktop,Amica Models & Co.,011-4988555,Via Monte Bianco 34,Unknown,Torino,,10100,Italy,EMEA,Accorti,Paolo,Small,Accorti Paolo,EXPENSIVE,GOOD,1961.0,,,
10276.0,43.0,100.0,14.0,5181.5,8/2/2004,Shipped,Qui_3,8.0,2004.0,Motorcycles,150.0,S12_2823,Furniture,Table,Online Mini Collectables,6175557555,7635 Spinnaker Dr.,Unknown,Brickhaven,MA,58339,USA,,Barajas,Miguel,Medium,Barajas Miguel,EXPENSIVE,GOOD,1981.0,,,
10371.0,28.0,50.32,9.0,1408.96,1/23/2005,Shipped,Qui_1,1.0,2005.0,Classic Cars,118.0,S24_4048,Office Supplies,Pencil,Mini Gifts Distributors Ltd.,4155551450,5677 Strong St.,Unknown,San Rafael,CA,97562,USA,,Nelson,Valarie,Small,Nelson Valarie,CHEAP,GOOD,1987.0,,,
10306.0,34.0,60.34,15.0,2051.56,10/14/2004,Shipped,Qui_4,10.0,2004.0,Trains,58.0,S50_1514,Accessories,Headphone,"AV Stores, Co.",(171) 555-1555,Fauntleroy Circus,Unknown,Manchester,,EC2 5NT,UK,EMEA,Ashworth,Victoria,Small,Ashworth Victoria,CHEAP,GOOD,1966.0,,,
10126.0,21.0,100.0,8.0,2439.57,5/28/2003,Shipped,Qui_2,5.0,2003.0,Trucks and Buses,136.0,S12_1666,Furniture,Cabinet,"Corrida Auto Replicas, Ltd",(91) 555 22 82,"C/ Araquil, 67",Unknown,Madrid,,28023,Spain,EMEA,Sommer,Mart¡n,Small,Sommer Mart¡n,EXPENSIVE,GOOD,1999.0,,,
10183.0,49.0,64.64,4.0,3167.36,11/13/2003,Shipped,Qui_4,11.0,2003.0,Trucks and Buses,64.0,S32_3522,Office Supplies,Lamp,"Classic Gift Ideas, Inc",2155554695,782 First Street,Unknown,Philadelphia,PA,71270,USA,,Cervantes,Francisca,Medium,Cervantes Francisca,CHEAP,GOOD,1981.0,,,
10351.0,39.0,99.52,1.0,3881.28,12/3/2004,Shipped,Qui_4,12.0,2004.0,Planes,157.0,S18_1662,Furniture,Cabinet,"Stylish Desk Decors, Co.",(171) 555-0297,35 King George,Unknown,London,,WX3 6FW,UK,EMEA,Brown,Ann,Medium,Brown Ann,EXPENSIVE,GOOD,1999.0,,,
10350.0,20.0,100.0,15.0,2244.4,12/2/2004,Shipped,Qui_4,12.0,2004.0,Ships,54.0,S72_3212,Accessories,Headphone,Euro Shopping Channel,(91) 555 94 44,"C/ Moralzarzal, 86",Unknown,Madrid,,28034,Spain,EMEA,Freyre,Diego,Small,Freyre Diego,EXPENSIVE,GOOD,1999.0,,,
10282.0,23.0,100.0,13.0,3238.63,8/20/2004,Shipped,Qui_3,8.0,2004.0,Classic Cars,163.0,S18_2238,Furniture,Table,Mini Gifts Distributors Ltd.,4155551450,5677 Strong St.,Unknown,San Rafael,CA,97562,USA,,Nelson,Valarie,Medium,Nelson Valarie,EXPENSIVE,GOOD,1986.0,,,
10274.0,41.0,100.0,1.0,6724.0,7/21/2004,Shipped,Qui_3,7.0,2004.0,Planes,157.0,S18_1662,Furniture,Cabinet,Collectables For Less Inc.,6175558555,7825 Douglas Av.,Unknown,Brickhaven,MA,58339,USA,,Nelson,Allen,Medium,Nelson Allen,EXPENSIVE,GOOD,1995.0,,,
10193.0,22.0,100.0,8.0,3675.32,11/21/2003,Shipped,Qui_4,11.0,2003.0,Vintage Cars,168.0,S18_2795,Furniture,Bookshelf,"Australian Collectables, Ltd",61-9-3844-6555,7 Allen Street,Unknown,Glen Waverly,Victoria,3150,Australia,APAC,Connery,Sean,Medium,Connery Sean,EXPENSIVE,GOOD,1991.0,,,
10176.0,20.0,100.0,10.0,3667.6,11/6/2003,Shipped,Qui_4,11.0,2003.0,Classic Cars,163.0,S18_2238,Furniture,Table,L'ordine Souveniers,0522-556555,Strada Provinciale 124,Unknown,Reggio Emilia,,42100,Italy,EMEA,Moroni,Maurizio,Medium,Moroni Maurizio,EXPENSIVE,GOOD,1985.0,,,
10103.0,35.0,57.46,14.0,2011.1,1/29/2003,Shipped,Qui_1,1.0,2003.0,Vintage Cars,62.0,S18_2957,Furniture,Desk,Baane Mini Imports,07-98 9555,Erling Skakkes gate 78,Unknown,Stavern,,4110,Norway,EMEA,Bergulfsen,Jonas,Small,Bergulfsen Jonas,CHEAP,GOOD,1976.0,,,
10316.0,34.0,43.7,12.0,1485.8,11/1/2004,Shipped,Qui_4,11.0,2004.0,Planes,49.0,S72_1253,Accessories,Keyboard,giftsbymail.co.uk,(198) 555-8888,Garden House Crowther Way,Unknown,Cowes,Isle of Wight,PO31 7PJ,UK,EMEA,Bennett,Helen,Small,Bennett Helen,CHEAP,GOOD,1971.0,,,
10148.0,31.0,73.62,5.0,2282.22,9/11/2003,Shipped,Qui_3,9.0,2003.0,Classic Cars,85.0,S24_3191,Office Supplies,Ruler,"Anna's Decorations, Ltd",02 9936 8555,201 Miller Street,Level 15,North Sydney,NSW,2060,Australia,APAC,O'Hara,Anna,Small,O'Hara Anna,EXPENSIVE,GOOD,1966.0,,,
10197.0,45.0,100.0,6.0,5324.4,11/26/2003,Shipped,Qui_4,11.0,2003.0,Classic Cars,136.0,S10_4757,Furniture,Desk,Enaco Distributors,(93) 203 4555,"Rambla de Catalu¤a, 23",Unknown,Barcelona,,8022,Spain,EMEA,Saavedra,Eduardo,Medium,Saavedra Eduardo,EXPENSIVE,GOOD,1989.0,,,
10370.0,35.0,65.63,4.0,2297.05,1/20/2005,Shipped,Qui_1,1.0,2005.0,Classic Cars,147.0,S10_4962,Furniture,Cabinet,"Anna's Decorations, Ltd",02 9936 8555,201 Miller Street,Level 15,North Sydney,NSW,2060,Australia,APAC,O'Hara,Anna,Small,O'Hara Anna,EXPENSIVE,GOOD,1974.0,,,
10248.0,23.0,65.52,9.0,1506.96,5/7/2004,Cancelled,Qui_2,5.0,2004.0,Ships,54.0,S72_3212,Accessories,Headphone,Land of Toys Inc.,2125557818,897 Long Airport Avenue,Unknown,NYC,NY,10022,USA,,Yu,Kwai,Small,Yu Kwai,EXPENSIVE,GOOD,1986.0,,,
10222.0,49.0,100.0,12.0,5997.6,2/19/2004,Shipped,Qui_1,2.0,2004.0,Classic Cars,136.0,S10_4757,Furniture,Desk,Collectable Mini Designs Co.,7605558146,361 Furth Circle,Unknown,San Diego,CA,91217,USA,,Thompson,Valarie,Medium,Thompson Valarie,EXPENSIVE,GOOD,1988.0,,,
10119.0,21.0,89.46,9.0,1878.66,4/28/2003,Shipped,Qui_2,4.0,2003.0,Ships,86.0,S18_3029,Furniture,Table,Salzburg Collectables,6562-9555,Geislweg 14,Unknown,Salzburg,,5020,Austria,EMEA,Pipps,Georg,Small,Pipps Georg,EXPENSIVE,GOOD,1973.0,,,
10276.0,33.0,50.36,9.0,1661.88,8/2/2004,Shipped,Qui_3,8.0,2004.0,Motorcycles,62.0,S18_3782,Furniture,Bookshelf,Online Mini Collectables,6175557555,7635 Spinnaker Dr.,Unknown,Brickhaven,MA,58339,USA,,Barajas,Miguel,Small,Barajas Miguel,CHEAP,GOOD,1980.0,,,
10355.0,40.0,100.0,5.0,4326.8,12/7/2004,Shipped,Qui_4,12.0,2004.0,Motorcycles,102.0,S32_4485,Office Supplies,Ruler,Euro Shopping Channel,(91) 555 94 44,"C/ Moralzarzal, 86",Unknown,Madrid,,28034,Spain,EMEA,Freyre,Diego,Medium,Freyre Diego,EXPENSIVE,GOOD,1988.0,,,
10339.0,50.0,74.35,9.0,3717.5,11/23/2004,Shipped,Qui_4,11.0,2004.0,Ships,72.0,S700_2610,Technology,Laptop,"Tokyo Collectables, Ltd",+81 3 3584 0555,2-2-8 Roppongi,Unknown,Minato-ku,Tokyo,106-0032,Japan,Japan,Shimamura,Akiko,Medium,Shimamura Akiko,EXPENSIVE,EXCELLENT,1999.0,,,
10341.0,45.0,79.65,2.0,3584.25,11/24/2004,Shipped,Qui_4,11.0,2004.0,Classic Cars,194.0,S12_1099,Furniture,Bookshelf,Salzburg Collectables,6562-9555,Geislweg 14,Unknown,Salzburg,,5020,Austria,EMEA,Pipps,Georg,Medium,Pipps Georg,EXPENSIVE,GOOD,1991.0,,,
10235.0,25.0,96.11,2.0,2402.75,4/2/2004,Shipped,Qui_2,4.0,2004.0,Planes,118.0,S700_2834,Technology,Desktop,"Royal Canadian Collectables, Ltd.",(604) 555-4555,23 Tsawassen Blvd.,Unknown,Tsawassen,BC,T2F 8M4,Canada,,Lincoln,Elizabeth,Small,Lincoln Elizabeth,EXPENSIVE,GOOD,1995.0,,,
10185.0,33.0,100.0,14.0,4038.21,11/14/2003,Shipped,Qui_4,11.0,2003.0,Classic Cars,151.0,S12_3148,Furniture,Desk,Mini Creations Ltd.,5085559555,4575 Hillside Dr.,Unknown,New Bedford,MA,50553,USA,,Tam,Wing C,Medium,Tam WingC,EXPENSIVE,GOOD,1982.0,,,
10307.0,39.0,100.0,1.0,7379.97,10/14/2004,Shipped,Qui_4,10.0,2004.0,Planes,157.0,S18_1662,Furniture,Cabinet,"Classic Gift Ideas, Inc",2155554695,782 First Street,Unknown,Philadelphia,PA,71270,USA,,Cervantes,Francisca,Large,Cervantes Francisca,EXPENSIVE,GOOD,1995.0,,,
10284.0,39.0,71.67,13.0,2795.13,8/21/2004,Shipped,Qui_3,8.0,2004.0,Vintage Cars,65.0,S24_3420,Office Supplies,Lamp,"Norway Gifts By Mail, Co.",+47 2212 1555,"Drammensveien 126 A, PB 744 Sentrum",Unknown,Oslo,,N 0106,Norway,EMEA,Klaeboe,Jan,Small,Klaeboe Jan,EXPENSIVE,GOOD,1988.0,,,
10241.0,21.0,40.25,10.0,845.25,4/13/2004,Shipped,Qui_2,4.0,2004.0,Classic Cars,50.0,S24_1628,Office Supplies,Lamp,Mini Caravy,88.60.1555,"24, place Kluber",Unknown,Strasbourg,,67000,France,EMEA,Citeaux,Frederique,Small,Citeaux Frederique,CHEAP,GOOD,1980.0,,,
10165.0,50.0,100.0,1.0,5344.5,10/22/2003,Shipped,Qui_4,10.0,2003.0,Trains,100.0,S18_3259,Furniture,Desk,"Dragon Souveniers, Ltd.",+65 221 7555,"Bronz Sok., Bronz Apt. 3/6 Tesvikiye",Unknown,Singapore,,79903,Singapore,Japan,Natividad,Eric,Medium,Natividad Eric,EXPENSIVE,EXCELLENT,1992.0,,,
10126.0,46.0,73.7,14.0,3390.2,5/28/2003,Shipped,Qui_2,5.0,2003.0,Vintage Cars,62.0,S18_2957,Furniture,Desk,"Corrida Auto Replicas, Ltd",(91) 555 22 82,"C/ Araquil, 67",Unknown,Madrid,,28023,Spain,EMEA,Sommer,Mart¡n,Medium,Sommer Mart¡n,EXPENSIVE,GOOD,1967.0,,,
10120.0,35.0,98.05,1.0,3431.75,4/29/2003,Shipped,Qui_2,4.0,2003.0,Motorcycles,112.0,S24_1578,Office Supplies,Eraser,"Australian Collectors, Co.",03 9520 4555,636 St Kilda Road,Level 3,Melbourne,Victoria,3004,Australia,APAC,Ferguson,Peter,Medium,Ferguson Peter,EXPENSIVE,GOOD,1972.0,,,
10378.0,34.0,42.64,5.0,1449.76,2/10/2005,Shipped,Qui_1,2.0,2005.0,Classic Cars,124.0,S18_1589,Furniture,Bookshelf,Euro Shopping Channel,(91) 555 94 44,"C/ Moralzarzal, 86",Unknown,Madrid,,28034,Spain,EMEA,Freyre,Diego,Small,Freyre Diego,CHEAP,GOOD,1970.0,,,
10192.0,32.0,72.77,3.0,2328.64,11/20/2003,Shipped,Qui_4,11.0,2003.0,Classic Cars,85.0,S24_3191,Office Supplies,Ruler,Online Diecast Creations Co.,6035558647,2304 Long Airport Avenue,Unknown,Nashua,NH,62005,USA,,Young,Valarie,Small,Young Valarie,EXPENSIVE,GOOD,1995.0,,,
10126.0,45.0,100.0,6.0,4597.2,5/28/2003,Shipped,Qui_2,5.0,2003.0,Classic Cars,101.0,S700_2824,Technology,Desktop,"Corrida Auto Replicas, Ltd",(91) 555 22 82,"C/ Araquil, 67",Unknown,Madrid,,28023,Spain,EMEA,Sommer,Mart¡n,Medium,Sommer Mart¡n,EXPENSIVE,GOOD,1998.0,,,
10304.0,44.0,39.42,15.0,1734.48,10/11/2004,Shipped,Qui_4,10.0,2004.0,Vintage Cars,44.0,S24_2022,Office Supplies,Lamp,Auto Assoc. & Cie.,30.59.8555,"67, avenue de l'Europe",Unknown,Versailles,,78000,France,EMEA,Tonini,Daniel,Small,Tonini Daniel,CHEAP,GOOD,1989.0,,,
10375.0,41.0,100.0,15.0,4701.88,2/3/2005,Shipped,Qui_1,2.0,2005.0,Motorcycles,102.0,S32_4485,Office Supplies,Ruler,La Rochelle Gifts,40.67.8555,"67, rue des Cinquante Otages",Unknown,Nantes,,44000,France,EMEA,Labrune,Janine,Medium,Labrune Janine,EXPENSIVE,GOOD,1963.0,,,
10193.0,42.0,59.33,13.0,2491.86,11/21/2003,Shipped,Qui_4,11.0,2003.0,Vintage Cars,60.0,S18_2248,Furniture,Desk,"Australian Collectables, Ltd",61-9-3844-6555,7 Allen Street,Unknown,Glen Waverly,Victoria,3150,Australia,APAC,Connery,Sean,Small,Connery Sean,CHEAP,GOOD,1968.0,,,
10186.0,24.0,99.57,5.0,2389.68,11/14/2003,Shipped,Qui_4,11.0,2003.0,Ships,90.0,S700_2047,Technology,Tablet,"Double Decker Gift Stores, Ltd",(171) 555-7555,120 Hanover Sq.,Unknown,London,,WA1 1DP,UK,EMEA,Hardy,Thomas,Small,Hardy Thomas,EXPENSIVE,GOOD,1972.0,,,
10105.0,29.0,100.0,14.0,4566.05,2/11/2003,Shipped,Qui_1,2.0,2003.0,Classic Cars,173.0,S12_3891,Furniture,Bookshelf,Danish Wholesale Imports,31 12 3555,Vinb'ltet 34,Unknown,Kobenhavn,,1734,Denmark,EMEA,Petersen,Jytte,Medium,Petersen Jytte,EXPENSIVE,GOOD,1993.0,,,
10153.0,50.0,60.06,4.0,3003.0,9/28/2003,Shipped,Qui_3,9.0,2003.0,Ships,54.0,S72_3212,Accessories,Headphone,Euro Shopping Channel,(91) 555 94 44,"C/ Moralzarzal, 86",Unknown,Madrid,,28034,Spain,EMEA,Freyre,Diego,Medium,Freyre Diego,CHEAP,EXCELLENT,1962.0,,,
10250.0,38.0,62.19,12.0,2363.22,5/11/2004,Shipped,Qui_2,5.0,2004.0,Planes,74.0,S700_4002,Technology,Laptop,The Sharp Gifts Warehouse,4085553659,3086 Ingle Ln.,Unknown,San Jose,CA,94217,USA,,Frick,Sue,Small,Frick Sue,CHEAP,GOOD,1975.0,,,
10275.0,25.0,95.2,11.0,2380.0,7/23/2004,Shipped,Qui_3,7.0,2004.0,Planes,109.0,S24_1785,Office Supplies,Ruler,La Rochelle Gifts,40.67.8555,"67, rue des Cinquante Otages",Unknown,Nantes,,44000,France,EMEA,Labrune,Janine,Small,Labrune Janine,EXPENSIVE,GOOD,1984.0,,,
10191.0,21.0,100.0,3.0,3840.9,11/20/2003,Shipped,Qui_4,11.0,2003.0,Classic Cars,194.0,S12_1099,Furniture,Bookshelf,"Toms Spezialitten, Ltd",0221-5554327,Mehrheimerstr. 369,Unknown,Koln,,50739,Germany,EMEA,Pfalzheim,Henriette,Medium,Pfalzheim Henriette,EXPENSIVE,GOOD,1990.0,,,
10237.0,26.0,79.65,4.0,2070.9,4/5/2004,Shipped,Qui_2,4.0,2004.0,Motorcycles,69.0,S24_2360,Office Supplies,Eraser,Vitachrome Inc.,2125551500,2678 Kingston Rd.,Suite 101,NYC,NY,10022,USA,,Frick,Michael,Small,Frick Michael,EXPENSIVE,GOOD,1995.0,,,
10244.0,24.0,58.09,3.0,1394.16,4/29/2004,Shipped,Qui_2,4.0,2004.0,Vintage Cars,62.0,S18_2957,Furniture,Desk,Euro Shopping Channel,(91) 555 94 44,"C/ Moralzarzal, 86",Unknown,Madrid,,28034,Spain,EMEA,Freyre,Diego,Small,Freyre Diego,CHEAP,GOOD,1968.0,,,
10332.0,45.0,34.19,12.0,1538.55,11/17/2004,Shipped,Qui_4,11.0,2004.0,Classic Cars,85.0,S24_3191,Office Supplies,Ruler,"AV Stores, Co.",(171) 555-1555,Fauntleroy Circus,Unknown,Manchester,,EC2 5NT,UK,EMEA,Ashworth,Victoria,Small,Ashworth Victoria,CHEAP,GOOD,1989.0,,,
10362.0,22.0,100.0,1.0,3877.06,1/5/2005,Shipped,Qui_1,1.0,2005.0,Motorcycles,150.0,S12_2823,Furniture,Table,Technics Stores Inc.,6505556809,9408 Furth Circle,Unknown,Burlingame,CA,94217,USA,,Hirano,Juri,Medium,Hirano Juri,EXPENSIVE,GOOD,1989.0,,,
10117.0,43.0,100.0,10.0,5911.64,4/16/2003,Shipped,Qui_2,4.0,2003.0,Classic Cars,151.0,S12_3148,Furniture,Desk,"Dragon Souveniers, Ltd.",+65 221 7555,"Bronz Sok., Bronz Apt. 3/6 Tesvikiye",Unknown,Singapore,,79903,Singapore,Japan,Natividad,Eric,Medium,Natividad Eric,EXPENSIVE,GOOD,1991.0,,,
10344.0,45.0,100.0,1.0,7650.0,11/25/2004,Shipped,Qui_4,11.0,2004.0,Vintage Cars,170.0,S18_1749,Furniture,Desk,Marseille Mini Autos,91.24.4555,"12, rue des Bouchers",Unknown,Marseille,,13008,France,EMEA,Lebihan,Laurence,Large,Lebihan Laurence,EXPENSIVE,GOOD,1979.0,,,
10324.0,33.0,100.0,3.0,6267.69,11/5/2004,Shipped,Qui_4,11.0,2004.0,Vintage Cars,97.0,S24_4258,Office Supplies,Pencil,Vitachrome Inc.,2125551500,2678 Kingston Rd.,Suite 101,NYC,NY,10022,USA,,Frick,Michael,Medium,Frick Michael,EXPENSIVE,GOOD,1994.0,,,
10305.0,38.0,100.0,13.0,6680.78,10/13/2004,Shipped,Qui_4,10.0,2004.0,Classic Cars,147.0,S10_4962,Furniture,Cabinet,Marta's Replicas Co.,6175558555,39323 Spinnaker Dr.,Unknown,Cambridge,MA,51247,USA,,Hernandez,Marta,Medium,Hernandez Marta,EXPENSIVE,GOOD,1972.0,,,
10206.0,36.0,58.82,2.0,2117.52,12/5/2003,Shipped,Qui_4,12.0,2003.0,Trucks and Buses,64.0,S32_3522,Office Supplies,Lamp,Canadian Gift Exchange Network,(604) 555-3392,1900 Oak St.,Unknown,Vancouver,BC,V3F 2K1,Canada,,Tannamuri,Yoshi,Small,Tannamuri Yoshi,CHEAP,GOOD,1973.0,,,
10251.0,26.0,100.0,3.0,2637.18,5/18/2004,Shipped,Qui_2,5.0,2004.0,Motorcycles,112.0,S24_1578,Office Supplies,Eraser,Tekni Collectables Inc.,2015559350,7476 Moss Rd.,Unknown,Newark,NJ,94019,USA,,Brown,William,Small,Brown William,EXPENSIVE,GOOD,1971.0,,,
10261.0,36.0,100.0,8.0,4512.6,6/17/2004,Shipped,Qui_2,6.0,2004.0,Ships,122.0,S24_2011,Office Supplies,Pen,Quebec Home Shopping Network,(514) 555-8054,43 rue St. Laurent,Unknown,Montreal,Quebec,H1J 1C3,Canada,,Fresnisre,Jean,Medium,Fresnisre Jean,EXPENSIVE,GOOD,1991.0,,,
10242.0,46.0,36.93,1.0,1698.78,4/20/2004,Shipped,Qui_2,4.0,2004.0,Vintage Cars,41.0,S24_3969,Office Supplies,Eraser,Microscale Inc.,2125551957,5290 North Pendale Street,Suite 200,NYC,NY,10022,USA,,Kuo,Kee,Small,Kuo Kee,CHEAP,GOOD,1986.0,,,
10191.0,44.0,66.29,7.0,2916.76,11/20/2003,Shipped,Qui_4,11.0,2003.0,Classic Cars,80.0,S24_4620,Office Supplies,Lamp,"Toms Spezialitten, Ltd",0221-5554327,Mehrheimerstr. 369,Unknown,Koln,,50739,Germany,EMEA,Pfalzheim,Henriette,Small,Pfalzheim Henriette,EXPENSIVE,GOOD,1986.0,,,
10159.0,31.0,71.6,10.0,2219.6,10/10/2003,Shipped,Qui_4,10.0,2003.0,Motorcycles,81.0,S50_4713,Accessories,Headphone,Corporate Gift Ideas Co.,6505551386,7734 Strong St.,Unknown,San Francisco,CA,,USA,,Brown,Julie,Small,Brown Julie,EXPENSIVE,GOOD,1982.0,,,
10414.0,51.0,76.31,2.0,3891.81,5/6/2005,On Hold,Qui_2,5.0,2005.0,Vintage Cars,83.0,S24_3816,Office Supplies,Pen,Gifts4AllAges.com,6175559555,8616 Spinnaker Dr.,Unknown,Boston,MA,51003,USA,,Yoshido,Juri,Medium,Yoshido Juri,EXPENSIVE,EXCELLENT,1966.0,,,
10147.0,48.0,100.0,7.0,9245.76,9/5/2003,Shipped,Qui_3,9.0,2003.0,Classic Cars,194.0,S12_1099,Furniture,Bookshelf,Collectables For Less Inc.,6175558555,7825 Douglas Av.,Unknown,Brickhaven,MA,58339,USA,,Nelson,Allen,Large,Nelson Allen,EXPENSIVE,GOOD,1999.0,,,
10370.0,22.0,96.86,7.0,2130.92,1/20/2005,Shipped,Qui_1,1.0,2005.0,Trucks and Buses,60.0,S18_2432,Furniture,Table,"Anna's Decorations, Ltd",02 9936 8555,201 Miller Street,Level 15,North Sydney,NSW,2060,Australia,APAC,O'Hara,Anna,Small,O'Hara Anna,EXPENSIVE,GOOD,1995.0,,,
10119.0,43.0,100.0,3.0,6916.12,4/28/2003,Shipped,Qui_2,4.0,2003.0,Planes,157.0,S18_1662,Furniture,Cabinet,Salzburg Collectables,6562-9555,Geislweg 14,Unknown,Salzburg,,5020,Austria,EMEA,Pipps,Georg,Medium,Pipps Georg,EXPENSIVE,GOOD,1993.0,,,
10167.0,38.0,48.59,15.0,1846.42,10/23/2003,Cancelled,Qui_4,10.0,2003.0,Ships,54.0,S72_3212,Accessories,Headphone,Scandinavian Gift Ideas,0695-34 6555,?kergatan 24,Unknown,Boras,,S-844 67,Sweden,EMEA,Larsson,Maria,Small,Larsson Maria,CHEAP,GOOD,1989.0,,,
10237.0,26.0,40.23,2.0,1045.98,4/5/2004,Shipped,Qui_2,4.0,2004.0,Motorcycles,40.0,S32_2206,Office Supplies,Pen,Vitachrome Inc.,2125551500,2678 Kingston Rd.,Suite 101,NYC,NY,10022,USA,,Frick,Michael,Small,Frick Michael,CHEAP,GOOD,1972.0,,,
10142.0,22.0,97.81,10.0,2151.82,8/8/2003,Shipped,Qui_3,8.0,2003.0,Trains,100.0,S18_3259,Furniture,Desk,Mini Gifts Distributors Ltd.,4155551450,5677 Strong St.,Unknown,San Rafael,CA,97562,USA,,Nelson,Valarie,Small,Nelson Valarie,EXPENSIVE,GOOD,1960.0,,,
10250.0,36.0,51.93,8.0,1869.48,5/11/2004,Shipped,Qui_2,5.0,2004.0,Vintage Cars,43.0,S50_1341,Accessories,Keyboard,The Sharp Gifts Warehouse,4085553659,3086 Ingle Ln.,Unknown,San Jose,CA,94217,USA,,Frick,Sue,Small,Frick Sue,CHEAP,GOOD,1992.0,,,
10104.0,26.0,100.0,5.0,2921.62,1/31/2003,Shipped,Qui_1,1.0,2003.0,Classic Cars,118.0,S24_4048,Office Supplies,Pencil,Euro Shopping Channel,(91) 555 94 44,"C/ Moralzarzal, 86",Unknown,Madrid,,28034,Spain,EMEA,Freyre,Diego,Small,Freyre Diego,EXPENSIVE,GOOD,1977.0,,,
10300.0,23.0,100.0,2.0,2807.61,10/4/2003,Shipped,Qui_4,10.0,2003.0,Classic Cars,115.0,S12_4675,Furniture,Cabinet,"Blauer See Auto, Co.",+49 69 66 90 2555,Lyonerstr. 34,Unknown,Frankfurt,,60528,Germany,EMEA,Keitel,Roland,Small,Keitel Roland,EXPENSIVE,GOOD,1977.0,,,
10310.0,36.0,43.05,17.0,1549.8,10/16/2004,Shipped,Qui_4,10.0,2004.0,Motorcycles,40.0,S32_2206,Office Supplies,Pen,"Toms Spezialitten, Ltd",0221-5554327,Mehrheimerstr. 369,Unknown,Koln,,50739,Germany,EMEA,Pfalzheim,Henriette,Small,Pfalzheim Henriette,CHEAP,GOOD,2000.0,,,
10425.0,28.0,100.0,8.0,3793.16,5/31/2005,In Process,Qui_2,5.0,2005.0,Classic Cars,169.0,S18_3232,Furniture,Table,La Rochelle Gifts,40.67.8555,"67, rue des Cinquante Otages",Unknown,Nantes,,44000,France,EMEA,Labrune,Janine,Medium,Labrune Janine,EXPENSIVE,GOOD,1989.0,,,
10377.0,36.0,100.0,6.0,4352.76,2/9/2005,Shipped,Qui_1,2.0,2005.0,Classic Cars,142.0,S18_1984,Furniture,Bookshelf,"Toys of Finland, Co.",90-224 8555,Keskuskatu 45,Unknown,Helsinki,,21240,Finland,EMEA,Karttunen,Matti,Medium,Karttunen Matti,EXPENSIVE,GOOD,1967.0,,,
10109.0,47.0,100.0,2.0,6241.6,3/10/2003,Shipped,Qui_1,3.0,2003.0,Classic Cars,141.0,S18_3685,Furniture,Bookshelf,Motor Mint Distributors Inc.,2155559857,11328 Douglas Av.,Unknown,Philadelphia,PA,71270,USA,,Hernandez,Rosa,Medium,Hernandez Rosa,EXPENSIVE,GOOD,1992.0,,,
10107.0,20.0,92.9,8.0,1858.0,2/24/2003,Shipped,Qui_1,2.0,2003.0,Motorcycles,99.0,S32_1374,Office Supplies,Eraser,Land of Toys Inc.,2125557818,897 Long Airport Avenue,Unknown,NYC,NY,10022,USA,,Yu,Kwai,Small,Yu Kwai,EXPENSIVE,GOOD,1963.0,,,
10371.0,45.0,100.0,8.0,5545.8,1/23/2005,Shipped,Qui_1,1.0,2005.0,Classic Cars,35.0,S24_2840,Office Supplies,Pencil,Mini Gifts Distributors Ltd.,4155551450,5677 Strong St.,Unknown,San Rafael,CA,97562,USA,,Nelson,Valarie,Medium,Nelson Valarie,EXPENSIVE,GOOD,1975.0,,,
10252.0,36.0,48.28,6.0,1738.08,5/26/2004,Shipped,Qui_2,5.0,2004.0,Motorcycles,40.0,S32_2206,Office Supplies,Pen,Auto Canal Petit,(1) 47.55.6555,"25, rue Lauriston",Unknown,Paris,,75016,France,EMEA,Perrier,Dominique,Small,Perrier Dominique,CHEAP,GOOD,1980.0,,,
10398.0,45.0,78.25,14.0,3521.25,3/30/2005,Shipped,Qui_1,3.0,2005.0,Planes,72.0,S24_4278,Office Supplies,Eraser,Reims Collectables,26.47.1555,59 rue de l'Abbaye,Unknown,Reims,,51100,France,EMEA,Henriot,Paul,Medium,Henriot Paul,EXPENSIVE,GOOD,1986.0,,,
10239.0,46.0,73.92,4.0,3400.32,4/12/2004,Shipped,Qui_2,4.0,2004.0,Classic Cars,77.0,S18_1889,Furniture,Bookshelf,"Oulu Toy Supplies, Inc.",981-443655,Torikatu 38,Unknown,Oulu,,90110,Finland,EMEA,Koskitalo,Pirkko,Medium,Koskitalo Pirkko,EXPENSIVE,GOOD,1995.0,,,
10285.0,38.0,59.56,3.0,2263.28,8/27/2004,Shipped,Qui_3,8.0,2004.0,Motorcycles,69.0,S24_2360,Office Supplies,Eraser,Marta's Replicas Co.,6175558555,39323 Spinnaker Dr.,Unknown,Cambridge,MA,51247,USA,,Hernandez,Marta,Small,Hernandez Marta,CHEAP,GOOD,1964.0,,,
10347.0,34.0,64.96,10.0,2208.64,11/29/2004,Shipped,Qui_4,11.0,2004.0,Vintage Cars,62.0,S18_2957,Furniture,Desk,"Australian Collectors, Co.",03 9520 4555,636 St Kilda Road,Level 3,Melbourne,Victoria,3004,Australia,APAC,Ferguson,Peter,Small,Ferguson Peter,CHEAP,GOOD,1994.0,,,
10419.0,43.0,100.0,3.0,5589.14,5/17/2005,Shipped,Qui_2,5.0,2005.0,Classic Cars,141.0,S18_3685,Furniture,Bookshelf,Salzburg Collectables,6562-9555,Geislweg 14,Unknown,Salzburg,,5020,Austria,EMEA,Pipps,Georg,Medium,Pipps Georg,EXPENSIVE,GOOD,1967.0,,,
10108.0,33.0,100.0,6.0,5265.15,3/3/2003,Shipped,Qui_1,3.0,2003.0,Classic Cars,194.0,S12_1099,Furniture,Bookshelf,Cruz & Sons Co.,+63 2 555 3587,15 McCallum Street - NatWest Center #13-03,Unknown,Makati City,,1227 MM,Philippines,Japan,Cruz,Arnold,Medium,Cruz Arnold,EXPENSIVE,GOOD,1975.0,,,
10284.0,33.0,51.93,5.0,1713.69,8/21/2004,Shipped,Qui_3,8.0,2004.0,Vintage Cars,43.0,S50_1341,Accessories,Keyboard,"Norway Gifts By Mail, Co.",+47 2212 1555,"Drammensveien 126 A, PB 744 Sentrum",Unknown,Oslo,,N 0106,Norway,EMEA,Klaeboe,Jan,Small,Klaeboe Jan,CHEAP,GOOD,1986.0,,,
10296.0,47.0,86.62,5.0,4071.14,9/15/2004,Shipped,Qui_3,9.0,2004.0,Planes,74.0,S700_4002,Technology,Laptop,"Bavarian Collectables Imports, Co.",+49 89 61 08 9555,Hansastr. 15,Unknown,Munich,,80686,Germany,EMEA,Donnermeyer,Michael,Medium,Donnermeyer Michael,EXPENSIVE,GOOD,1997.0,,,
10103.0,45.0,75.63,7.0,3403.35,1/29/2003,Shipped,Qui_1,1.0,2003.0,Trucks and Buses,64.0,S32_3522,Office Supplies,Lamp,Baane Mini Imports,07-98 9555,Erling Skakkes gate 78,Unknown,Stavern,,4110,Norway,EMEA,Bergulfsen,Jonas,Medium,Bergulfsen Jonas,EXPENSIVE,GOOD,1981.0,,,
10164.0,39.0,81.93,4.0,3195.27,10/21/2003,Resolved,Qui_4,10.0,2003.0,Classic Cars,101.0,S700_2824,Technology,Desktop,Mini Auto Werke,7675-3555,Kirchgasse 6,Unknown,Graz,,8010,Austria,EMEA,Mendel,Roland,Medium,Mendel Roland,EXPENSIVE,GOOD,1979.0,,,
10357.0,32.0,100.0,10.0,5691.84,12/10/2004,Shipped,Qui_4,12.0,2004.0,Classic Cars,214.0,S10_1949,Furniture,Desk,Mini Gifts Distributors Ltd.,4155551450,5677 Strong St.,Unknown,San Rafael,CA,97562,USA,,Nelson,Valarie,Medium,Nelson Valarie,EXPENSIVE,GOOD,1978.0,,,
10285.0,26.0,100.0,4.0,2600.26,8/27/2004,Shipped,Qui_3,8.0,2004.0,Motorcycles,102.0,S32_4485,Office Supplies,Ruler,Marta's Replicas Co.,6175558555,39323 Spinnaker Dr.,Unknown,Cambridge,MA,51247,USA,,Hernandez,Marta,Small,Hernandez Marta,EXPENSIVE,GOOD,1988.0,,,
10311.0,28.0,93.6,4.0,2620.8,10/16/2004,Shipped,Qui_4,10.0,2004.0,Classic Cars,90.0,S24_2766,Office Supplies,Eraser,Euro Shopping Channel,(91) 555 94 44,"C/ Moralzarzal, 86",Unknown,Madrid,,28034,Spain,EMEA,Freyre,Diego,Small,Freyre Diego,EXPENSIVE,GOOD,1968.0,,,
10188.0,29.0,100.0,8.0,3957.05,11/18/2003,Shipped,Qui_4,11.0,2003.0,Planes,118.0,S700_2834,Technology,Desktop,Herkku Gifts,+47 2267 3215,"Drammen 121, PR 744 Sentrum",Unknown,Bergen,,N 5804,Norway,EMEA,Oeztan,Veysel,Medium,Oeztan Veysel,EXPENSIVE,GOOD,1964.0,,,
10250.0,32.0,87.6,1.0,2803.2,5/11/2004,Shipped,Qui_2,5.0,2004.0,Motorcycles,76.0,S24_2000,Office Supplies,Pen,The Sharp Gifts Warehouse,4085553659,3086 Ingle Ln.,Unknown,San Jose,CA,94217,USA,,Frick,Sue,Small,Frick Sue,EXPENSIVE,GOOD,1984.0,,,
10349.0,36.0,37.13,3.0,1336.68,12/1/2004,Shipped,Qui_4,12.0,2004.0,Classic Cars,35.0,S24_2840,Office Supplies,Pencil,Muscle Machine Inc,2125557413,4092 Furth Circle,Suite 400,NYC,NY,10022,USA,,Young,Jeff,Small,Young Jeff,CHEAP,GOOD,1991.0,,,
10395.0,46.0,100.0,4.0,5692.96,3/17/2005,Shipped,Qui_1,3.0,2005.0,Trucks and Buses,115.0,S50_1392,Accessories,Adapter,Lyon Souveniers,+33 1 46 62 7555,27 rue du Colonel Pierre Avia,Unknown,Paris,,75508,France,EMEA,Da Cunha,Daniel,Medium,DaCunha Daniel,EXPENSIVE,GOOD,1978.0,,,
10308.0,20.0,100.0,1.0,4570.4,10/15/2004,Shipped,Qui_4,10.0,2004.0,Motorcycles,193.0,S10_4698,Furniture,Bookshelf,Mini Classics,9145554562,3758 North Pendale Street,Unknown,White Plains,NY,24067,USA,,Frick,Steve,Medium,Frick Steve,EXPENSIVE,GOOD,1979.0,,,
10407.0,76.0,100.0,2.0,14082.8,4/22/2005,On Hold,Qui_2,4.0,2005.0,Vintage Cars,170.0,S18_1749,Furniture,Desk,The Sharp Gifts Warehouse,4085553659,3086 Ingle Ln.,Unknown,San Jose,CA,94217,USA,,Frick,Sue,Large,Frick Sue,EXPENSIVE,EXCELLENT,1977.0,,,
10182.0,31.0,36.74,5.0,1138.94,11/12/2003,Shipped,Qui_4,11.0,2003.0,Vintage Cars,44.0,S24_2022,Office Supplies,Lamp,Mini Gifts Distributors Ltd.,4155551450,5677 Strong St.,Unknown,San Rafael,CA,97562,USA,,Nelson,Valarie,Small,Nelson Valarie,CHEAP,GOOD,1985.0,,,
10336.0,46.0,100.0,2.0,9558.8,11/20/2004,Shipped,Qui_4,11.0,2004.0,Classic Cars,101.0,S700_2824,Technology,Desktop,"La Corne D'abondance, Co.",(1) 42.34.2555,"265, boulevard Charonne",Unknown,Paris,,75012,France,EMEA,Bertrand,Marie,Large,Bertrand Marie,EXPENSIVE,GOOD,1987.0,,,
10370.0,22.0,100.0,5.0,3949.0,1/20/2005,Shipped,Qui_1,1.0,2005.0,Trucks and Buses,122.0,S18_2319,Furniture,Chair,"Anna's Decorations, Ltd",02 9936 8555,201 Miller Street,Level 15,North Sydney,NSW,2060,Australia,APAC,O'Hara,Anna,Medium,O'Hara Anna,EXPENSIVE,GOOD,1976.0,,,
10337.0,36.0,71.89,7.0,2588.04,11/21/2004,Shipped,Qui_4,11.0,2004.0,Ships,99.0,S700_3962,Technology,Smart watch,Classic Legends Inc.,2125558493,5905 Pompton St.,Suite 750,NYC,NY,10022,USA,,Hernandez,Maria,Small,Hernandez Maria,EXPENSIVE,GOOD,1996.0,,,
10274.0,24.0,72.33,3.0,1735.92,7/21/2004,Shipped,Qui_3,7.0,2004.0,Vintage Cars,65.0,S24_3420,Office Supplies,Lamp,Collectables For Less Inc.,6175558555,7825 Douglas Av.,Unknown,Brickhaven,MA,58339,USA,,Nelson,Allen,Small,Nelson Allen,EXPENSIVE,GOOD,2000.0,,,
10372.0,28.0,100.0,3.0,3862.88,1/26/2005,Shipped,Qui_1,1.0,2005.0,Vintage Cars,136.0,S18_3140,Furniture,Desk,"Tokyo Collectables, Ltd",+81 3 3584 0555,2-2-8 Roppongi,Unknown,Minato-ku,Tokyo,106-0032,Japan,Japan,Shimamura,Akiko,Medium,Shimamura Akiko,EXPENSIVE,GOOD,1988.0,,,
10173.0,39.0,71.98,15.0,2807.22,11/5/2003,Shipped,Qui_4,11.0,2003.0,Classic Cars,71.0,S18_4933,Furniture,Table,Rovelli Gifts,035-640555,Via Ludovico il Moro 22,Unknown,Bergamo,,24100,Italy,EMEA,Rovelli,Giovanni,Small,Rovelli Giovanni,EXPENSIVE,GOOD,1996.0,,,
10210.0,39.0,59.16,10.0,2307.24,1/12/2004,Shipped,Qui_1,1.0,2004.0,Vintage Cars,68.0,S32_4289,Office Supplies,Ruler,Osaka Souveniers Co.,+81 06 6342 5555,"Dojima Avanza 4F, 1-6-20 Dojima, Kita-ku",Unknown,Osaka,Osaka,530-0003,Japan,Japan,Kentary,Mory,Small,Kentary Mory,CHEAP,GOOD,1989.0,,,
10105.0,38.0,100.0,13.0,4330.1,2/11/2003,Shipped,Qui_1,2.0,2003.0,Trains,100.0,S18_3259,Furniture,Desk,Danish Wholesale Imports,31 12 3555,Vinb'ltet 34,Unknown,Kobenhavn,,1734,Denmark,EMEA,Petersen,Jytte,Medium,Petersen Jytte,EXPENSIVE,GOOD,1994.0,,,
10240.0,37.0,100.0,2.0,5526.32,4/13/2004,Shipped,Qui_2,4.0,2004.0,Classic Cars,142.0,S18_1984,Furniture,Bookshelf,Osaka Souveniers Co.,+81 06 6342 5555,"Dojima Avanza 4F, 1-6-20 Dojima, Kita-ku",Unknown,Osaka,Osaka,530-0003,Japan,Japan,Kentary,Mory,Medium,Kentary Mory,EXPENSIVE,GOOD,1963.0,,,
10394.0,36.0,62.77,3.0,2259.72,3/15/2005,Shipped,Qui_1,3.0,2005.0,Trucks and Buses,54.0,S32_2509,Office Supplies,Pen,Euro Shopping Channel,(91) 555 94 44,"C/ Moralzarzal, 86",Unknown,Madrid,,28034,Spain,EMEA,Freyre,Diego,Small,Freyre Diego,CHEAP,GOOD,1965.0,,,
10416.0,22.0,100.0,11.0,2457.18,5/10/2005,Shipped,Qui_2,5.0,2005.0,Planes,99.0,S700_2466,Technology,Smart watch,L'ordine Souveniers,0522-556555,Strada Provinciale 124,Unknown,Reggio Emilia,,42100,Italy,EMEA,Moroni,Maurizio,Small,Moroni Maurizio,EXPENSIVE,GOOD,1964.0,,,
10329.0,46.0,83.63,13.0,3846.98,11/15/2004,Shipped,Qui_4,11.0,2004.0,Classic Cars,117.0,S12_3380,Furniture,Bookshelf,Land of Toys Inc.,2125557818,897 Long Airport Avenue,Unknown,NYC,NY,10022,USA,,Yu,Kwai,Medium,Yu Kwai,EXPENSIVE,GOOD,1976.0,,,
10168.0,29.0,75.41,6.0,2186.89,10/28/2003,Shipped,Qui_4,10.0,2003.0,Motorcycles,76.0,S24_2000,Office Supplies,Pen,Technics Stores Inc.,6505556809,9408 Furth Circle,Unknown,Burlingame,CA,94217,USA,,Hirano,Juri,Small,Hirano Juri,EXPENSIVE,GOOD,1979.0,,,
10262.0,44.0,94.14,13.0,4142.16,6/24/2004,Cancelled,Qui_2,6.0,2004.0,Ships,90.0,S700_2047,Technology,Tablet,Euro Shopping Channel,(91) 555 94 44,"C/ Moralzarzal, 86",Unknown,Madrid,,28034,Spain,EMEA,Freyre,Diego,Medium,Freyre Diego,EXPENSIVE,GOOD,1988.0,,,
10275.0,31.0,72.55,17.0,2249.05,7/23/2004,Shipped,Qui_3,7.0,2004.0,Planes,74.0,S700_4002,Technology,Laptop,La Rochelle Gifts,40.67.8555,"67, rue des Cinquante Otages",Unknown,Nantes,,44000,France,EMEA,Labrune,Janine,Small,Labrune Janine,EXPENSIVE,GOOD,1971.0,,,
10182.0,36.0,100.0,11.0,3942.72,11/12/2003,Shipped,Qui_4,11.0,2003.0,Vintage Cars,92.0,S18_4409,Furniture,Chair,Mini Gifts Distributors Ltd.,4155551450,5677 Strong St.,Unknown,San Rafael,CA,97562,USA,,Nelson,Valarie,Medium,Nelson Valarie,EXPENSIVE,GOOD,1974.0,,,
10194.0,26.0,100.0,4.0,4263.74,11/25/2003,Shipped,Qui_4,11.0,2003.0,Classic Cars,147.0,S10_4962,Furniture,Cabinet,"Saveley & Henriot, Co.",78.32.5555,"2, rue du Commerce",Unknown,Lyon,,69004,France,EMEA,Saveley,Mary,Medium,Saveley Mary,EXPENSIVE,GOOD,1982.0,,,
10286.0,38.0,57.2,1.0,2173.6,8/28/2004,Shipped,Qui_3,8.0,2004.0,Motorcycles,62.0,S18_3782,Furniture,Bookshelf,"La Corne D'abondance, Co.",(1) 42.34.2555,"265, boulevard Charonne",Unknown,Paris,,75012,France,EMEA,Bertrand,Marie,Small,Bertrand Marie,CHEAP,GOOD,2000.0,,,
10416.0,37.0,51.93,8.0,1921.41,5/10/2005,Shipped,Qui_2,5.0,2005.0,Vintage Cars,43.0,S50_1341,Accessories,Keyboard,L'ordine Souveniers,0522-556555,Strada Provinciale 124,Unknown,Reggio Emilia,,42100,Italy,EMEA,Moroni,Maurizio,Small,Moroni Maurizio,CHEAP,GOOD,1991.0,,,
10332.0,45.0,81.91,6.0,3685.95,11/17/2004,Shipped,Qui_4,11.0,2004.0,Vintage Cars,33.0,S24_1937,Office Supplies,Lamp,"AV Stores, Co.",(171) 555-1555,Fauntleroy Circus,Unknown,Manchester,,EC2 5NT,UK,EMEA,Ashworth,Victoria,Medium,Ashworth Victoria,EXPENSIVE,GOOD,1973.0,,,
10381.0,35.0,48.62,7.0,1701.7,2/17/2005,Shipped,Qui_1,2.0,2005.0,Trucks and Buses,60.0,S18_2432,Furniture,Table,Corporate Gift Ideas Co.,6505551386,7734 Strong St.,Unknown,San Francisco,CA,,USA,,Brown,Julie,Small,Brown Julie,CHEAP,GOOD,1983.0,,,
10213.0,25.0,83.39,2.0,2084.75,1/22/2004,Shipped,Qui_1,1.0,2004.0,Classic Cars,71.0,S18_4933,Furniture,Table,"Double Decker Gift Stores, Ltd",(171) 555-7555,120 Hanover Sq.,Unknown,London,,WA1 1DP,UK,EMEA,Hardy,Thomas,Small,Hardy Thomas,EXPENSIVE,GOOD,1967.0,,,
10381.0,48.0,98.0,2.0,4704.0,2/17/2005,Shipped,Qui_1,2.0,2005.0,Trucks and Buses,116.0,S18_1097,Furniture,Bookshelf,Corporate Gift Ideas Co.,6505551386,7734 Strong St.,Unknown,San Francisco,CA,,USA,,Brown,Julie,Medium,Brown Julie,EXPENSIVE,GOOD,1989.0,,,
10324.0,34.0,100.0,5.0,4248.3,11/5/2004,Shipped,Qui_4,11.0,2004.0,Classic Cars,101.0,S700_2824,Technology,Desktop,Vitachrome Inc.,2125551500,2678 Kingston Rd.,Suite 101,NYC,NY,10022,USA,,Frick,Michael,Medium,Frick Michael,EXPENSIVE,GOOD,1985.0,,,
10282.0,24.0,100.0,4.0,3778.8,8/20/2004,Shipped,Qui_3,8.0,2004.0,Classic Cars,173.0,S12_3891,Furniture,Bookshelf,Mini Gifts Distributors Ltd.,4155551450,5677 Strong St.,Unknown,San Rafael,CA,97562,USA,,Nelson,Valarie,Medium,Nelson Valarie,EXPENSIVE,GOOD,1977.0,,,
10175.0,37.0,31.12,2.0,1151.44,11/6/2003,Shipped,Qui_4,11.0,2003.0,Classic Cars,35.0,S24_2840,Office Supplies,Pencil,"Stylish Desk Decors, Co.",(171) 555-0297,35 King George,Unknown,London,,WX3 6FW,UK,EMEA,Brown,Ann,Small,Brown Ann,CHEAP,GOOD,1987.0,,,
10304.0,33.0,100.0,10.0,3342.57,10/11/2004,Shipped,Qui_4,10.0,2004.0,Vintage Cars,97.0,S24_4258,Office Supplies,Pencil,Auto Assoc. & Cie.,30.59.8555,"67, avenue de l'Europe",Unknown,Versailles,,78000,France,EMEA,Tonini,Daniel,Medium,Tonini Daniel,EXPENSIVE,GOOD,1971.0,,,
10103.0,26.0,100.0,11.0,5404.62,1/29/2003,Shipped,Qui_1,1.0,2003.0,Classic Cars,214.0,S10_1949,Furniture,Desk,Baane Mini Imports,07-98 9555,Erling Skakkes gate 78,Unknown,Stavern,,4110,Norway,EMEA,Bergulfsen,Jonas,Medium,Bergulfsen Jonas,EXPENSIVE,GOOD,1994.0,,,
10122.0,39.0,30.96,4.0,1207.44,5/8/2003,Shipped,Qui_2,5.0,2003.0,Classic Cars,37.0,S24_2972,Office Supplies,Eraser,Marseille Mini Autos,91.24.4555,"12, rue des Bouchers",Unknown,Marseille,,13008,France,EMEA,Lebihan,Laurence,Small,Lebihan Laurence,CHEAP,GOOD,1986.0,,,
10250.0,50.0,61.22,7.0,3061.0,5/11/2004,Shipped,Qui_2,5.0,2004.0,Vintage Cars,68.0,S32_4289,Office Supplies,Ruler,The Sharp Gifts Warehouse,4085553659,3086 Ingle Ln.,Unknown,San Jose,CA,94217,USA,,Frick,Sue,Medium,Frick Sue,CHEAP,EXCELLENT,1962.0,,,
10267.0,43.0,100.0,2.0,4645.72,7/7/2004,Shipped,Qui_3,7.0,2004.0,Classic Cars,117.0,S24_2887,Office Supplies,Ruler,Muscle Machine Inc,2125557413,4092 Furth Circle,Suite 400,NYC,NY,10022,USA,,Young,Jeff,Medium,Young Jeff,EXPENSIVE,GOOD,1987.0,,,
10250.0,31.0,88.63,6.0,2747.53,5/11/2004,Shipped,Qui_2,5.0,2004.0,Planes,109.0,S24_1785,Office Supplies,Ruler,The Sharp Gifts Warehouse,4085553659,3086 Ingle Ln.,Unknown,San Jose,CA,94217,USA,,Frick,Sue,Small,Frick Sue,EXPENSIVE,GOOD,1981.0,,,
10104.0,38.0,100.0,3.0,5348.5,1/31/2003,Shipped,Qui_1,1.0,2003.0,Classic Cars,143.0,S18_4027,Furniture,Table,Euro Shopping Channel,(91) 555 94 44,"C/ Moralzarzal, 86",Unknown,Madrid,,28034,Spain,EMEA,Freyre,Diego,Medium,Freyre Diego,EXPENSIVE,GOOD,1994.0,,,
10414.0,48.0,100.0,14.0,5808.48,5/6/2005,On Hold,Qui_2,5.0,2005.0,Trains,100.0,S18_3259,Furniture,Desk,Gifts4AllAges.com,6175559555,8616 Spinnaker Dr.,Unknown,Boston,MA,51003,USA,,Yoshido,Juri,Medium,Yoshido Juri,EXPENSIVE,GOOD,1967.0,,,
10245.0,34.0,100.0,9.0,6120.34,5/4/2004,Shipped,Qui_2,5.0,2004.0,Classic Cars,214.0,S10_1949,Furniture,Desk,Super Scale Inc.,2035559545,567 North Pendale Street,Unknown,New Haven,CT,97823,USA,,Murphy,Leslie,Medium,Murphy Leslie,EXPENSIVE,GOOD,1980.0,,,
10281.0,29.0,82.83,8.0,2402.07,8/19/2004,Shipped,Qui_3,8.0,2004.0,Trucks and Buses,96.0,S32_1268,Office Supplies,Eraser,Diecast Classics Inc.,2155551555,7586 Pompton St.,Unknown,Allentown,PA,70267,USA,,Yu,Kyung,Small,Yu Kyung,EXPENSIVE,GOOD,1965.0,,,
10398.0,41.0,68.24,2.0,2797.84,3/30/2005,Shipped,Qui_1,3.0,2005.0,Planes,68.0,S24_3949,Office Supplies,Pencil,Reims Collectables,26.47.1555,59 rue de l'Abbaye,Unknown,Reims,,51100,France,EMEA,Henriot,Paul,Small,Henriot Paul,EXPENSIVE,GOOD,1979.0,,,
10227.0,46.0,100.0,7.0,7017.76,3/2/2004,Shipped,Qui_1,3.0,2004.0,Vintage Cars,127.0,S18_2325,Furniture,Table,"Saveley & Henriot, Co.",78.32.5555,"2, rue du Commerce",Unknown,Lyon,,69004,France,EMEA,Saveley,Mary,Large,Saveley Mary,EXPENSIVE,GOOD,1961.0,,,
10407.0,64.0,40.25,10.0,2576.0,4/22/2005,On Hold,Qui_2,4.0,2005.0,Classic Cars,50.0,S24_1628,Office Supplies,Lamp,The Sharp Gifts Warehouse,4085553659,3086 Ingle Ln.,Unknown,San Jose,CA,94217,USA,,Frick,Sue,Small,Frick Sue,CHEAP,EXCELLENT,1969.0,,,
10324.0,26.0,58.38,7.0,1517.88,11/5/2004,Shipped,Qui_4,11.0,2004.0,Trucks and Buses,118.0,S12_4473,Furniture,Cabinet,Vitachrome Inc.,2125551500,2678 Kingston Rd.,Suite 101,NYC,NY,10022,USA,,Frick,Michael,Small,Frick Michael,CHEAP,GOOD,1972.0,,,
10105.0,31.0,65.77,3.0,2038.87,2/11/2003,Shipped,Qui_1,2.0,2003.0,Ships,72.0,S700_2610,Technology,Laptop,Danish Wholesale Imports,31 12 3555,Vinb'ltet 34,Unknown,Kobenhavn,,1734,Denmark,EMEA,Petersen,Jytte,Small,Petersen Jytte,EXPENSIVE,GOOD,1990.0,,,
10159.0,38.0,100.0,13.0,6238.84,10/10/2003,Shipped,Qui_4,10.0,2003.0,Motorcycles,150.0,S12_2823,Furniture,Table,Corporate Gift Ideas Co.,6505551386,7734 Strong St.,Unknown,San Francisco,CA,,USA,,Brown,Julie,Medium,Brown Julie,EXPENSIVE,GOOD,1980.0,,,
10239.0,47.0,100.0,1.0,7083.37,4/12/2004,Shipped,Qui_2,4.0,2004.0,Classic Cars,169.0,S18_3232,Furniture,Table,"Oulu Toy Supplies, Inc.",981-443655,Torikatu 38,Unknown,Oulu,,90110,Finland,EMEA,Koskitalo,Pirkko,Large,Koskitalo Pirkko,EXPENSIVE,GOOD,2000.0,,,
10207.0,40.0,100.0,1.0,6146.8,12/9/2003,Shipped,Qui_4,12.0,2003.0,Classic Cars,143.0,S18_4027,Furniture,Table,Diecast Collectables,6175552555,6251 Ingle Ln.,Unknown,Boston,MA,51003,USA,,Franco,Valarie,Medium,Franco Valarie,EXPENSIVE,GOOD,1967.0,,,
10349.0,38.0,100.0,7.0,5223.48,12/1/2004,Shipped,Qui_4,12.0,2004.0,Trucks and Buses,122.0,S18_2319,Furniture,Chair,Muscle Machine Inc,2125557413,4092 Furth Circle,Suite 400,NYC,NY,10022,USA,,Young,Jeff,Medium,Young Jeff,EXPENSIVE,GOOD,1982.0,,,
10120.0,39.0,100.0,10.0,4651.53,4/29/2003,Shipped,Qui_2,4.0,2003.0,Planes,109.0,S24_1785,Office Supplies,Ruler,"Australian Collectors, Co.",03 9520 4555,636 St Kilda Road,Level 3,Melbourne,Victoria,3004,Australia,APAC,Ferguson,Peter,Medium,Ferguson Peter,EXPENSIVE,GOOD,1966.0,,,
10295.0,34.0,100.0,5.0,3473.78,9/10/2004,Shipped,Qui_3,9.0,2004.0,Ships,100.0,S700_3505,Technology,Laptop,Gifts4AllAges.com,6175559555,8616 Spinnaker Dr.,Unknown,Boston,MA,51003,USA,,Yoshido,Juri,Medium,Yoshido Juri,EXPENSIVE,GOOD,1997.0,,,
10210.0,27.0,98.48,9.0,2658.96,1/12/2004,Shipped,Qui_1,1.0,2004.0,Planes,109.0,S24_1785,Office Supplies,Ruler,Osaka Souveniers Co.,+81 06 6342 5555,"Dojima Avanza 4F, 1-6-20 Dojima, Kita-ku",Unknown,Osaka,Osaka,530-0003,Japan,Japan,Kentary,Mory,Small,Kentary Mory,EXPENSIVE,GOOD,1967.0,,,
10421.0,40.0,45.7,2.0,1828.0,5/29/2005,In Process,Qui_2,5.0,2005.0,Vintage Cars,44.0,S24_2022,Office Supplies,Lamp,Mini Gifts Distributors Ltd.,4155551450,5677 Strong St.,Unknown,San Rafael,CA,97562,USA,,Nelson,Valarie,Small,Nelson Valarie,CHEAP,GOOD,1999.0,,,
10368.0,46.0,37.34,3.0,1717.64,1/19/2005,Shipped,Qui_1,1.0,2005.0,Vintage Cars,41.0,S24_3969,Office Supplies,Eraser,Mini Gifts Distributors Ltd.,4155551450,5677 Strong St.,Unknown,San Rafael,CA,97562,USA,,Nelson,Valarie,Small,Nelson Valarie,CHEAP,GOOD,1997.0,,,
10310.0,48.0,100.0,3.0,8940.96,10/16/2004,Shipped,Qui_4,10.0,2004.0,Classic Cars,169.0,S18_3232,Furniture,Table,"Toms Spezialitten, Ltd",0221-5554327,Mehrheimerstr. 369,Unknown,Koln,,50739,Germany,EMEA,Pfalzheim,Henriette,Large,Pfalzheim Henriette,EXPENSIVE,GOOD,1990.0,,,
10415.0,32.0,95.95,4.0,3070.4,5/9/2005,Disputed,Qui_2,5.0,2005.0,Ships,90.0,S700_2047,Technology,Tablet,"Australian Collectables, Ltd",61-9-3844-6555,7 Allen Street,Unknown,Glen Waverly,Victoria,3150,Australia,APAC,Connery,Sean,Medium,Connery Sean,EXPENSIVE,GOOD,1968.0,,,
10395.0,32.0,100.0,2.0,3370.56,3/17/2005,Shipped,Qui_1,3.0,2005.0,Classic Cars,136.0,S10_4757,Furniture,Desk,Lyon Souveniers,+33 1 46 62 7555,27 rue du Colonel Pierre Avia,Unknown,Paris,,75508,France,EMEA,Da Cunha,Daniel,Medium,DaCunha Daniel,EXPENSIVE,GOOD,1993.0,,,
10305.0,37.0,100.0,9.0,7455.87,10/13/2004,Shipped,Qui_4,10.0,2004.0,Classic Cars,169.0,S18_3232,Furniture,Table,Marta's Replicas Co.,6175558555,39323 Spinnaker Dr.,Unknown,Cambridge,MA,51247,USA,,Hernandez,Marta,Large,Hernandez Marta,EXPENSIVE,GOOD,1983.0,,,
10280.0,26.0,100.0,16.0,3668.6,8/17/2004,Shipped,Qui_3,8.0,2004.0,Vintage Cars,170.0,S18_1749,Furniture,Desk,Amica Models & Co.,011-4988555,Via Monte Bianco 34,Unknown,Torino,,10100,Italy,EMEA,Accorti,Paolo,Medium,Accorti Paolo,EXPENSIVE,GOOD,1973.0,,,
10147.0,31.0,100.0,5.0,3494.94,9/5/2003,Shipped,Qui_3,9.0,2003.0,Classic Cars,117.0,S12_3380,Furniture,Bookshelf,Collectables For Less Inc.,6175558555,7825 Douglas Av.,Unknown,Brickhaven,MA,58339,USA,,Nelson,Allen,Medium,Nelson Allen,EXPENSIVE,GOOD,1990.0,,,
10257.0,37.0,84.82,2.0,3138.34,6/14/2004,Shipped,Qui_2,6.0,2004.0,Vintage Cars,104.0,S18_3136,Furniture,Table,The Sharp Gifts Warehouse,4085553659,3086 Ingle Ln.,Unknown,San Jose,CA,94217,USA,,Frick,Sue,Medium,Frick Sue,EXPENSIVE,GOOD,1991.0,,,
10292.0,39.0,30.06,9.0,1172.34,9/8/2004,Shipped,Qui_3,9.0,2004.0,Classic Cars,35.0,S24_2840,Office Supplies,Pencil,Land of Toys Inc.,2125557818,897 Long Airport Avenue,Unknown,NYC,NY,10022,USA,,Yu,Kwai,Small,Yu Kwai,CHEAP,GOOD,1968.0,,,
10380.0,32.0,70.56,4.0,2257.92,2/16/2005,Shipped,Qui_1,2.0,2005.0,Vintage Cars,33.0,S24_1937,Office Supplies,Lamp,Euro Shopping Channel,(91) 555 94 44,"C/ Moralzarzal, 86",Unknown,Madrid,,28034,Spain,EMEA,Freyre,Diego,Small,Freyre Diego,EXPENSIVE,GOOD,1985.0,,,
10114.0,24.0,30.06,1.0,721.44,4/1/2003,Shipped,Qui_2,4.0,2003.0,Classic Cars,35.0,S24_2840,Office Supplies,Pencil,"La Corne D'abondance, Co.",(1) 42.34.2555,"265, boulevard Charonne",Unknown,Paris,,75012,France,EMEA,Bertrand,Marie,Small,Bertrand Marie,CHEAP,GOOD,1986.0,,,
10339.0,50.0,57.86,8.0,2893.0,11/23/2004,Shipped,Qui_4,11.0,2004.0,Planes,74.0,S700_4002,Technology,Laptop,"Tokyo Collectables, Ltd",+81 3 3584 0555,2-2-8 Roppongi,Unknown,Minato-ku,Tokyo,106-0032,Japan,Japan,Shimamura,Akiko,Small,Shimamura Akiko,CHEAP,EXCELLENT,1999.0,,,
10313.0,38.0,45.45,1.0,1727.1,10/22/2004,Shipped,Qui_4,10.0,2004.0,Trucks and Buses,54.0,S32_2509,Office Supplies,Pen,Canadian Gift Exchange Network,(604) 555-3392,1900 Oak St.,Unknown,Vancouver,BC,V3F 2K1,Canada,,Tannamuri,Yoshi,Small,Tannamuri Yoshi,CHEAP,GOOD,1987.0,,,
10155.0,23.0,72.62,6.0,1670.26,10/6/2003,Shipped,Qui_4,10.0,2003.0,Planes,68.0,S24_2841,Office Supplies,Pencil,"Toys of Finland, Co.",90-224 8555,Keskuskatu 45,Unknown,Helsinki,,21240,Finland,EMEA,Karttunen,Matti,Small,Karttunen Matti,EXPENSIVE,GOOD,1965.0,,,
10332.0,35.0,64.69,8.0,2264.15,11/17/2004,Shipped,Qui_4,11.0,2004.0,Vintage Cars,127.0,S18_2325,Furniture,Table,"AV Stores, Co.",(171) 555-1555,Fauntleroy Circus,Unknown,Manchester,,EC2 5NT,UK,EMEA,Ashworth,Victoria,Small,Ashworth Victoria,CHEAP,GOOD,1982.0,,,
10388.0,44.0,100.0,6.0,5951.44,3/3/2005,Shipped,Qui_1,3.0,2005.0,Motorcycles,150.0,S12_2823,Furniture,Table,FunGiftIdeas.com,5085552555,1785 First Street,Unknown,New Bedford,MA,50553,USA,,Benitez,Violeta,Medium,Benitez Violeta,EXPENSIVE,GOOD,1974.0,,,
10150.0,49.0,100.0,2.0,6467.02,9/19/2003,Shipped,Qui_3,9.0,2003.0,Trucks and Buses,121.0,S18_4600,Furniture,Chair,"Dragon Souveniers, Ltd.",+65 221 7555,"Bronz Sok., Bronz Apt. 3/6 Tesvikiye",Unknown,Singapore,,79903,Singapore,Japan,Natividad,Eric,Medium,Natividad Eric,EXPENSIVE,GOOD,1985.0,,,
10197.0,50.0,100.0,14.0,5090.5,11/26/2003,Shipped,Qui_4,11.0,2003.0,Vintage Cars,87.0,S18_4522,Furniture,Table,Enaco Distributors,(93) 203 4555,"Rambla de Catalu¤a, 23",Unknown,Barcelona,,8022,Spain,EMEA,Saavedra,Eduardo,Medium,Saavedra Eduardo,EXPENSIVE,EXCELLENT,1979.0,,,
10161.0,20.0,77.05,4.0,1541.0,10/17/2003,Shipped,Qui_4,10.0,2003.0,Classic Cars,85.0,S24_3191,Office Supplies,Ruler,Heintze Collectables,86 21 3555,Smagsloget 45,Unknown,Aaarhus,,8200,Denmark,EMEA,Ibsen,Palle,Small,Ibsen Palle,EXPENSIVE,GOOD,1975.0,,,
10394.0,37.0,100.0,7.0,5207.75,3/15/2005,Shipped,Qui_1,3.0,2005.0,Classic Cars,118.0,S24_4048,Office Supplies,Pencil,Euro Shopping Channel,(91) 555 94 44,"C/ Moralzarzal, 86",Unknown,Madrid,,28034,Spain,EMEA,Freyre,Diego,Medium,Freyre Diego,EXPENSIVE,GOOD,1967.0,,,
10208.0,42.0,63.88,6.0,2682.96,1/2/2004,Shipped,Qui_1,1.0,2004.0,Ships,54.0,S72_3212,Accessories,Headphone,"Saveley & Henriot, Co.",78.32.5555,"2, rue du Commerce",Unknown,Lyon,,69004,France,EMEA,Saveley,Mary,Small,Saveley Mary,CHEAP,GOOD,1993.0,,,
10357.0,41.0,87.13,6.0,3572.33,12/10/2004,Shipped,Qui_4,12.0,2004.0,Vintage Cars,101.0,S18_2949,Furniture,Desk,Mini Gifts Distributors Ltd.,4155551450,5677 Strong St.,Unknown,San Rafael,CA,97562,USA,,Nelson,Valarie,Medium,Nelson Valarie,EXPENSIVE,GOOD,1978.0,,,
10306.0,31.0,100.0,13.0,6570.76,10/14/2004,Shipped,Qui_4,10.0,2004.0,Classic Cars,207.0,S12_1108,Furniture,Chair,"AV Stores, Co.",(171) 555-1555,Fauntleroy Circus,Unknown,Manchester,,EC2 5NT,UK,EMEA,Ashworth,Victoria,Medium,Ashworth Victoria,EXPENSIVE,GOOD,1979.0,,,
10230.0,46.0,60.9,4.0,2801.4,3/15/2004,Shipped,Qui_1,3.0,2004.0,Trains,62.0,S32_3207,Office Supplies,Pen,"Blauer See Auto, Co.",+49 69 66 90 2555,Lyonerstr. 34,Unknown,Frankfurt,,60528,Germany,EMEA,Keitel,Roland,Small,Keitel Roland,CHEAP,GOOD,1987.0,,,
10244.0,40.0,86.68,4.0,3467.2,4/29/2004,Shipped,Qui_2,4.0,2004.0,Vintage Cars,97.0,S24_4258,Office Supplies,Pencil,Euro Shopping Channel,(91) 555 94 44,"C/ Moralzarzal, 86",Unknown,Madrid,,28034,Spain,EMEA,Freyre,Diego,Medium,Freyre Diego,EXPENSIVE,GOOD,1971.0,,,
10363.0,28.0,58.18,13.0,1629.04,1/6/2005,Shipped,Qui_1,1.0,2005.0,Classic Cars,148.0,S18_4721,Furniture,Table,Suominen Souveniers,+358 9 8045 555,"Software Engineering Center, SEC Oy",Unknown,Espoo,,FIN-02271,Finland,EMEA,Suominen,Kalle,Small,Suominen Kalle,CHEAP,GOOD,1975.0,,,
10288.0,29.0,38.17,1.0,1106.93,9/1/2004,Shipped,Qui_3,9.0,2004.0,Vintage Cars,33.0,S24_1937,Office Supplies,Lamp,Handji Gifts& Co,+65 224 1555,Village Close - 106 Linden Road Sandown,2nd Floor,Singapore,,69045,Singapore,APAC,Victorino,Wendy,Small,Victorino Wendy,CHEAP,GOOD,1988.0,,,
10108.0,29.0,100.0,8.0,4049.56,3/3/2003,Shipped,Qui_1,3.0,2003.0,Classic Cars,146.0,S18_3482,Furniture,Bookshelf,Cruz & Sons Co.,+63 2 555 3587,15 McCallum Street - NatWest Center #13-03,Unknown,Makati City,,1227 MM,Philippines,Japan,Cruz,Arnold,Medium,Cruz Arnold,EXPENSIVE,GOOD,1963.0,,,
10135.0,23.0,87.31,11.0,2008.13,7/2/2003,Shipped,Qui_3,7.0,2003.0,Classic Cars,80.0,S24_4620,Office Supplies,Lamp,Mini Gifts Distributors Ltd.,4155551450,5677 Strong St.,Unknown,San Rafael,CA,97562,USA,,Nelson,Valarie,Small,Nelson Valarie,EXPENSIVE,GOOD,1997.0,,,
10304.0,20.0,100.0,14.0,3577.6,10/11/2004,Shipped,Qui_4,10.0,2004.0,Vintage Cars,168.0,S18_2795,Furniture,Bookshelf,Auto Assoc. & Cie.,30.59.8555,"67, avenue de l'Europe",Unknown,Versailles,,78000,France,EMEA,Tonini,Daniel,Medium,Tonini Daniel,EXPENSIVE,GOOD,1973.0,,,
10388.0,42.0,76.36,4.0,3207.12,3/3/2005,Shipped,Qui_1,3.0,2005.0,Motorcycles,95.0,S10_1678,Furniture,Cabinet,FunGiftIdeas.com,5085552555,1785 First Street,Unknown,New Bedford,MA,50553,USA,,Benitez,Violeta,Medium,Benitez Violeta,EXPENSIVE,GOOD,1981.0,,,
10389.0,39.0,100.0,5.0,6981.0,3/3/2005,Shipped,Qui_1,3.0,2005.0,Motorcycles,60.0,S18_2625,Furniture,Table,Scandinavian Gift Ideas,0695-34 6555,?kergatan 24,Unknown,Boras,,S-844 67,Sweden,EMEA,Larsson,Maria,Medium,Larsson Maria,EXPENSIVE,GOOD,1962.0,,,
10341.0,34.0,100.0,5.0,3644.12,11/24/2004,Shipped,Qui_4,11.0,2004.0,Planes,80.0,S700_3167,Technology,Smart watch,Salzburg Collectables,6562-9555,Geislweg 14,Unknown,Salzburg,,5020,Austria,EMEA,Pipps,Georg,Medium,Pipps Georg,EXPENSIVE,GOOD,1973.0,,,
10193.0,26.0,29.21,10.0,759.46,11/21/2003,Shipped,Qui_4,11.0,2003.0,Vintage Cars,33.0,S24_1937,Office Supplies,Lamp,"Australian Collectables, Ltd",61-9-3844-6555,7 Allen Street,Unknown,Glen Waverly,Victoria,3150,Australia,APAC,Connery,Sean,Small,Connery Sean,CHEAP,GOOD,1964.0,,,
10142.0,33.0,100.0,6.0,3366.0,8/8/2003,Shipped,Qui_3,8.0,2003.0,Ships,122.0,S24_2011,Office Supplies,Pen,Mini Gifts Distributors Ltd.,4155551450,5677 Strong St.,Unknown,San Rafael,CA,97562,USA,,Nelson,Valarie,Medium,Nelson Valarie,EXPENSIVE,GOOD,1979.0,,,
10386.0,50.0,63.34,8.0,3167.0,3/1/2005,Resolved,Qui_1,3.0,2005.0,Planes,72.0,S24_4278,Office Supplies,Eraser,Euro Shopping Channel,(91) 555 94 44,"C/ Moralzarzal, 86",Unknown,Madrid,,28034,Spain,EMEA,Freyre,Diego,Medium,Freyre Diego,CHEAP,EXCELLENT,1983.0,,,
10182.0,25.0,87.33,3.0,2183.25,11/12/2003,Shipped,Qui_4,11.0,2003.0,Vintage Cars,102.0,S18_1342,Furniture,Desk,Mini Gifts Distributors Ltd.,4155551450,5677 Strong St.,Unknown,San Rafael,CA,97562,USA,,Nelson,Valarie,Small,Nelson Valarie,EXPENSIVE,GOOD,1999.0,,,
10287.0,41.0,69.43,13.0,2846.63,8/30/2004,Shipped,Qui_3,8.0,2004.0,Classic Cars,79.0,S12_3990,Furniture,Bookshelf,"Vida Sport, Ltd",0897-034555,Grenzacherweg 237,Unknown,Gensve,,1203,Switzerland,EMEA,Holz,Michael,Small,Holz Michael,EXPENSIVE,GOOD,1967.0,,,
10414.0,34.0,100.0,13.0,3533.62,5/6/2005,On Hold,Qui_2,5.0,2005.0,Ships,86.0,S700_1938,Technology,Desktop,Gifts4AllAges.com,6175559555,8616 Spinnaker Dr.,Unknown,Boston,MA,51003,USA,,Yoshido,Juri,Medium,Yoshido Juri,EXPENSIVE,GOOD,1999.0,,,
10316.0,21.0,94.62,15.0,1987.02,11/1/2004,Shipped,Qui_4,11.0,2004.0,Ships,86.0,S18_3029,Furniture,Table,giftsbymail.co.uk,(198) 555-8888,Garden House Crowther Way,Unknown,Cowes,Isle of Wight,PO31 7PJ,UK,EMEA,Bennett,Helen,Small,Bennett Helen,EXPENSIVE,GOOD,1994.0,,,
10103.0,25.0,100.0,15.0,2873.0,1/29/2003,Shipped,Qui_1,1.0,2003.0,Vintage Cars,97.0,S24_4258,Office Supplies,Pencil,Baane Mini Imports,07-98 9555,Erling Skakkes gate 78,Unknown,Stavern,,4110,Norway,EMEA,Bergulfsen,Jonas,Small,Bergulfsen Jonas,EXPENSIVE,GOOD,1992.0,,,
10220.0,37.0,100.0,7.0,5032.74,2/12/2004,Shipped,Qui_1,2.0,2004.0,Classic Cars,118.0,S24_4048,Office Supplies,Pencil,"Clover Collections, Co.",+353 1862 1555,25 Maiden Lane,Floor No. 4,Dublin,,2,Ireland,EMEA,Cassidy,Dean,Medium,Cassidy Dean,EXPENSIVE,GOOD,1976.0,,,
10211.0,25.0,90.16,15.0,2254.0,1/15/2004,Shipped,Qui_1,1.0,2004.0,Motorcycles,112.0,S24_1578,Office Supplies,Eraser,Auto Canal Petit,(1) 47.55.6555,"25, rue Lauriston",Unknown,Paris,,75016,France,EMEA,Perrier,Dominique,Small,Perrier Dominique,EXPENSIVE,GOOD,1977.0,,,
10322.0,20.0,100.0,3.0,2624.0,11/4/2004,Shipped,Qui_4,11.0,2004.0,Vintage Cars,33.0,S24_1937,Office Supplies,Lamp,Online Diecast Creations Co.,6035558647,2304 Long Airport Avenue,Unknown,Nashua,NH,62005,USA,,Young,Valarie,Small,Young Valarie,EXPENSIVE,GOOD,1971.0,,,
10380.0,27.0,93.16,13.0,2515.32,2/16/2005,Shipped,Qui_1,2.0,2005.0,Vintage Cars,102.0,S18_1342,Furniture,Desk,Euro Shopping Channel,(91) 555 94 44,"C/ Moralzarzal, 86",Unknown,Madrid,,28034,Spain,EMEA,Freyre,Diego,Small,Freyre Diego,EXPENSIVE,GOOD,1992.0,,,
10114.0,28.0,55.73,2.0,1560.44,4/1/2003,Shipped,Qui_2,4.0,2003.0,Trucks and Buses,54.0,S32_2509,Office Supplies,Pen,"La Corne D'abondance, Co.",(1) 42.34.2555,"265, boulevard Charonne",Unknown,Paris,,75012,France,EMEA,Bertrand,Marie,Small,Bertrand Marie,CHEAP,GOOD,1996.0,,,
10314.0,46.0,100.0,6.0,6393.54,10/22/2004,Shipped,Qui_4,10.0,2004.0,Classic Cars,151.0,S12_3148,Furniture,Desk,Heintze Collectables,86 21 3555,Smagsloget 45,Unknown,Aaarhus,,8200,Denmark,EMEA,Ibsen,Palle,Medium,Ibsen Palle,EXPENSIVE,GOOD,1975.0,,,
10306.0,32.0,100.0,9.0,3759.04,10/14/2004,Shipped,Qui_4,10.0,2004.0,Vintage Cars,136.0,S18_3140,Furniture,Desk,"AV Stores, Co.",(171) 555-1555,Fauntleroy Circus,Unknown,Manchester,,EC2 5NT,UK,EMEA,Ashworth,Victoria,Medium,Ashworth Victoria,EXPENSIVE,GOOD,1994.0,,,
10135.0,29.0,97.89,4.0,2838.81,7/2/2003,Shipped,Qui_3,7.0,2003.0,Classic Cars,115.0,S12_4675,Furniture,Cabinet,Mini Gifts Distributors Ltd.,4155551450,5677 Strong St.,Unknown,San Rafael,CA,97562,USA,,Nelson,Valarie,Small,Nelson Valarie,EXPENSIVE,GOOD,1979.0,,,
10343.0,25.0,52.32,3.0,1308.0,11/24/2004,Shipped,Qui_4,11.0,2004.0,Classic Cars,132.0,S18_2870,Furniture,Cabinet,Reims Collectables,26.47.1555,59 rue de l'Abbaye,Unknown,Reims,,51100,France,EMEA,Henriot,Paul,Small,Henriot Paul,CHEAP,GOOD,1960.0,,,
10386.0,39.0,55.96,1.0,2182.44,3/1/2005,Resolved,Qui_1,3.0,2005.0,Planes,68.0,S24_2841,Office Supplies,Pencil,Euro Shopping Channel,(91) 555 94 44,"C/ Moralzarzal, 86",Unknown,Madrid,,28034,Spain,EMEA,Freyre,Diego,Small,Freyre Diego,CHEAP,GOOD,1974.0,,,
10201.0,24.0,100.0,5.0,3025.92,12/1/2003,Shipped,Qui_4,12.0,2003.0,Motorcycles,118.0,S10_2016,Furniture,Chair,Mini Wheels Co.,6505555787,5557 North Pendale Street,Unknown,San Francisco,CA,,USA,,Murphy,Julie,Medium,Murphy Julie,EXPENSIVE,GOOD,1967.0,,,
10236.0,22.0,100.0,1.0,2852.08,4/3/2004,Shipped,Qui_2,4.0,2004.0,Motorcycles,118.0,S10_2016,Furniture,Chair,Motor Mint Distributors Inc.,2155559857,11328 Douglas Av.,Unknown,Philadelphia,PA,71270,USA,,Hernandez,Rosa,Small,Hernandez Rosa,EXPENSIVE,GOOD,1997.0,,,
10108.0,31.0,100.0,16.0,3669.78,3/3/2003,Shipped,Qui_1,3.0,2003.0,Motorcycles,102.0,S32_4485,Office Supplies,Ruler,Cruz & Sons Co.,+63 2 555 3587,15 McCallum Street - NatWest Center #13-03,Unknown,Makati City,,1227 MM,Philippines,Japan,Cruz,Arnold,Medium,Cruz Arnold,EXPENSIVE,GOOD,1973.0,,,
10103.0,27.0,83.07,12.0,2242.89,1/29/2003,Shipped,Qui_1,1.0,2003.0,Vintage Cars,101.0,S18_2949,Furniture,Desk,Baane Mini Imports,07-98 9555,Erling Skakkes gate 78,Unknown,Stavern,,4110,Norway,EMEA,Bergulfsen,Jonas,Small,Bergulfsen Jonas,EXPENSIVE,GOOD,1982.0,,,
10371.0,32.0,100.0,6.0,3560.64,1/23/2005,Shipped,Qui_1,1.0,2005.0,Classic Cars,207.0,S12_1108,Furniture,Chair,Mini Gifts Distributors Ltd.,4155551450,5677 Strong St.,Unknown,San Rafael,CA,97562,USA,,Nelson,Valarie,Medium,Nelson Valarie,EXPENSIVE,GOOD,1981.0,,,
10181.0,42.0,100.0,2.0,5435.64,11/12/2003,Shipped,Qui_4,11.0,2003.0,Classic Cars,124.0,S18_1589,Furniture,Bookshelf,Herkku Gifts,+47 2267 3215,"Drammen 121, PR 744 Sentrum",Unknown,Bergen,,N 5804,Norway,EMEA,Oeztan,Veysel,Medium,Oeztan Veysel,EXPENSIVE,GOOD,1969.0,,,
10177.0,32.0,76.62,1.0,2451.84,11/7/2003,Shipped,Qui_4,11.0,2003.0,Ships,72.0,S700_2610,Technology,Laptop,CAF Imports,+34 913 728 555,"Merchants House, 27-30 Merchant's Quay",Unknown,Madrid,,28023,Spain,EMEA,Fernandez,Jesus,Small,Fernandez Jesus,EXPENSIVE,GOOD,1971.0,,,
10280.0,25.0,62.96,15.0,1574.0,8/17/2004,Shipped,Qui_3,8.0,2004.0,Vintage Cars,60.0,S18_2248,Furniture,Desk,Amica Models & Co.,011-4988555,Via Monte Bianco 34,Unknown,Torino,,10100,Italy,EMEA,Accorti,Paolo,Small,Accorti Paolo,CHEAP,GOOD,1971.0,,,
10214.0,44.0,34.88,5.0,1534.72,1/26/2004,Shipped,Qui_1,1.0,2004.0,Vintage Cars,41.0,S24_3969,Office Supplies,Eraser,"Corrida Auto Replicas, Ltd",(91) 555 22 82,"C/ Araquil, 67",Unknown,Madrid,,28023,Spain,EMEA,Sommer,Mart¡n,Small,Sommer Mart¡n,CHEAP,GOOD,1997.0,,,
10398.0,47.0,87.69,6.0,4121.43,3/30/2005,Shipped,Qui_1,3.0,2005.0,Planes,91.0,S700_1691,Technology,Smart phone,Reims Collectables,26.47.1555,59 rue de l'Abbaye,Unknown,Reims,,51100,France,EMEA,Henriot,Paul,Medium,Henriot Paul,EXPENSIVE,GOOD,1968.0,,,
10206.0,37.0,90.17,7.0,3336.29,12/5/2003,Shipped,Qui_4,12.0,2003.0,Vintage Cars,101.0,S18_2949,Furniture,Desk,Canadian Gift Exchange Network,(604) 555-3392,1900 Oak St.,Unknown,Vancouver,BC,V3F 2K1,Canada,,Tannamuri,Yoshi,Medium,Tannamuri Yoshi,EXPENSIVE,GOOD,1999.0,,,
10230.0,43.0,52.14,2.0,2242.02,3/15/2004,Shipped,Qui_1,3.0,2004.0,Trains,58.0,S50_1514,Accessories,Headphone,"Blauer See Auto, Co.",+49 69 66 90 2555,Lyonerstr. 34,Unknown,Frankfurt,,60528,Germany,EMEA,Keitel,Roland,Small,Keitel Roland,CHEAP,GOOD,1966.0,,,
10322.0,40.0,100.0,1.0,6000.4,11/4/2004,Shipped,Qui_4,11.0,2004.0,Classic Cars,214.0,S10_1949,Furniture,Desk,Online Diecast Creations Co.,6035558647,2304 Long Airport Avenue,Unknown,Nashua,NH,62005,USA,,Young,Valarie,Medium,Young Valarie,EXPENSIVE,GOOD,1988.0,,,
10296.0,32.0,71.65,6.0,2292.8,9/15/2004,Shipped,Qui_3,9.0,2004.0,Planes,68.0,S24_3949,Office Supplies,Pencil,"Bavarian Collectables Imports, Co.",+49 89 61 08 9555,Hansastr. 15,Unknown,Munich,,80686,Germany,EMEA,Donnermeyer,Michael,Small,Donnermeyer Michael,EXPENSIVE,GOOD,1977.0,,,
10136.0,36.0,100.0,1.0,5274.72,7/4/2003,Shipped,Qui_3,7.0,2003.0,Classic Cars,142.0,S18_1984,Furniture,Bookshelf,Alpha Cognac,61.77.6555,1 rue Alsace-Lorraine,Unknown,Toulouse,,31000,France,EMEA,Roulet,Annette,Medium,Roulet Annette,EXPENSIVE,GOOD,1996.0,,,
10210.0,29.0,69.6,16.0,2018.4,1/12/2004,Shipped,Qui_1,1.0,2004.0,Planes,68.0,S24_3949,Office Supplies,Pencil,Osaka Souveniers Co.,+81 06 6342 5555,"Dojima Avanza 4F, 1-6-20 Dojima, Kita-ku",Unknown,Osaka,Osaka,530-0003,Japan,Japan,Kentary,Mory,Small,Kentary Mory,EXPENSIVE,GOOD,1997.0,,,
10247.0,25.0,100.0,3.0,4381.25,5/5/2004,Shipped,Qui_2,5.0,2004.0,Classic Cars,151.0,S12_3148,Furniture,Desk,Suominen Souveniers,+358 9 8045 555,"Software Engineering Center, SEC Oy",Unknown,Espoo,,FIN-02271,Finland,EMEA,Suominen,Kalle,Medium,Suominen Kalle,EXPENSIVE,GOOD,1993.0,,,
10162.0,27.0,69.62,8.0,1879.74,10/18/2003,Shipped,Qui_4,10.0,2003.0,Vintage Cars,60.0,S18_2248,Furniture,Desk,Corporate Gift Ideas Co.,6505551386,7734 Strong St.,Unknown,San Francisco,CA,,USA,,Brown,Julie,Small,Brown Julie,EXPENSIVE,GOOD,1996.0,,,
10299.0,29.0,100.0,11.0,6683.34,9/30/2004,Shipped,Qui_3,9.0,2004.0,Motorcycles,193.0,S10_4698,Furniture,Bookshelf,"Toys of Finland, Co.",90-224 8555,Keskuskatu 45,Unknown,Helsinki,,21240,Finland,EMEA,Karttunen,Matti,Medium,Karttunen Matti,EXPENSIVE,GOOD,1960.0,,,
10322.0,48.0,47.04,7.0,2257.92,11/4/2004,Shipped,Qui_4,11.0,2004.0,Vintage Cars,104.0,S18_3136,Furniture,Table,Online Diecast Creations Co.,6035558647,2304 Long Airport Avenue,Unknown,Nashua,NH,62005,USA,,Young,Valarie,Small,Young Valarie,CHEAP,GOOD,1972.0,,,
10288.0,20.0,100.0,14.0,2936.8,9/1/2004,Shipped,Qui_3,9.0,2004.0,Classic Cars,124.0,S18_1589,Furniture,Bookshelf,Handji Gifts& Co,+65 224 1555,Village Close - 106 Linden Road Sandown,2nd Floor,Singapore,,69045,Singapore,APAC,Victorino,Wendy,Small,Victorino Wendy,EXPENSIVE,GOOD,1992.0,,,
10356.0,26.0,31.86,7.0,828.36,12/9/2004,Shipped,Qui_4,12.0,2004.0,Vintage Cars,44.0,S24_2022,Office Supplies,Lamp,Lyon Souveniers,+33 1 46 62 7555,27 rue du Colonel Pierre Avia,Unknown,Paris,,75508,France,EMEA,Da Cunha,Daniel,Small,DaCunha Daniel,CHEAP,GOOD,1992.0,,,
10106.0,36.0,100.0,12.0,5279.4,2/17/2003,Shipped,Qui_1,2.0,2003.0,Planes,157.0,S18_1662,Furniture,Cabinet,Rovelli Gifts,035-640555,Via Ludovico il Moro 22,Unknown,Bergamo,,24100,Italy,EMEA,Rovelli,Giovanni,Medium,Rovelli Giovanni,EXPENSIVE,GOOD,1979.0,,,
10329.0,44.0,86.13,8.0,3789.72,11/15/2004,Shipped,Qui_4,11.0,2004.0,Planes,49.0,S72_1253,Accessories,Keyboard,Land of Toys Inc.,2125557818,897 Long Airport Avenue,Unknown,NYC,NY,10022,USA,,Yu,Kwai,Medium,Yu Kwai,EXPENSIVE,GOOD,1983.0,,,
10381.0,25.0,52.83,9.0,1320.75,2/17/2005,Shipped,Qui_1,2.0,2005.0,Vintage Cars,53.0,S18_1367,Furniture,Cabinet,Corporate Gift Ideas Co.,6505551386,7734 Strong St.,Unknown,San Francisco,CA,,USA,,Brown,Julie,Small,Brown Julie,CHEAP,GOOD,1961.0,,,
10281.0,27.0,85.98,11.0,2321.46,8/19/2004,Shipped,Qui_3,8.0,2004.0,Classic Cars,101.0,S700_2824,Technology,Desktop,Diecast Classics Inc.,2155551555,7586 Pompton St.,Unknown,Allentown,PA,70267,USA,,Yu,Kyung,Small,Yu Kyung,EXPENSIVE,GOOD,1960.0,,,
10124.0,22.0,45.25,1.0,995.5,5/21/2003,Shipped,Qui_2,5.0,2003.0,Vintage Cars,44.0,S24_2022,Office Supplies,Lamp,Signal Gift Stores,7025551838,8489 Strong St.,Unknown,Las Vegas,NV,83030,USA,,King,Sue,Small,King Sue,CHEAP,GOOD,1976.0,,,
10106.0,44.0,74.4,8.0,3273.6,2/17/2003,Shipped,Qui_1,2.0,2003.0,Planes,80.0,S700_3167,Technology,Smart watch,Rovelli Gifts,035-640555,Via Ludovico il Moro 22,Unknown,Bergamo,,24100,Italy,EMEA,Rovelli,Giovanni,Medium,Rovelli Giovanni,EXPENSIVE,GOOD,1999.0,,,
10122.0,37.0,99.82,8.0,3693.34,5/8/2003,Shipped,Qui_2,5.0,2003.0,Classic Cars,117.0,S12_3380,Furniture,Bookshelf,Marseille Mini Autos,91.24.4555,"12, rue des Bouchers",Unknown,Marseille,,13008,France,EMEA,Lebihan,Laurence,Medium,Lebihan Laurence,EXPENSIVE,GOOD,1982.0,,,
10189.0,28.0,100.0,1.0,4512.48,11/18/2003,Shipped,Qui_4,11.0,2003.0,Motorcycles,150.0,S12_2823,Furniture,Table,Toys4GrownUps.com,6265557265,78934 Hillside Dr.,Unknown,Pasadena,CA,90003,USA,,Young,Julie,Medium,Young Julie,EXPENSIVE,GOOD,1967.0,,,
10390.0,49.0,100.0,3.0,6862.94,3/4/2005,Shipped,Qui_1,3.0,2005.0,Classic Cars,148.0,S18_4721,Furniture,Table,Mini Gifts Distributors Ltd.,4155551450,5677 Strong St.,Unknown,San Rafael,CA,97562,USA,,Nelson,Valarie,Medium,Nelson Valarie,EXPENSIVE,GOOD,1991.0,,,
10318.0,31.0,100.0,9.0,3116.43,11/2/2004,Shipped,Qui_4,11.0,2004.0,Planes,84.0,S18_2581,Furniture,Bookshelf,Diecast Classics Inc.,2155551555,7586 Pompton St.,Unknown,Allentown,PA,70267,USA,,Yu,Kyung,Medium,Yu Kyung,EXPENSIVE,GOOD,1961.0,,,
10350.0,46.0,76.67,11.0,3526.82,12/2/2004,Shipped,Qui_4,12.0,2004.0,Ships,66.0,S700_1138,Technology,Desktop,Euro Shopping Channel,(91) 555 94 44,"C/ Moralzarzal, 86",Unknown,Madrid,,28034,Spain,EMEA,Freyre,Diego,Medium,Freyre Diego,EXPENSIVE,GOOD,1993.0,,,
10192.0,45.0,100.0,14.0,6319.35,11/20/2003,Shipped,Qui_4,11.0,2003.0,Classic Cars,140.0,S24_3856,Office Supplies,Pencil,Online Diecast Creations Co.,6035558647,2304 Long Airport Avenue,Unknown,Nashua,NH,62005,USA,,Young,Valarie,Medium,Young Valarie,EXPENSIVE,GOOD,1998.0,,,
10110.0,37.0,100.0,16.0,5433.08,3/18/2003,Shipped,Qui_1,3.0,2003.0,Classic Cars,124.0,S18_1589,Furniture,Bookshelf,"AV Stores, Co.",(171) 555-1555,Fauntleroy Circus,Unknown,Manchester,,EC2 5NT,UK,EMEA,Ashworth,Victoria,Medium,Ashworth Victoria,EXPENSIVE,GOOD,1998.0,,,
10226.0,24.0,100.0,5.0,3231.36,2/26/2004,Shipped,Qui_1,2.0,2004.0,Classic Cars,132.0,S18_2870,Furniture,Cabinet,Collectable Mini Designs Co.,7605558146,361 Furth Circle,Unknown,San Diego,CA,91217,USA,,Thompson,Valarie,Medium,Thompson Valarie,EXPENSIVE,GOOD,1970.0,,,
10145.0,45.0,83.26,6.0,3746.7,8/25/2003,Shipped,Qui_3,8.0,2003.0,Motorcycles,95.0,S10_1678,Furniture,Cabinet,Toys4GrownUps.com,6265557265,78934 Hillside Dr.,Unknown,Pasadena,CA,90003,USA,,Young,Julie,Medium,Young Julie,EXPENSIVE,GOOD,1960.0,,,
10140.0,26.0,100.0,3.0,2829.58,7/24/2003,Shipped,Qui_3,7.0,2003.0,Trucks and Buses,96.0,S32_1268,Office Supplies,Eraser,Technics Stores Inc.,6505556809,9408 Furth Circle,Unknown,Burlingame,CA,94217,USA,,Hirano,Juri,Small,Hirano Juri,EXPENSIVE,GOOD,1967.0,,,
10389.0,49.0,81.4,2.0,3988.6,3/3/2005,Shipped,Qui_1,3.0,2005.0,Motorcycles,76.0,S24_2000,Office Supplies,Pen,Scandinavian Gift Ideas,0695-34 6555,?kergatan 24,Unknown,Boras,,S-844 67,Sweden,EMEA,Larsson,Maria,Medium,Larsson Maria,EXPENSIVE,GOOD,1983.0,,,
10306.0,40.0,91.76,11.0,3670.4,10/14/2004,Shipped,Qui_4,10.0,2004.0,Trains,100.0,S18_3259,Furniture,Desk,"AV Stores, Co.",(171) 555-1555,Fauntleroy Circus,Unknown,Manchester,,EC2 5NT,UK,EMEA,Ashworth,Victoria,Medium,Ashworth Victoria,EXPENSIVE,GOOD,1962.0,,,
10425.0,38.0,100.0,12.0,5894.94,5/31/2005,In Process,Qui_2,5.0,2005.0,Classic Cars,147.0,S10_4962,Furniture,Cabinet,La Rochelle Gifts,40.67.8555,"67, rue des Cinquante Otages",Unknown,Nantes,,44000,France,EMEA,Labrune,Janine,Medium,Labrune Janine,EXPENSIVE,GOOD,1967.0,,,
10321.0,48.0,42.26,5.0,2028.48,11/4/2004,Shipped,Qui_4,11.0,2004.0,Classic Cars,50.0,S24_1628,Office Supplies,Lamp,FunGiftIdeas.com,5085552555,1785 First Street,Unknown,New Bedford,MA,50553,USA,,Benitez,Violeta,Small,Benitez Violeta,CHEAP,GOOD,1975.0,,,
10212.0,45.0,100.0,8.0,6357.6,1/16/2004,Shipped,Qui_1,1.0,2004.0,Classic Cars,141.0,S18_3685,Furniture,Bookshelf,Euro Shopping Channel,(91) 555 94 44,"C/ Moralzarzal, 86",Unknown,Madrid,,28034,Spain,EMEA,Freyre,Diego,Medium,Freyre Diego,EXPENSIVE,GOOD,1970.0,,,
10292.0,21.0,100.0,12.0,2844.87,9/8/2004,Shipped,Qui_3,9.0,2004.0,Classic Cars,169.0,S18_3232,Furniture,Table,Land of Toys Inc.,2125557818,897 Long Airport Avenue,Unknown,NYC,NY,10022,USA,,Yu,Kwai,Small,Yu Kwai,EXPENSIVE,GOOD,1982.0,,,
10195.0,49.0,100.0,4.0,5161.17,11/25/2003,Shipped,Qui_4,11.0,2003.0,Trucks and Buses,115.0,S50_1392,Accessories,Adapter,Mini Classics,9145554562,3758 North Pendale Street,Unknown,White Plains,NY,24067,USA,,Frick,Steve,Medium,Frick Steve,EXPENSIVE,GOOD,2000.0,,,
10203.0,47.0,100.0,5.0,5195.85,12/2/2003,Shipped,Qui_4,12.0,2003.0,Classic Cars,115.0,S12_4675,Furniture,Cabinet,Euro Shopping Channel,(91) 555 94 44,"C/ Moralzarzal, 86",Unknown,Madrid,,28034,Spain,EMEA,Freyre,Diego,Medium,Freyre Diego,EXPENSIVE,GOOD,1972.0,,,
10143.0,32.0,100.0,7.0,5248.0,8/10/2003,Shipped,Qui_3,8.0,2003.0,Planes,157.0,S18_1662,Furniture,Cabinet,Mini Creations Ltd.,5085559555,4575 Hillside Dr.,Unknown,New Bedford,MA,50553,USA,,Tam,Wing C,Medium,Tam WingC,EXPENSIVE,GOOD,1995.0,,,
10420.0,37.0,60.37,13.0,2233.69,5/29/2005,In Process,Qui_2,5.0,2005.0,Classic Cars,50.0,S24_1628,Office Supplies,Lamp,Souveniers And Things Co.,+61 2 9495 8555,"Monitor Money Building, 815 Pacific Hwy",Level 6,Chatswood,NSW,2067,Australia,APAC,Huxley,Adrian,Small,Huxley Adrian,CHEAP,GOOD,1970.0,,,
10425.0,38.0,99.41,7.0,3777.58,5/31/2005,In Process,Qui_2,5.0,2005.0,Trucks and Buses,122.0,S18_2319,Furniture,Chair,La Rochelle Gifts,40.67.8555,"67, rue des Cinquante Otages",Unknown,Nantes,,44000,France,EMEA,Labrune,Janine,Medium,Labrune Janine,EXPENSIVE,GOOD,1979.0,,,
10318.0,26.0,86.83,6.0,2257.58,11/2/2004,Shipped,Qui_4,11.0,2004.0,Motorcycles,76.0,S24_2000,Office Supplies,Pen,Diecast Classics Inc.,2155551555,7586 Pompton St.,Unknown,Allentown,PA,70267,USA,,Yu,Kyung,Small,Yu Kyung,EXPENSIVE,GOOD,1995.0,,,
10106.0,26.0,63.76,3.0,1657.76,2/17/2003,Shipped,Qui_1,2.0,2003.0,Planes,72.0,S24_4278,Office Supplies,Eraser,Rovelli Gifts,035-640555,Via Ludovico il Moro 22,Unknown,Bergamo,,24100,Italy,EMEA,Rovelli,Giovanni,Small,Rovelli Giovanni,CHEAP,GOOD,1998.0,,,
10165.0,34.0,100.0,4.0,4880.02,10/22/2003,Shipped,Qui_4,10.0,2003.0,Classic Cars,151.0,S12_3148,Furniture,Desk,"Dragon Souveniers, Ltd.",+65 221 7555,"Bronz Sok., Bronz Apt. 3/6 Tesvikiye",Unknown,Singapore,,79903,Singapore,Japan,Natividad,Eric,Medium,Natividad Eric,EXPENSIVE,GOOD,1961.0,,,
10252.0,20.0,76.39,2.0,1527.8,5/26/2004,Shipped,Qui_2,5.0,2004.0,Classic Cars,80.0,S18_3278,Furniture,Cabinet,Auto Canal Petit,(1) 47.55.6555,"25, rue Lauriston",Unknown,Paris,,75016,France,EMEA,Perrier,Dominique,Small,Perrier Dominique,EXPENSIVE,GOOD,1986.0,,,
10275.0,37.0,63.6,5.0,2353.2,7/23/2004,Shipped,Qui_3,7.0,2004.0,Motorcycles,60.0,S18_2625,Furniture,Table,La Rochelle Gifts,40.67.8555,"67, rue des Cinquante Otages",Unknown,Nantes,,44000,France,EMEA,Labrune,Janine,Small,Labrune Janine,CHEAP,GOOD,1978.0,,,
10339.0,40.0,68.92,4.0,2756.8,11/23/2004,Shipped,Qui_4,11.0,2004.0,Motorcycles,118.0,S10_2016,Furniture,Chair,"Tokyo Collectables, Ltd",+81 3 3584 0555,2-2-8 Roppongi,Unknown,Minato-ku,Tokyo,106-0032,Japan,Japan,Shimamura,Akiko,Small,Shimamura Akiko,EXPENSIVE,GOOD,1968.0,,,
10343.0,44.0,84.88,2.0,3734.72,11/24/2004,Shipped,Qui_4,11.0,2004.0,Classic Cars,141.0,S18_3685,Furniture,Bookshelf,Reims Collectables,26.47.1555,59 rue de l'Abbaye,Unknown,Reims,,51100,France,EMEA,Henriot,Paul,Medium,Henriot Paul,EXPENSIVE,GOOD,1980.0,,,
10145.0,33.0,100.0,8.0,5176.38,8/25/2003,Shipped,Qui_3,8.0,2003.0,Motorcycles,193.0,S10_4698,Furniture,Bookshelf,Toys4GrownUps.com,6265557265,78934 Hillside Dr.,Unknown,Pasadena,CA,90003,USA,,Young,Julie,Medium,Young Julie,EXPENSIVE,GOOD,1973.0,,,
10121.0,25.0,86.74,3.0,2168.5,5/7/2003,Shipped,Qui_2,5.0,2003.0,Motorcycles,102.0,S32_4485,Office Supplies,Ruler,Reims Collectables,26.47.1555,59 rue de l'Abbaye,Unknown,Reims,,51100,France,EMEA,Henriot,Paul,Small,Henriot Paul,EXPENSIVE,GOOD,1980.0,,,
10336.0,33.0,100.0,11.0,4059.33,11/20/2004,Shipped,Qui_4,11.0,2004.0,Classic Cars,151.0,S12_3148,Furniture,Desk,"La Corne D'abondance, Co.",(1) 42.34.2555,"265, boulevard Charonne",Unknown,Paris,,75012,France,EMEA,Bertrand,Marie,Medium,Bertrand Marie,EXPENSIVE,GOOD,1986.0,,,
10315.0,31.0,86.15,3.0,2670.65,10/29/2004,Shipped,Qui_4,10.0,2004.0,Ships,100.0,S700_3505,Technology,Laptop,La Rochelle Gifts,40.67.8555,"67, rue des Cinquante Otages",Unknown,Nantes,,44000,France,EMEA,Labrune,Janine,Small,Labrune Janine,EXPENSIVE,GOOD,1987.0,,,
10237.0,39.0,100.0,9.0,7023.9,4/5/2004,Shipped,Qui_2,4.0,2004.0,Motorcycles,193.0,S10_4698,Furniture,Bookshelf,Vitachrome Inc.,2125551500,2678 Kingston Rd.,Suite 101,NYC,NY,10022,USA,,Frick,Michael,Large,Frick Michael,EXPENSIVE,GOOD,1985.0,,,
10117.0,45.0,83.42,1.0,3753.9,4/16/2003,Shipped,Qui_2,4.0,2003.0,Ships,99.0,S700_3962,Technology,Smart watch,"Dragon Souveniers, Ltd.",+65 221 7555,"Bronz Sok., Bronz Apt. 3/6 Tesvikiye",Unknown,Singapore,,79903,Singapore,Japan,Natividad,Eric,Medium,Natividad Eric,EXPENSIVE,GOOD,1970.0,,,
10223.0,37.0,100.0,1.0,3965.66,2/20/2004,Shipped,Qui_1,2.0,2004.0,Motorcycles,95.0,S10_1678,Furniture,Cabinet,"Australian Collectors, Co.",03 9520 4555,636 St Kilda Road,Level 3,Melbourne,Victoria,3004,Australia,APAC,Ferguson,Peter,Medium,Ferguson Peter,EXPENSIVE,GOOD,1995.0,,,
10173.0,24.0,100.0,13.0,3508.8,11/5/2003,Shipped,Qui_4,11.0,2003.0,Vintage Cars,170.0,S18_1749,Furniture,Desk,Rovelli Gifts,035-640555,Via Ludovico il Moro 22,Unknown,Bergamo,,24100,Italy,EMEA,Rovelli,Giovanni,Medium,Rovelli Giovanni,EXPENSIVE,GOOD,1996.0,,,
10299.0,24.0,42.24,4.0,1013.76,9/30/2004,Shipped,Qui_3,9.0,2004.0,Motorcycles,40.0,S32_2206,Office Supplies,Pen,"Toys of Finland, Co.",90-224 8555,Keskuskatu 45,Unknown,Helsinki,,21240,Finland,EMEA,Karttunen,Matti,Small,Karttunen Matti,CHEAP,GOOD,1960.0,,,
10203.0,20.0,100.0,8.0,3930.4,12/2/2003,Shipped,Qui_4,12.0,2003.0,Classic Cars,194.0,S12_1099,Furniture,Bookshelf,Euro Shopping Channel,(91) 555 94 44,"C/ Moralzarzal, 86",Unknown,Madrid,,28034,Spain,EMEA,Freyre,Diego,Medium,Freyre Diego,EXPENSIVE,GOOD,1972.0,,,
10159.0,50.0,69.8,1.0,3490.0,10/10/2003,Shipped,Qui_4,10.0,2003.0,Classic Cars,61.0,S24_3371,Office Supplies,Eraser,Corporate Gift Ideas Co.,6505551386,7734 Strong St.,Unknown,San Francisco,CA,,USA,,Brown,Julie,Medium,Brown Julie,EXPENSIVE,EXCELLENT,1989.0,,,
10174.0,49.0,44.78,2.0,2194.22,11/6/2003,Shipped,Qui_4,11.0,2003.0,Vintage Cars,50.0,S18_4668,Furniture,Cabinet,"Australian Gift Network, Co",61-7-3844-6555,31 Duncan St. West End,Unknown,South Brisbane,Queensland,4101,Australia,APAC,Calaghan,Tony,Small,Calaghan Tony,CHEAP,GOOD,1964.0,,,
10322.0,33.0,100.0,12.0,3524.73,11/4/2004,Shipped,Qui_4,11.0,2004.0,Vintage Cars,101.0,S18_2949,Furniture,Desk,Online Diecast Creations Co.,6035558647,2304 Long Airport Avenue,Unknown,Nashua,NH,62005,USA,,Young,Valarie,Medium,Young Valarie,EXPENSIVE,GOOD,2000.0,,,
10140.0,32.0,100.0,10.0,4181.44,7/24/2003,Shipped,Qui_3,7.0,2003.0,Trucks and Buses,116.0,S18_1097,Furniture,Bookshelf,Technics Stores Inc.,6505556809,9408 Furth Circle,Unknown,Burlingame,CA,94217,USA,,Hirano,Juri,Medium,Hirano Juri,EXPENSIVE,GOOD,1970.0,,,
10308.0,44.0,83.32,8.0,3666.08,10/15/2004,Shipped,Qui_4,10.0,2004.0,Planes,72.0,S24_4278,Office Supplies,Eraser,Mini Classics,9145554562,3758 North Pendale Street,Unknown,White Plains,NY,24067,USA,,Frick,Steve,Medium,Frick Steve,EXPENSIVE,GOOD,1991.0,,,
10112.0,29.0,100.0,1.0,7209.11,3/24/2003,Shipped,Qui_1,3.0,2003.0,Classic Cars,214.0,S10_1949,Furniture,Desk,"Volvo Model Replicas, Co",0921-12 3555,Berguvsv„gen  8,Unknown,Lule,,S-958 22,Sweden,EMEA,Berglund,Christina,Large,Berglund Christina,EXPENSIVE,GOOD,1995.0,,,
10168.0,31.0,100.0,16.0,3431.39,10/28/2003,Shipped,Qui_4,10.0,2003.0,Planes,99.0,S700_2466,Technology,Smart watch,Technics Stores Inc.,6505556809,9408 Furth Circle,Unknown,Burlingame,CA,94217,USA,,Hirano,Juri,Medium,Hirano Juri,EXPENSIVE,GOOD,1969.0,,,
